rank,company,posting_records,share_of_records,cumulative_share
1,Nokia,176,0.018049430827607425,0.018049430827607425
2,RTX,157,0.016100912726899806,0.03415034355450723
3,The Walt Disney Company,138,0.014152394626192185,0.04830273818069942
4,TikTok,133,0.013639626704953339,0.06194236488565275
5,Microsoft,119,0.012203876525484566,0.07414624141113732
6,Bank of Montreal,91,0.00933237616654702,0.08347861757768434
7,General Dynamics Mission Systems,79,0.008101733155573788,0.09158035073325813
8,Cadence Design Systems,77,0.007896625987078248,0.09947697672033638
9,T-Mobile,73,0.007486411650087171,0.10696338837042355
10,Genentech,70,0.007178750897343862,0.11414213926776741
11,Robert Bosch Venture Capital,69,0.007076197313096093,0.1212183365808635
12,Leidos,67,0.006871090144600554,0.12808942672546406
13,Intel,61,0.006255768639113937,0.13434519536457798
14,Altom Transport,60,0.006153215054866167,0.14049841041944416
15,Royal Bank of Canada,58,0.005948107886370629,0.1464465183058148
16,Applied Materials,57,0.005845554302122859,0.15229207260793765
17,Western Digital,56,0.00574300071787509,0.15803507332581274
18,Tencent,56,0.00574300071787509,0.16377807404368783
19,CAE,52,0.005332786380884012,0.16911086042457185
20,GE Vernova,51,0.005230232796636243,0.17434109322120808
21,Autodesk,48,0.0049225720438929345,0.179263665265101
22,Motorola,47,0.0048200184596451645,0.18408368372474618
23,General Motors,47,0.0048200184596451645,0.18890370218439134
24,Johnson & Johnson,47,0.0048200184596451645,0.1937237206440365
25,KLA,46,0.004717464875397395,0.1984411855194339
26,Meta,45,0.004614911291149625,0.20305609681058354
27,CACI,44,0.004512357706901856,0.20756845451748537
28,Veolia,43,0.004409804122654086,0.21197825864013947
29,TD Bank,42,0.004307250538406317,0.2162855091785458
30,Kaiser Permanente,41,0.004204696954158548,0.22049020613270434
31,CIBC,41,0.004204696954158548,0.22469490308686288
32,ByteDance,40,0.004102143369910778,0.22879704645677365
33,Moog,39,0.003999589785663009,0.23279663624243668
34,Northrop Grumman,37,0.00379448261716747,0.23659111885960415
35,Magna,37,0.00379448261716747,0.24038560147677163
36,Paccar,36,0.0036919290329197004,0.2440775305096913
37,Fiserv,35,0.003589375448671931,0.24766690595836324
38,Coherent,35,0.003589375448671931,0.25125628140703515
39,Ciena,34,0.0034868218644241618,0.2547431032714593
40,Uber,33,0.0033842682801763922,0.25812737155163573
41,Micron Technology,32,0.0032817146959286227,0.26140908624756437
42,Samsung,32,0.0032817146959286227,0.26469080094349295
43,Samsung Research America,31,0.003179161111680853,0.2678699620551738
44,NVIDIA,31,0.003179161111680853,0.2710491231668547
45,KION Group,30,0.0030766075274330836,0.27412573069428775
46,Geotab,29,0.0029740539431853145,0.2770997846374731
47,Amentum,29,0.0029740539431853145,0.2800738385806584
48,Hewlett Packard (HP),29,0.0029740539431853145,0.2830478925238437
49,State Street,28,0.002871500358937545,0.28591939288278123
50,KBR,28,0.002871500358937545,0.2887908932417188
51,Trane Technologies,28,0.002871500358937545,0.2916623936006563
52,General Dynamics Information Technology,28,0.002871500358937545,0.2945338939595939
53,Tesla,27,0.0027689467746897754,0.29730284073428365
54,Roku,27,0.0027689467746897754,0.30007178750897345
55,Sandisk,27,0.0027689467746897754,0.3028407342836632
56,S&P Global,27,0.0027689467746897754,0.305609681058353
57,Hitachi,26,0.002666393190442006,0.308276074248795
58,GE Healthcare,26,0.002666393190442006,0.310942467439237
59,BMO,25,0.0025638396061942363,0.31350630704543125
60,Oracle,25,0.0025638396061942363,0.31607014665162547
61,Westinghouse Electric Company,25,0.0025638396061942363,0.3186339862578197
62,PG&E,25,0.0025638396061942363,0.32119782586401396
63,Intuitive Surgical,24,0.0024612860219464672,0.3236591118859604
64,Microchip Technology,24,0.0024612860219464672,0.32612039790790687
65,Cisco,23,0.0023587324376986977,0.32847913034560555
66,Jabil,23,0.0023587324376986977,0.3308378627833043
67,X Development,23,0.0023587324376986977,0.333196595221003
68,ASML,22,0.002256178853450928,0.3354527740744539
69,Rolls Royce,22,0.002256178853450928,0.3377089529279048
70,HARMAN International,22,0.002256178853450928,0.33996513178135573
71,Amazon,21,0.0021536252692031586,0.34211875705055894
72,Sigma Computing,21,0.0021536252692031586,0.3442723823197621
73,Altera Corporation,21,0.0021536252692031586,0.34642600758896525
74,Copart,21,0.0021536252692031586,0.3485796328581684
75,EXL,21,0.0021536252692031586,0.35073325812737155
76,Avnet,21,0.0021536252692031586,0.3528868833965747
77,Centific,21,0.0021536252692031586,0.35504050866577785
78,Al Warren Oil Company,20,0.002051071684955389,0.35709158035073324
79,Parsons,20,0.002051071684955389,0.3591426520356886
80,Roche,20,0.002051071684955389,0.361193723720644
81,ABB,20,0.002051071684955389,0.36324479540559945
82,Bose,20,0.002051071684955389,0.36529586709055484
83,Commonwealth of Massachusetts,20,0.002051071684955389,0.3673469387755102
84,PlusAI,20,0.002051071684955389,0.3693980104604656
85,Visa,19,0.0019485181007076198,0.37134652856117323
86,Zoox,19,0.0019485181007076198,0.37329504666188085
87,Draper,19,0.0019485181007076198,0.37524356476258847
88,Manulife Financial,19,0.0019485181007076198,0.3771920828632961
89,Ripple,19,0.0019485181007076198,0.3791406009640037
90,Lumentum,19,0.0019485181007076198,0.3810891190647113
91,The Boeing Company,19,0.0019485181007076198,0.38303763716541894
92,Cotiviti,19,0.0019485181007076198,0.38498615526612656
93,Lawrence Livermore National Laboratory (LLNL),19,0.0019485181007076198,0.3869346733668342
94,Netflix,18,0.0018459645164598502,0.38878063788329403
95,Cloudflare,18,0.0018459645164598502,0.3906266023997539
96,BorgWarner,18,0.0018459645164598502,0.39247256691621374
97,Marvell,18,0.0018459645164598502,0.3943185314326736
98,Schweitzer Engineering Laboratories,18,0.0018459645164598502,0.39616449594913344
99,HNTB,18,0.0018459645164598502,0.3980104604655933
100,Proofpoint,18,0.0018459645164598502,0.39985642498205315
101,Resmed,18,0.0018459645164598502,0.40170238949851295
102,AAA Club Alliance,18,0.0018459645164598502,0.4035483540149728
103,Dover,18,0.0018459645164598502,0.40539431853143265
104,Carnegie Mellon University,17,0.0017434109322120809,0.40713772946364474
105,NXP Semiconductors,17,0.0017434109322120809,0.4088811403958568
106,AbbVie,17,0.0017434109322120809,0.4106245513280689
107,Teledyne,17,0.0017434109322120809,0.412367962260281
108,HERE Technologies,17,0.0017434109322120809,0.4141113731924931
109,Adobe,16,0.0016408573479643114,0.4157522305404574
110,Johnson Controls,16,0.0016408573479643114,0.4173930878884217
111,Rivian,16,0.0016408573479643114,0.419033945236386
112,CCC Intelligent Solutions,16,0.0016408573479643114,0.4206748025843503
113,Salesforce,16,0.0016408573479643114,0.4223156599323146
114,Philips,15,0.0015383037637165418,0.4238539636960312
115,Corsair,15,0.0015383037637165418,0.42539226745974773
116,The Coca-Cola Company,15,0.0015383037637165418,0.4269305712234643
117,Emerson Electric,15,0.0015383037637165418,0.4284688749871808
118,Pennsylvania State University,15,0.0015383037637165418,0.43000717875089733
119,Intelcom | Dragonfly,15,0.0015383037637165418,0.4315454825146139
120,AstraZeneca,14,0.0014357501794687725,0.4329812326940827
121,Waters Corporation,14,0.0014357501794687725,0.4344169828735514
122,Electronic Arts,14,0.0014357501794687725,0.4358527330530202
123,Paramount Global,14,0.0014357501794687725,0.437288483232489
124,ASSA ABLOY,14,0.0014357501794687725,0.43872423341195776
125,onsemi,14,0.0014357501794687725,0.4401599835914265
126,Fidelity Investments,14,0.0014357501794687725,0.4415957337708953
127,W.R. Berkley,14,0.0014357501794687725,0.44303148395036407
128,Alo Yoga,14,0.0014357501794687725,0.44446723412983286
129,EquipmentShare,14,0.0014357501794687725,0.4459029843093016
130,Apple,14,0.0014357501794687725,0.4473387344887704
131,The Federal Reserve System,13,0.001333196595221003,0.4486719310839914
132,AECOM,13,0.001333196595221003,0.4500051276792124
133,Keysight Technologies,13,0.001333196595221003,0.4513383242744334
134,Generac,13,0.001333196595221003,0.4526715208696544
135,Red Bull,13,0.001333196595221003,0.4540047174648754
136,Rockwell Automation,13,0.001333196595221003,0.4553379140600964
137,Toyota Research Institute,12,0.0012306430109732336,0.45656855707106964
138,Okta,12,0.0012306430109732336,0.4577992000820429
139,Lucid Motors,12,0.0012306430109732336,0.4590298430930161
140,AeroVironment,12,0.0012306430109732336,0.46026048610398934
141,Howmet Aerospace,12,0.0012306430109732336,0.4614911291149626
142,Vertex Pharmaceuticals,12,0.0012306430109732336,0.4627217721259358
143,Genmab,12,0.0012306430109732336,0.46395241513690905
144,Hearst,12,0.0012306430109732336,0.46518305814788224
145,Snowflake,12,0.0012306430109732336,0.4664137011588555
146,Marmon Holdings,12,0.0012306430109732336,0.46764434416982875
147,Warner Bros.,12,0.0012306430109732336,0.46887498718080195
148,National Renewable Energy Laboratory,12,0.0012306430109732336,0.4701056301917752
149,Assurant,12,0.0012306430109732336,0.47133627320274846
150,BP,12,0.0012306430109732336,0.47256691621372166
151,SRI International,12,0.0012306430109732336,0.4737975592246949
152,Bio-Techne,12,0.0012306430109732336,0.47502820223566816
153,Zoom,12,0.0012306430109732336,0.47625884524664136
154,Aptiv,12,0.0012306430109732336,0.4774894882576146
155,Tenstorrent,12,0.0012306430109732336,0.4787201312685878
156,First American,12,0.0012306430109732336,0.47995077427956107
157,Tatari,12,0.0012306430109732336,0.4811814172905343
158,Skydio,12,0.0012306430109732336,0.4824120603015075
159,Becton Dickinson,12,0.0012306430109732336,0.48364270331248077
160,RR Donnelley,11,0.001128089426725464,0.48477079273920626
161,Etched.ai,11,0.001128089426725464,0.4858988821659317
162,Velera,11,0.001128089426725464,0.4870269715926572
163,Jones Lang LaSalle (JLL),11,0.001128089426725464,0.4881550610193826
164,ICF International,11,0.001128089426725464,0.4892831504461081
165,Allstate Insurance Company,11,0.001128089426725464,0.4904112398728336
166,Spotify,11,0.001128089426725464,0.491539329299559
167,Interdigital,11,0.001128089426725464,0.4926674187262845
168,L3Harris Technologies,11,0.001128089426725464,0.49379550815300993
169,Analog Devices,11,0.001128089426725464,0.4949235975797354
170,Bio-Rad Laboratories,11,0.001128089426725464,0.49605168700646085
171,Ingram Micro,11,0.001128089426725464,0.49717977643318634
172,Baxter International,11,0.001128089426725464,0.4983078658599118
173,Revvity,11,0.001128089426725464,0.49943595528663726
174,Onto Innovation,11,0.001128089426725464,0.5005640447133627
175,Actian,11,0.001128089426725464,0.5016921341400882
176,WSP,10,0.0010255358424776945,0.5027176699825658
177,Intuit,10,0.0010255358424776945,0.5037432058250436
178,CME Group,10,0.0010255358424776945,0.5047687416675213
179,Public Service Enterprise Group,10,0.0010255358424776945,0.505794277509999
180,GlobalFoundries,10,0.0010255358424776945,0.5068198133524767
181,Fresenius Medical Care,10,0.0010255358424776945,0.5078453491949544
182,Intapp,10,0.0010255358424776945,0.508870885037432
183,Rocket Mortgage,10,0.0010255358424776945,0.5098964208799097
184,Zipline,10,0.0010255358424776945,0.5109219567223875
185,Astranis,10,0.0010255358424776945,0.5119474925648652
186,Intact,10,0.0010255358424776945,0.5129730284073428
187,Bloom Energy,10,0.0010255358424776945,0.5139985642498205
188,Comcast,10,0.0010255358424776945,0.5150241000922983
189,SoFi,10,0.0010255358424776945,0.5160496359347759
190,Stantec,10,0.0010255358424776945,0.5170751717772536
191,Thales,10,0.0010255358424776945,0.5181007076197313
192,d-Matrix,10,0.0010255358424776945,0.519126243462209
193,Calix,10,0.0010255358424776945,0.5201517793046867
194,SAS,10,0.0010255358424776945,0.5211773151471644
195,1Password,10,0.0010255358424776945,0.5222028509896421
196,Guidewire,10,0.0010255358424776945,0.5232283868321198
197,Werfen,10,0.0010255358424776945,0.5242539226745975
198,Sony,10,0.0010255358424776945,0.5252794585170751
199,Gen,10,0.0010255358424776945,0.5263049943595529
200,Delta Dental,10,0.0010255358424776945,0.5273305302020306
201,Viavi Solutions,10,0.0010255358424776945,0.5283560660445082
202,Harris Computer,10,0.0010255358424776945,0.5293816018869859
203,Mentis AI,10,0.0010255358424776945,0.5304071377294637
204,BeOne,10,0.0010255358424776945,0.5314326735719413
205,CWAN,10,0.0010255358424776945,0.532458209414419
206,Nutanix,10,0.0010255358424776945,0.5334837452568967
207,Ensono,10,0.0010255358424776945,0.5345092810993745
208,Planet,10,0.0010255358424776945,0.5355348169418521
209,Canon,10,0.0010255358424776945,0.5365603527843298
210,Synchrony Financial,10,0.0010255358424776945,0.5375858886268076
211,Formlabs,9,0.0009229822582299251,0.5385088708850374
212,Hologic,9,0.0009229822582299251,0.5394318531432674
213,Dexcom,9,0.0009229822582299251,0.5403548354014973
214,Chubb,9,0.0009229822582299251,0.5412778176597272
215,CommScope,9,0.0009229822582299251,0.5422007999179571
216,Nasdaq,9,0.0009229822582299251,0.5431237821761871
217,Entegris,9,0.0009229822582299251,0.544046764434417
218,General Dynamics UK,9,0.0009229822582299251,0.5449697466926469
219,LMI,9,0.0009229822582299251,0.5458927289508768
220,Sun Life,9,0.0009229822582299251,0.5468157112091068
221,Expedia Group,9,0.0009229822582299251,0.5477386934673367
222,Menasha Corporation,9,0.0009229822582299251,0.5486616757255666
223,ASM Global,9,0.0009229822582299251,0.5495846579837965
224,The Home Depot,9,0.0009229822582299251,0.5505076402420265
225,Savannah River National Laboratory,9,0.0009229822582299251,0.5514306225002564
226,Voyager Technologies,9,0.0009229822582299251,0.5523536047584863
227,Ensora Health,9,0.0009229822582299251,0.5532765870167162
228,Primetals Technologies,9,0.0009229822582299251,0.5541995692749462
229,F5,9,0.0009229822582299251,0.5551225515331761
230,Eurofins,9,0.0009229822582299251,0.556045533791406
231,OCLC,9,0.0009229822582299251,0.5569685160496359
232,Live Nation Entertainment,9,0.0009229822582299251,0.5578914983078659
233,The Campbell's Company,9,0.0009229822582299251,0.5588144805660958
234,Snap,8,0.0008204286739821557,0.559634909240078
235,Capital One,8,0.0008204286739821557,0.5604553379140601
236,Uline,8,0.0008204286739821557,0.5612757665880422
237,Kinaxis,8,0.0008204286739821557,0.5620961952620244
238,Flagship Pioneering,8,0.0008204286739821557,0.5629166239360066
239,Rheem,8,0.0008204286739821557,0.5637370526099887
240,KLA Corporation,8,0.0008204286739821557,0.5645574812839709
241,Insulet Corporation,8,0.0008204286739821557,0.565377909957953
242,Cambridge Associates,8,0.0008204286739821557,0.5661983386319351
243,Elevance Health,8,0.0008204286739821557,0.5670187673059174
244,Gannet Fleming,8,0.0008204286739821557,0.5678391959798995
245,Flextronics International,8,0.0008204286739821557,0.5686596246538816
246,Vanderlande Industries,8,0.0008204286739821557,0.5694800533278638
247,Jain Global,8,0.0008204286739821557,0.5703004820018459
248,Itron,8,0.0008204286739821557,0.5711209106758282
249,SWBC,8,0.0008204286739821557,0.5719413393498103
250,Elsevier,8,0.0008204286739821557,0.5727617680237924
251,Scout Motors,8,0.0008204286739821557,0.5735821966977745
252,Precisely,8,0.0008204286739821557,0.5744026253717568
253,Palantir,8,0.0008204286739821557,0.5752230540457389
254,Premera Blue Cross,8,0.0008204286739821557,0.5760434827197211
255,ABC Fitness,8,0.0008204286739821557,0.5768639113937032
256,Eulerity,8,0.0008204286739821557,0.5776843400676853
257,GM financial,7,0.0007178750897343862,0.5784022151574197
258,Washpost,7,0.0007178750897343862,0.5791200902471542
259,Camping World,7,0.0007178750897343862,0.5798379653368885
260,Evolve Technology,7,0.0007178750897343862,0.5805558404266229
261,Vistra,7,0.0007178750897343862,0.5812737155163573
262,LabCorp,7,0.0007178750897343862,0.5819915906060917
263,Sony Pictures Entertainment,7,0.0007178750897343862,0.582709465695826
264,Realtor.com,7,0.0007178750897343862,0.5834273407855605
265,FactSet,7,0.0007178750897343862,0.5841452158752949
266,Premier,7,0.0007178750897343862,0.5848630909650292
267,Empower,7,0.0007178750897343862,0.5855809660547636
268,McKesson,7,0.0007178750897343862,0.586298841144498
269,Experian,7,0.0007178750897343862,0.5870167162342323
270,DotDash Meredith,7,0.0007178750897343862,0.5877345913239668
271,Together AI,7,0.0007178750897343862,0.5884524664137012
272,Definity Financial,7,0.0007178750897343862,0.5891703415034355
273,Commvault,7,0.0007178750897343862,0.5898882165931699
274,Verkada,7,0.0007178750897343862,0.5906060916829043
275,SK hynix,7,0.0007178750897343862,0.5913239667726387
276,Caterpillar Inc.,7,0.0007178750897343862,0.5920418418623731
277,Crowdstrike,7,0.0007178750897343862,0.5927597169521075
278,Waymo,7,0.0007178750897343862,0.5934775920418419
279,Eversource Energy,7,0.0007178750897343862,0.5941954671315762
280,Thermo Fisher Scientific,7,0.0007178750897343862,0.5949133422213106
281,Merck,7,0.0007178750897343862,0.5956312173110451
282,Trimble,7,0.0007178750897343862,0.5963490924007794
283,Nidec,7,0.0007178750897343862,0.5970669674905138
284,CFD Research Corporation,7,0.0007178750897343862,0.5977848425802482
285,City of Austin,7,0.0007178750897343862,0.5985027176699825
286,Healthfirst,7,0.0007178750897343862,0.599220592759717
287,Seaspan,7,0.0007178750897343862,0.5999384678494514
288,Prolaio,7,0.0007178750897343862,0.6006563429391857
289,Boston Dynamics,7,0.0007178750897343862,0.6013742180289201
290,Moderna,7,0.0007178750897343862,0.6020920931186545
291,Vertiv,7,0.0007178750897343862,0.6028099682083888
292,Robert Half,7,0.0007178750897343862,0.6035278432981233
293,Gelber Group,7,0.0007178750897343862,0.6042457183878577
294,Fresenius Kabi,7,0.0007178750897343862,0.604963593477592
295,Transcarent,7,0.0007178750897343862,0.6056814685673264
296,Inogen,7,0.0007178750897343862,0.6063993436570608
297,SS&C,7,0.0007178750897343862,0.6071172187467953
298,Cambridge Mobile Telematics,7,0.0007178750897343862,0.6078350938365296
299,Curtiss-Wright Corporation,7,0.0007178750897343862,0.608552968926264
300,Leonardo,7,0.0007178750897343862,0.6092708440159984
301,Zayo,7,0.0007178750897343862,0.6099887191057327
302,Nightwing Intelligence Solutions,7,0.0007178750897343862,0.6107065941954671
303,Environmental Defense Fund,7,0.0007178750897343862,0.6114244692852016
304,DXC Technology,7,0.0007178750897343862,0.6121423443749359
305,Fortive,7,0.0007178750897343862,0.6128602194646703
306,AT&T,6,0.0006153215054866168,0.6134755409701569
307,JP Morgan Chase,6,0.0006153215054866168,0.6140908624756435
308,Takeda,6,0.0006153215054866168,0.6147061839811302
309,AccuWeather,6,0.0006153215054866168,0.6153215054866168
310,Cummins,6,0.0006153215054866168,0.6159368269921034
311,Port Authority NY NJ,6,0.0006153215054866168,0.61655214849759
312,Seagate Technology,6,0.0006153215054866168,0.6171674700030766
313,Airbnb,6,0.0006153215054866168,0.6177827915085632
314,Zoetis,6,0.0006153215054866168,0.6183981130140498
315,Dropbox,6,0.0006153215054866168,0.6190134345195365
316,Berkshire Hathaway Energy,6,0.0006153215054866168,0.6196287560250231
317,The Aerospace Corporation,6,0.0006153215054866168,0.6202440775305097
318,Xometry,6,0.0006153215054866168,0.6208593990359963
319,VSP Vision,6,0.0006153215054866168,0.6214747205414829
320,Metropolitan Transportation Authority,6,0.0006153215054866168,0.6220900420469695
321,Plug Power,6,0.0006153215054866168,0.6227053635524562
322,DC Water,6,0.0006153215054866168,0.6233206850579428
323,CSAA Insurance Group,6,0.0006153215054866168,0.6239360065634294
324,Peraton,6,0.0006153215054866168,0.624551328068916
325,Mastercard,6,0.0006153215054866168,0.6251666495744026
326,Astera Labs,6,0.0006153215054866168,0.6257819710798892
327,UiPath,6,0.0006153215054866168,0.6263972925853759
328,Biogen,6,0.0006153215054866168,0.6270126140908625
329,Booz Allen,6,0.0006153215054866168,0.6276279355963491
330,Rubrik,6,0.0006153215054866168,0.6282432571018357
331,Arcadis,6,0.0006153215054866168,0.6288585786073223
332,Western Alliance,6,0.0006153215054866168,0.6294739001128089
333,EverCommerce,6,0.0006153215054866168,0.6300892216182956
334,Dell Technologies,6,0.0006153215054866168,0.6307045431237822
335,Citizens Financial Group,6,0.0006153215054866168,0.6313198646292688
336,Field AI,6,0.0006153215054866168,0.6319351861347554
337,LPL Financial Holdings,6,0.0006153215054866168,0.632550507640242
338,Harbinger Motors,6,0.0006153215054866168,0.6331658291457286
339,G-Research,6,0.0006153215054866168,0.6337811506512152
340,Apptronik,6,0.0006153215054866168,0.6343964721567019
341,Globus Medical,6,0.0006153215054866168,0.6350117936621885
342,IXL Learning,6,0.0006153215054866168,0.6356271151676751
343,Valeo,6,0.0006153215054866168,0.6362424366731617
344,EBSCO,6,0.0006153215054866168,0.6368577581786483
345,Impinj,6,0.0006153215054866168,0.6374730796841349
346,Ensemble Health Partners,6,0.0006153215054866168,0.6380884011896216
347,Applied Intuition,6,0.0006153215054866168,0.6387037226951082
348,Interac,6,0.0006153215054866168,0.6393190442005948
349,Cleveland Clinic,6,0.0006153215054866168,0.6399343657060814
350,Vantage Data Centers,6,0.0006153215054866168,0.640549687211568
351,Intermountain Healthcare,6,0.0006153215054866168,0.6411650087170546
352,Critical Mass,6,0.0006153215054866168,0.6417803302225413
353,Kensington,6,0.0006153215054866168,0.6423956517280279
354,Continental,6,0.0006153215054866168,0.6430109732335145
355,Geisinger,6,0.0006153215054866168,0.6436262947390011
356,Cypress Creek Renewables,6,0.0006153215054866168,0.6442416162444877
357,Monolithic Power Systems,6,0.0006153215054866168,0.6448569377499743
358,Cambium Learning Group,6,0.0006153215054866168,0.645472259255461
359,Rolls-Royce Motorcars,6,0.0006153215054866168,0.6460875807609476
360,Legal & General,6,0.0006153215054866168,0.6467029022664342
361,Nasuni,6,0.0006153215054866168,0.6473182237719208
362,Fortinet,6,0.0006153215054866168,0.6479335452774074
363,Ryder System,6,0.0006153215054866168,0.648548866782894
364,University System of New Hampshire,6,0.0006153215054866168,0.6491641882883806
365,SanMar,6,0.0006153215054866168,0.6497795097938673
366,MSX International,6,0.0006153215054866168,0.6503948312993539
367,Mercedes-Benz,6,0.0006153215054866168,0.6510101528048405
368,DNV,6,0.0006153215054866168,0.6516254743103271
369,Susquehanna International Group (SIG),6,0.0006153215054866168,0.6522407958158137
370,Quadric,6,0.0006153215054866168,0.6528561173213003
371,Lila Sciences,6,0.0006153215054866168,0.653471438826787
372,LiveRamp,6,0.0006153215054866168,0.6540867603322736
373,Meshy,6,0.0006153215054866168,0.6547020818377602
374,Howard University,6,0.0006153215054866168,0.6553174033432468
375,Block,5,0.0005127679212388473,0.6558301712644857
376,Tokyo Electron,5,0.0005127679212388473,0.6563429391857245
377,Axiom Space,5,0.0005127679212388473,0.6568557071069634
378,Sanofi,5,0.0005127679212388473,0.6573684750282023
379,Axos Bank,5,0.0005127679212388473,0.6578812429494411
380,Hewlett Packard Enterprise,5,0.0005127679212388473,0.65839401087068
381,CVS Health,5,0.0005127679212388473,0.6589067787919187
382,Semtech,5,0.0005127679212388473,0.6594195467131576
383,LinkedIn,5,0.0005127679212388473,0.6599323146343965
384,AVEVA,5,0.0005127679212388473,0.6604450825556353
385,Motional,5,0.0005127679212388473,0.6609578504768742
386,Neurocrine Biosciences,5,0.0005127679212388473,0.661470618398113
387,Archer,5,0.0005127679212388473,0.6619833863193518
388,Ribbon,5,0.0005127679212388473,0.6624961542405907
389,Southwest Airlines,5,0.0005127679212388473,0.6630089221618296
390,Visier Solutions,5,0.0005127679212388473,0.6635216900830684
391,True Anomaly,5,0.0005127679212388473,0.6640344580043073
392,Sherwin-Williams,5,0.0005127679212388473,0.664547225925546
393,Rocket Companies,5,0.0005127679212388473,0.6650599938467849
394,Cox,5,0.0005127679212388473,0.6655727617680238
395,DiDi Global,5,0.0005127679212388473,0.6660855296892626
396,AssetMark,5,0.0005127679212388473,0.6665982976105015
397,Stanley Black & Decker,5,0.0005127679212388473,0.6671110655317404
398,Analytic Partners,5,0.0005127679212388473,0.6676238334529792
399,Farmers Insurance,5,0.0005127679212388473,0.668136601374218
400,Relativity,5,0.0005127679212388473,0.6686493692954569
401,PricewaterhouseCoopers (PwC),5,0.0005127679212388473,0.6691621372166957
402,Oura,5,0.0005127679212388473,0.6696749051379346
403,ZOLL Medical Corporation,5,0.0005127679212388473,0.6701876730591734
404,Honeywell,5,0.0005127679212388473,0.6707004409804123
405,Zebra Technologies,5,0.0005127679212388473,0.6712132089016511
406,Wex,5,0.0005127679212388473,0.6717259768228899
407,Thomson Reuters,5,0.0005127679212388473,0.6722387447441288
408,Nelnet,5,0.0005127679212388473,0.6727515126653677
409,Sharp Electronics,5,0.0005127679212388473,0.6732642805866065
410,Yes Energy,5,0.0005127679212388473,0.6737770485078454
411,Tempus,5,0.0005127679212388473,0.6742898164290841
412,Equifax,5,0.0005127679212388473,0.674802584350323
413,CareBridge,5,0.0005127679212388473,0.6753153522715619
414,Gordon Food Service,5,0.0005127679212388473,0.6758281201928007
415,Strategic Education,5,0.0005127679212388473,0.6763408881140396
416,Varex Imaging Corporation,5,0.0005127679212388473,0.6768536560352785
417,Cresta,5,0.0005127679212388473,0.6773664239565172
418,AspenTech,5,0.0005127679212388473,0.6778791918777561
419,Analytical Mechanics Associates,5,0.0005127679212388473,0.678391959798995
420,Iron Mountain,5,0.0005127679212388473,0.6789047277202338
421,Brunswick,5,0.0005127679212388473,0.6794174956414727
422,Fanatics,5,0.0005127679212388473,0.6799302635627115
423,Abacus Insights,5,0.0005127679212388473,0.6804430314839504
424,Edwards Lifesciences,5,0.0005127679212388473,0.6809557994051892
425,Cisive,5,0.0005127679212388473,0.681468567326428
426,Stewart,5,0.0005127679212388473,0.6819813352476669
427,Eikon Therapeutics,5,0.0005127679212388473,0.6824941031689058
428,Protiviti,5,0.0005127679212388473,0.6830068710901446
429,RELX,5,0.0005127679212388473,0.6835196390113835
430,Northwestern Mutual,5,0.0005127679212388473,0.6840324069326223
431,Advanced Energy,5,0.0005127679212388473,0.6845451748538611
432,ZoomInfo,5,0.0005127679212388473,0.6850579427751
433,Ambarella,5,0.0005127679212388473,0.6855707106963388
434,Kioxia,5,0.0005127679212388473,0.6860834786175777
435,Terran Orbital,5,0.0005127679212388473,0.6865962465388166
436,Magna International,5,0.0005127679212388473,0.6871090144600553
437,Progyny,5,0.0005127679212388473,0.6876217823812942
438,Accuray,5,0.0005127679212388473,0.6881345503025331
439,Snyk,5,0.0005127679212388473,0.6886473182237719
440,United Parcel Service (UPS),5,0.0005127679212388473,0.6891600861450108
441,Torch Technologies,5,0.0005127679212388473,0.6896728540662496
442,Blue Cross Blue Shield,5,0.0005127679212388473,0.6901856219874885
443,PsiQuantum,5,0.0005127679212388473,0.6906983899087273
444,Wabtec,5,0.0005127679212388473,0.6912111578299661
445,City of Baltimore,5,0.0005127679212388473,0.691723925751205
446,Hootsuite,5,0.0005127679212388473,0.6922366936724439
447,Octopus Energy,5,0.0005127679212388473,0.6927494615936827
448,BillionToOne,5,0.0005127679212388473,0.6932622295149216
449,TDS,5,0.0005127679212388473,0.6937749974361604
450,Sparksoft,5,0.0005127679212388473,0.6942877653573992
451,Tyson Foods,5,0.0005127679212388473,0.6948005332786381
452,Pebl,5,0.0005127679212388473,0.6953133011998769
453,Carrier Global,4,0.00041021433699107784,0.6957235155368681
454,Santander,4,0.00041021433699107784,0.6961337298738591
455,ServiceNow,4,0.00041021433699107784,0.6965439442108502
456,Zscaler,4,0.00041021433699107784,0.6969541585478413
457,Shield AI,4,0.00041021433699107784,0.6973643728848323
458,Sony Interactive Entertainment,4,0.00041021433699107784,0.6977745872218234
459,Tanium,4,0.00041021433699107784,0.6981848015588145
460,KEEN Footwear,4,0.00041021433699107784,0.6985950158958055
461,Bandwidth,4,0.00041021433699107784,0.6990052302327966
462,The Toro Company,4,0.00041021433699107784,0.6994154445697877
463,Atlassian,4,0.00041021433699107784,0.6998256589067788
464,Global Partners,4,0.00041021433699107784,0.7002358732437699
465,Great American Insurance Company,4,0.00041021433699107784,0.700646087580761
466,iHeartMedia,4,0.00041021433699107784,0.701056301917752
467,Sarasota County,4,0.00041021433699107784,0.7014665162547431
468,CoStar Group,4,0.00041021433699107784,0.7018767305917342
469,Red Hat,4,0.00041021433699107784,0.7022869449287252
470,Medtronic,4,0.00041021433699107784,0.7026971592657163
471,BDO Canada,4,0.00041021433699107784,0.7031073736027074
472,Veeam Software,4,0.00041021433699107784,0.7035175879396985
473,NBCUniversal,4,0.00041021433699107784,0.7039278022766896
474,Investment Management Corporation of Ontario,4,0.00041021433699107784,0.7043380166136807
475,Snorkel AI,4,0.00041021433699107784,0.7047482309506717
476,Peter Millar,4,0.00041021433699107784,0.7051584452876628
477,JMP Statistical Discovery,4,0.00041021433699107784,0.7055686596246539
478,Exiger,4,0.00041021433699107784,0.7059788739616449
479,LexisNexis Risk Solutions,4,0.00041021433699107784,0.706389088298636
480,Veeva Systems,4,0.00041021433699107784,0.7067993026356271
481,Amcor,4,0.00041021433699107784,0.7072095169726182
482,Prudential Financial,4,0.00041021433699107784,0.7076197313096093
483,SailPoint,4,0.00041021433699107784,0.7080299456466004
484,RSM,4,0.00041021433699107784,0.7084401599835914
485,Blue Origin,4,0.00041021433699107784,0.7088503743205825
486,Alcon,4,0.00041021433699107784,0.7092605886575736
487,PennState University,4,0.00041021433699107784,0.7096708029945646
488,SharkNinja,4,0.00041021433699107784,0.7100810173315557
489,Dark Wolf Solutions,4,0.00041021433699107784,0.7104912316685468
490,Copeland,4,0.00041021433699107784,0.7109014460055378
491,Graphcore,4,0.00041021433699107784,0.711311660342529
492,Dordt University,4,0.00041021433699107784,0.7117218746795201
493,GoodRx,4,0.00041021433699107784,0.7121320890165111
494,Accenture,4,0.00041021433699107784,0.7125423033535022
495,DraftKings,4,0.00041021433699107784,0.7129525176904933
496,Nestle,4,0.00041021433699107784,0.7133627320274843
497,Aristocrat Leisure,4,0.00041021433699107784,0.7137729463644754
498,EQ Bank,4,0.00041021433699107784,0.7141831607014665
499,Nissan Global,4,0.00041021433699107784,0.7145933750384575
500,Anduril,4,0.00041021433699107784,0.7150035893754487
501,Maersk,4,0.00041021433699107784,0.7154138037124398
502,Greenheck Group,4,0.00041021433699107784,0.7158240180494309
503,Regal Rexnord,4,0.00041021433699107784,0.7162342323864219
504,AtkinsRéalis,4,0.00041021433699107784,0.716644446723413
505,Breeze Airways,4,0.00041021433699107784,0.717054661060404
506,XPO,4,0.00041021433699107784,0.7174648753973951
507,Blue Cross and Blue Shield of Minnesota,4,0.00041021433699107784,0.7178750897343862
508,The Trade Desk,4,0.00041021433699107784,0.7182853040713773
509,AutoNation,4,0.00041021433699107784,0.7186955184083684
510,T. Rowe Price,4,0.00041021433699107784,0.7191057327453595
511,Protech Automotive Solutions,4,0.00041021433699107784,0.7195159470823506
512,ConnectPrep,4,0.00041021433699107784,0.7199261614193416
513,BJ's Wholesale Club,4,0.00041021433699107784,0.7203363757563327
514,Clorox,4,0.00041021433699107784,0.7207465900933238
515,Vanguard,4,0.00041021433699107784,0.7211568044303148
516,Intrinsic,4,0.00041021433699107784,0.7215670187673059
517,Ameresco,4,0.00041021433699107784,0.721977233104297
518,CoorsTek,4,0.00041021433699107784,0.722387447441288
519,Denver,4,0.00041021433699107784,0.7227976617782792
520,Epicor,4,0.00041021433699107784,0.7232078761152703
521,Oshkosh,4,0.00041021433699107784,0.7236180904522613
522,Deluxe,4,0.00041021433699107784,0.7240283047892524
523,Bree,4,0.00041021433699107784,0.7244385191262435
524,Vanasse Hangen Brustlin (VHB),4,0.00041021433699107784,0.7248487334632345
525,IDEXX,4,0.00041021433699107784,0.7252589478002256
526,Duke Energy,4,0.00041021433699107784,0.7256691621372167
527,Viatris,4,0.00041021433699107784,0.7260793764742077
528,Citco,4,0.00041021433699107784,0.7264895908111989
529,Radiance Technologies,4,0.00041021433699107784,0.72689980514819
530,Argonne National Laboratory,4,0.00041021433699107784,0.727310019485181
531,Cirrus Logic,4,0.00041021433699107784,0.7277202338221721
532,Liberty University,4,0.00041021433699107784,0.7281304481591632
533,The Wonderful Company,4,0.00041021433699107784,0.7285406624961542
534,Xylem,4,0.00041021433699107784,0.7289508768331453
535,Halliburton,4,0.00041021433699107784,0.7293610911701364
536,Sargent & Lundy,4,0.00041021433699107784,0.7297713055071274
537,New York Post Holdings,4,0.00041021433699107784,0.7301815198441185
538,Socure,4,0.00041021433699107784,0.7305917341811097
539,Equinix,4,0.00041021433699107784,0.7310019485181007
540,ACI Worldwide,4,0.00041021433699107784,0.7314121628550918
541,HRL Laboratories,4,0.00041021433699107784,0.7318223771920829
542,Nio,4,0.00041021433699107784,0.7322325915290739
543,iPipeline,4,0.00041021433699107784,0.732642805866065
544,AEG,4,0.00041021433699107784,0.7330530202030561
545,Solink,4,0.00041021433699107784,0.7334632345400471
546,LG Electronics,4,0.00041021433699107784,0.7338734488770382
547,Mass General Brigham,4,0.00041021433699107784,0.7342836632140294
548,Nextech Systems,4,0.00041021433699107784,0.7346938775510204
549,Solidigm,4,0.00041021433699107784,0.7351040918880115
550,Gamechanger,4,0.00041021433699107784,0.7355143062250026
551,Starz,4,0.00041021433699107784,0.7359245205619936
552,Judi Health,4,0.00041021433699107784,0.7363347348989847
553,Tandem Diabetes Care,4,0.00041021433699107784,0.7367449492359758
554,Riverside Research,4,0.00041021433699107784,0.7371551635729668
555,TRUMPF,4,0.00041021433699107784,0.7375653779099579
556,Cooper Companies,4,0.00041021433699107784,0.7379755922469491
557,Xcel Energy,4,0.00041021433699107784,0.7383858065839402
558,Age of Learning,4,0.00041021433699107784,0.7387960209209312
559,Impiricus,4,0.00041021433699107784,0.7392062352579223
560,AirCapture,4,0.00041021433699107784,0.7396164495949133
561,SitusAMC,4,0.00041021433699107784,0.7400266639319044
562,SiFive,4,0.00041021433699107784,0.7404368782688955
563,GEHA,4,0.00041021433699107784,0.7408470926058865
564,Hello Fresh,4,0.00041021433699107784,0.7412573069428776
565,Primerica,4,0.00041021433699107784,0.7416675212798687
566,Bot Auto,4,0.00041021433699107784,0.7420777356168599
567,Scientific Research Corporation,4,0.00041021433699107784,0.7424879499538509
568,Seurat Technologies,4,0.00041021433699107784,0.742898164290842
569,Acxiom,4,0.00041021433699107784,0.743308378627833
570,RA Capital Management,4,0.00041021433699107784,0.7437185929648241
571,EarnIn,4,0.00041021433699107784,0.7441288073018152
572,ATPCO,4,0.00041021433699107784,0.7445390216388063
573,WeRide,4,0.00041021433699107784,0.7449492359757973
574,Stride,4,0.00041021433699107784,0.7453594503127884
575,Axway,4,0.00041021433699107784,0.7457696646497796
576,By Light Professional IT Services,4,0.00041021433699107784,0.7461798789867706
577,XPENG Motors,4,0.00041021433699107784,0.7465900933237617
578,Phamily,4,0.00041021433699107784,0.7470003076607528
579,Zillow,4,0.00041021433699107784,0.7474105219977438
580,Base Power,4,0.00041021433699107784,0.7478207363347349
581,SHEIN,4,0.00041021433699107784,0.748230950671726
582,Magnite,4,0.00041021433699107784,0.748641165008717
583,Centene,3,0.0003076607527433084,0.7489488257614604
584,TransUnion,3,0.0003076607527433084,0.7492564865142036
585,Plexus,3,0.0003076607527433084,0.749564147266947
586,Virtu Financial,3,0.0003076607527433084,0.7498718080196903
587,Zip,3,0.0003076607527433084,0.7501794687724336
588,Figure,3,0.0003076607527433084,0.7504871295251769
589,Qualcomm,3,0.0003076607527433084,0.7507947902779202
590,Simons Foundation,3,0.0003076607527433084,0.7511024510306635
591,Calico Labs,3,0.0003076607527433084,0.7514101117834068
592,MKS Instruments,3,0.0003076607527433084,0.7517177725361501
593,Marsh,3,0.0003076607527433084,0.7520254332888935
594,Codal,3,0.0003076607527433084,0.7523330940416367
595,Modernizing Medicine,3,0.0003076607527433084,0.7526407547943801
596,Dominion Energy,3,0.0003076607527433084,0.7529484155471233
597,Airbus,3,0.0003076607527433084,0.7532560762998667
598,Fermilab,3,0.0003076607527433084,0.75356373705261
599,Docusign,3,0.0003076607527433084,0.7538713978053533
600,Walmart,3,0.0003076607527433084,0.7541790585580966
601,Vera Institute of Justice,3,0.0003076607527433084,0.7544867193108399
602,Clayton,3,0.0003076607527433084,0.7547943800635832
603,Rocket Lab USA,3,0.0003076607527433084,0.7551020408163265
604,FHLBank Atlanta,3,0.0003076607527433084,0.7554097015690698
605,Mercury Insurance,3,0.0003076607527433084,0.7557173623218132
606,Dairyland Power Cooperative,3,0.0003076607527433084,0.7560250230745564
607,Collaborative Robotics,3,0.0003076607527433084,0.7563326838272998
608,Arch Capital Group,3,0.0003076607527433084,0.756640344580043
609,United Therapeutics Corporation,3,0.0003076607527433084,0.7569480053327864
610,Apex Fintech Solutions,3,0.0003076607527433084,0.7572556660855297
611,National Information Solutions Cooperative (NISC),3,0.0003076607527433084,0.757563326838273
612,Apollo Global,3,0.0003076607527433084,0.7578709875910163
613,Two Six Technologies,3,0.0003076607527433084,0.7581786483437596
614,Broadridge,3,0.0003076607527433084,0.7584863090965029
615,Gilead Sciences,3,0.0003076607527433084,0.7587939698492462
616,Carpenter Technology,3,0.0003076607527433084,0.7591016306019895
617,Weston & Sampson,3,0.0003076607527433084,0.7594092913547329
618,Entrust,3,0.0003076607527433084,0.7597169521074761
619,Zurn Elkay Water Solutions,3,0.0003076607527433084,0.7600246128602195
620,Masimo,3,0.0003076607527433084,0.7603322736129627
621,TD Synnex,3,0.0003076607527433084,0.7606399343657061
622,Abbott,3,0.0003076607527433084,0.7609475951184493
623,APL Logistics,3,0.0003076607527433084,0.7612552558711927
624,QTS,3,0.0003076607527433084,0.761562916623936
625,Virtru,3,0.0003076607527433084,0.7618705773766793
626,Unity,3,0.0003076607527433084,0.7621782381294226
627,APEX Analytix,3,0.0003076607527433084,0.7624858988821659
628,American Express,3,0.0003076607527433084,0.7627935596349092
629,Cinemark Theatres,3,0.0003076607527433084,0.7631012203876526
630,Crusoe,3,0.0003076607527433084,0.7634088811403958
631,Crane Co.,3,0.0003076607527433084,0.7637165418931392
632,Arrowhead Pharmaceuticals,3,0.0003076607527433084,0.7640242026458824
633,Barry-Wehmiller,3,0.0003076607527433084,0.7643318633986258
634,Auto Club Group,3,0.0003076607527433084,0.764639524151369
635,U.S. Bank,3,0.0003076607527433084,0.7649471849041124
636,USAA,3,0.0003076607527433084,0.7652548456568558
637,Finra,3,0.0003076607527433084,0.765562506409599
638,Donaldson Company,3,0.0003076607527433084,0.7658701671623424
639,Audax Group,3,0.0003076607527433084,0.7661778279150856
640,Legrand,3,0.0003076607527433084,0.766485488667829
641,AAR,3,0.0003076607527433084,0.7667931494205722
642,British Columbia Investment,3,0.0003076607527433084,0.7671008101733156
643,Clearway Energy,3,0.0003076607527433084,0.7674084709260589
644,Acushnet Holdings,3,0.0003076607527433084,0.7677161316788021
645,Sonoco,3,0.0003076607527433084,0.7680237924315455
646,RESPEC,3,0.0003076607527433084,0.7683314531842887
647,Expedition Technology,3,0.0003076607527433084,0.7686391139370321
648,AriensCo,3,0.0003076607527433084,0.7689467746897755
649,Westgate Resorts,3,0.0003076607527433084,0.7692544354425187
650,Fulton Bank,3,0.0003076607527433084,0.7695620961952621
651,Nissan,3,0.0003076607527433084,0.7698697569480053
652,Triumph,3,0.0003076607527433084,0.7701774177007487
653,BlackSky,3,0.0003076607527433084,0.7704850784534919
654,American Bureau of Shipping,3,0.0003076607527433084,0.7707927392062353
655,Circle K,3,0.0003076607527433084,0.7711003999589786
656,Nuro,3,0.0003076607527433084,0.7714080607117219
657,BambooHR,3,0.0003076607527433084,0.7717157214644652
658,nVent,3,0.0003076607527433084,0.7720233822172085
659,AskBio,3,0.0003076607527433084,0.7723310429699518
660,DigitalOcean,3,0.0003076607527433084,0.772638703722695
661,Ercot,3,0.0003076607527433084,0.7729463644754384
662,Air Liquide,3,0.0003076607527433084,0.7732540252281818
663,United Wholesale Mortgage,3,0.0003076607527433084,0.773561685980925
664,Worthington Enterprises,3,0.0003076607527433084,0.7738693467336684
665,Acuity,3,0.0003076607527433084,0.7741770074864116
666,Veralto,3,0.0003076607527433084,0.774484668239155
667,Gametime,3,0.0003076607527433084,0.7747923289918983
668,Sarepta,3,0.0003076607527433084,0.7750999897446416
669,Sila Nanotechnologies,3,0.0003076607527433084,0.7754076504973849
670,Slate Auto,3,0.0003076607527433084,0.7757153112501282
671,"TKO Group Holdings, Inc",3,0.0003076607527433084,0.7760229720028715
672,Crum & Forster Insurance,3,0.0003076607527433084,0.7763306327556148
673,Celonis,3,0.0003076607527433084,0.7766382935083581
674,Redwood Materials,3,0.0003076607527433084,0.7769459542611015
675,OTR Solutions,3,0.0003076607527433084,0.7772536150138447
676,Legend Biotech,3,0.0003076607527433084,0.7775612757665881
677,Allegion,3,0.0003076607527433084,0.7778689365193313
678,PrizePicks,3,0.0003076607527433084,0.7781765972720747
679,Pluralsight,3,0.0003076607527433084,0.778484258024818
680,SupplyHouse.com,3,0.0003076607527433084,0.7787919187775613
681,Hunt Oil Company,3,0.0003076607527433084,0.7790995795303046
682,Twilio,3,0.0003076607527433084,0.7794072402830479
683,Mobilityware,3,0.0003076607527433084,0.7797149010357912
684,Atlas Energy Solutions,3,0.0003076607527433084,0.7800225617885345
685,Marigold,3,0.0003076607527433084,0.7803302225412778
686,Handshake,3,0.0003076607527433084,0.7806378832940212
687,Unisys,3,0.0003076607527433084,0.7809455440467644
688,Root Access,3,0.0003076607527433084,0.7812532047995078
689,Lasko Products,3,0.0003076607527433084,0.781560865552251
690,Spot & Tango,3,0.0003076607527433084,0.7818685263049944
691,SMX,3,0.0003076607527433084,0.7821761870577376
692,Strata Decision Technology,3,0.0003076607527433084,0.782483847810481
693,Roblox,3,0.0003076607527433084,0.7827915085632243
694,Aurora Innovation,3,0.0003076607527433084,0.7830991693159676
695,Sartorius,3,0.0003076607527433084,0.7834068300687109
696,Genuine Parts Company,3,0.0003076607527433084,0.7837144908214542
697,Masco,3,0.0003076607527433084,0.7840221515741975
698,Orthofix,3,0.0003076607527433084,0.7843298123269409
699,Rakuten International,3,0.0003076607527433084,0.7846374730796841
700,Stellant Systems,3,0.0003076607527433084,0.7849451338324275
701,Pitney Bowes,3,0.0003076607527433084,0.7852527945851707
702,King,3,0.0003076607527433084,0.7855604553379141
703,Activision-Blizzard,3,0.0003076607527433084,0.7858681160906573
704,ACLU Kentucky,3,0.0003076607527433084,0.7861757768434007
705,Akamai Technologies,3,0.0003076607527433084,0.786483437596144
706,doTERRA,3,0.0003076607527433084,0.7867910983488873
707,Artisan Partners,3,0.0003076607527433084,0.7870987591016306
708,Credit Acceptance Careers,3,0.0003076607527433084,0.7874064198543739
709,Etched,3,0.0003076607527433084,0.7877140806071172
710,G2,3,0.0003076607527433084,0.7880217413598605
711,Multiply Labs,3,0.0003076607527433084,0.7883294021126038
712,Nucor,3,0.0003076607527433084,0.7886370628653472
713,Calyxo,3,0.0003076607527433084,0.7889447236180904
714,Mohawk,3,0.0003076607527433084,0.7892523843708338
715,Kargo,3,0.0003076607527433084,0.789560045123577
716,Rigetti,3,0.0003076607527433084,0.7898677058763204
717,MAG Aerospace,3,0.0003076607527433084,0.7901753666290637
718,Pearson,3,0.0003076607527433084,0.790483027381807
719,Culture Biosciences,3,0.0003076607527433084,0.7907906881345503
720,Carbon Robotics,3,0.0003076607527433084,0.7910983488872936
721,Symbotic,3,0.0003076607527433084,0.7914060096400369
722,Fussball Club Cincinnati LLC (“FC Cincinnati”),3,0.0003076607527433084,0.7917136703927802
723,Global Relay,3,0.0003076607527433084,0.7920213311455235
724,Cboe,3,0.0003076607527433084,0.7923289918982669
725,Dentsu,3,0.0003076607527433084,0.7926366526510101
726,League,3,0.0003076607527433084,0.7929443134037535
727,Toshiba Global Commerce,3,0.0003076607527433084,0.7932519741564967
728,MassMutual Ascend,3,0.0003076607527433084,0.7935596349092401
729,Antora Energy,3,0.0003076607527433084,0.7938672956619834
730,Waystar,3,0.0003076607527433084,0.7941749564147267
731,Alarm.com,3,0.0003076607527433084,0.79448261716747
732,Trumid,3,0.0003076607527433084,0.7947902779202133
733,Sunwater Capital,3,0.0003076607527433084,0.7950979386729566
734,Span,3,0.0003076607527433084,0.7954055994256999
735,Lennox International,3,0.0003076607527433084,0.7957132601784432
736,Zeiss,3,0.0003076607527433084,0.7960209209311866
737,Agility Robotics,3,0.0003076607527433084,0.7963285816839298
738,Skechers,3,0.0003076607527433084,0.7966362424366732
739,Logitech,3,0.0003076607527433084,0.7969439031894164
740,Tilde Research,3,0.0003076607527433084,0.7972515639421598
741,Centerfield,3,0.0003076607527433084,0.797559224694903
742,zaimler,3,0.0003076607527433084,0.7978668854476464
743,Henry Schein,3,0.0003076607527433084,0.7981745462003897
744,Circle,3,0.0003076607527433084,0.798482206953133
745,Hayden AI,3,0.0003076607527433084,0.7987898677058763
746,Diligent Corporation,3,0.0003076607527433084,0.7990975284586196
747,Loblaw Companies,3,0.0003076607527433084,0.7994051892113629
748,Blue Cross and Blue Shield of Rhode Island,3,0.0003076607527433084,0.7997128499641063
749,Armada,3,0.0003076607527433084,0.8000205107168495
750,Ultra,3,0.0003076607527433084,0.8003281714695929
751,EisnerAmper,3,0.0003076607527433084,0.8006358322223361
752,StockX,3,0.0003076607527433084,0.8009434929750795
753,Cognex,3,0.0003076607527433084,0.8012511537278227
754,Smith+Nephew,3,0.0003076607527433084,0.8015588144805661
755,Locus Robotics,3,0.0003076607527433084,0.8018664752333095
756,Neuralink,3,0.0003076607527433084,0.8021741359860527
757,State of Nebraska,3,0.0003076607527433084,0.802481796738796
758,Signet Jewelers,3,0.0003076607527433084,0.8027894574915393
759,Sprinklr,3,0.0003076607527433084,0.8030971182442826
760,First Quality,3,0.0003076607527433084,0.8034047789970259
761,Point72,3,0.0003076607527433084,0.8037124397497692
762,Hiscox,3,0.0003076607527433084,0.8040201005025126
763,Cooper Standard,3,0.0003076607527433084,0.8043277612552558
764,Rakuten Advertising,3,0.0003076607527433084,0.8046354220079992
765,Watts Water,3,0.0003076607527433084,0.8049430827607424
766,DriveWealth,3,0.0003076607527433084,0.8052507435134858
767,Littelfuse,3,0.0003076607527433084,0.8055584042662292
768,Norfolk Southern,3,0.0003076607527433084,0.8058660650189724
769,Shake Shack,3,0.0003076607527433084,0.8061737257717158
770,Aledade,3,0.0003076607527433084,0.806481386524459
771,NewsBreak,3,0.0003076607527433084,0.8067890472772024
772,AES,3,0.0003076607527433084,0.8070967080299456
773,Bright Machines,3,0.0003076607527433084,0.807404368782689
774,Boston Medical Center,3,0.0003076607527433084,0.8077120295354323
775,ChargePoint,3,0.0003076607527433084,0.8080196902881756
776,New Balance,3,0.0003076607527433084,0.8083273510409189
777,TSC,3,0.0003076607527433084,0.8086350117936622
778,Swift,3,0.0003076607527433084,0.8089426725464055
779,Baker Hughes,3,0.0003076607527433084,0.8092503332991489
780,Reply,3,0.0003076607527433084,0.8095579940518921
781,Ryan,3,0.0003076607527433084,0.8098656548046355
782,Best Egg,3,0.0003076607527433084,0.8101733155573787
783,Greenlight,3,0.0003076607527433084,0.8104809763101221
784,Gannett Fleming,3,0.0003076607527433084,0.8107886370628653
785,AvePoint,3,0.0003076607527433084,0.8110962978156087
786,AllTrails,3,0.0003076607527433084,0.811403958568352
787,iSpot.tv,3,0.0003076607527433084,0.8117116193210953
788,Belden,3,0.0003076607527433084,0.8120192800738386
789,Chamberlain Group,3,0.0003076607527433084,0.8123269408265819
790,Rocket Lawyer,3,0.0003076607527433084,0.8126346015793252
791,Hyundai Motor Company,3,0.0003076607527433084,0.8129422623320685
792,EyeSouth Partners,3,0.0003076607527433084,0.8132499230848118
793,The Boyd Group,3,0.0003076607527433084,0.8135575838375552
794,BlueScope,3,0.0003076607527433084,0.8138652445902984
795,SumUp,3,0.0003076607527433084,0.8141729053430418
796,Imerys,3,0.0003076607527433084,0.814480566095785
797,Mariana Minerals,3,0.0003076607527433084,0.8147882268485284
798,QuEra Computing,3,0.0003076607527433084,0.8150958876012717
799,Uhaul,3,0.0003076607527433084,0.815403548354015
800,JINGDONG,3,0.0003076607527433084,0.8157112091067583
801,IEM,3,0.0003076607527433084,0.8160188698595016
802,Cooper University Health Care,3,0.0003076607527433084,0.8163265306122449
803,EnergyHub,3,0.0003076607527433084,0.8166341913649882
804,Sharecare,3,0.0003076607527433084,0.8169418521177315
805,NiCE,3,0.0003076607527433084,0.8172495128704749
806,SCAN,3,0.0003076607527433084,0.8175571736232181
807,Novanta,3,0.0003076607527433084,0.8178648343759615
808,University Health Network,3,0.0003076607527433084,0.8181724951287047
809,Lambda,3,0.0003076607527433084,0.8184801558814481
810,Harvard University,3,0.0003076607527433084,0.8187878166341913
811,Photon,3,0.0003076607527433084,0.8190954773869347
812,Coupang,3,0.0003076607527433084,0.819403138139678
813,Nationwide Children's Hospital,3,0.0003076607527433084,0.8197107988924213
814,Agilent Technologies,3,0.0003076607527433084,0.8200184596451646
815,Bank of America,3,0.0003076607527433084,0.8203261203979079
816,National Laboratory of the Rockies,3,0.0003076607527433084,0.8206337811506512
817,Atomic Semi,2,0.00020510716849553892,0.8208388883191468
818,DV Trading,2,0.00020510716849553892,0.8210439954876423
819,Bluestaq,2,0.00020510716849553892,0.8212491026561378
820,Pinterest,2,0.00020510716849553892,0.8214542098246334
821,ATCO,2,0.00020510716849553892,0.8216593169931289
822,MongoDB,2,0.00020510716849553892,0.8218644241616244
823,GoDaddy,2,0.00020510716849553892,0.82206953133012
824,MAXISIQ,2,0.00020510716849553892,0.8222746384986155
825,Corning,2,0.00020510716849553892,0.822479745667111
826,ArteraAI,2,0.00020510716849553892,0.8226848528356066
827,Workday,2,0.00020510716849553892,0.8228899600041022
828,Franklin Templeton,2,0.00020510716849553892,0.8230950671725977
829,Williams-Sonoma,2,0.00020510716849553892,0.8233001743410933
830,WTW,2,0.00020510716849553892,0.8235052815095888
831,Moloco,2,0.00020510716849553892,0.8237103886780843
832,Alation,2,0.00020510716849553892,0.8239154958465799
833,Mackenzie Investments,2,0.00020510716849553892,0.8241206030150754
834,RGA Reinsurance Company,2,0.00020510716849553892,0.8243257101835709
835,HCSC,2,0.00020510716849553892,0.8245308173520665
836,The Washington Post,2,0.00020510716849553892,0.824735924520562
837,Bosch,2,0.00020510716849553892,0.8249410316890575
838,Kensho,2,0.00020510716849553892,0.8251461388575531
839,Alexion,2,0.00020510716849553892,0.8253512460260486
840,Chemours,2,0.00020510716849553892,0.8255563531945441
841,Wellmark,2,0.00020510716849553892,0.8257614603630397
842,Dematic,2,0.00020510716849553892,0.8259665675315352
843,TJX,2,0.00020510716849553892,0.8261716747000307
844,W.W. Grainger,2,0.00020510716849553892,0.8263767818685263
845,Shawmut Design and Construction,2,0.00020510716849553892,0.8265818890370218
846,Capella,2,0.00020510716849553892,0.8267869962055174
847,BAE Systems,2,0.00020510716849553892,0.826992103374013
848,Capital Technology Group,2,0.00020510716849553892,0.8271972105425085
849,TripAdvisor,2,0.00020510716849553892,0.827402317711004
850,Inmar Intelligence,2,0.00020510716849553892,0.8276074248794996
851,X-energy,2,0.00020510716849553892,0.8278125320479951
852,Cook Group,2,0.00020510716849553892,0.8280176392164906
853,The Andersons,2,0.00020510716849553892,0.8282227463849862
854,Daimler Truck,2,0.00020510716849553892,0.8284278535534817
855,American Fidelity,2,0.00020510716849553892,0.8286329607219772
856,Advance Auto Parts,2,0.00020510716849553892,0.8288380678904728
857,Atlantic Health System,2,0.00020510716849553892,0.8290431750589683
858,Procter & Gamble (P&G),2,0.00020510716849553892,0.8292482822274638
859,MCG Health,2,0.00020510716849553892,0.8294533893959594
860,NT Concepts,2,0.00020510716849553892,0.8296584965644549
861,USA for UNHCR,2,0.00020510716849553892,0.8298636037329504
862,Axon,2,0.00020510716849553892,0.830068710901446
863,Stanford Health Care,2,0.00020510716849553892,0.8302738180699415
864,Gusto,2,0.00020510716849553892,0.8304789252384371
865,Western Union,2,0.00020510716849553892,0.8306840324069327
866,ASM International,2,0.00020510716849553892,0.8308891395754282
867,Charter Manufacturing,2,0.00020510716849553892,0.8310942467439237
868,Textron,2,0.00020510716849553892,0.8312993539124193
869,Sierra Nevada Corporation,2,0.00020510716849553892,0.8315044610809148
870,Ontario Teachers' Pension Plan,2,0.00020510716849553892,0.8317095682494103
871,Ithaka,2,0.00020510716849553892,0.8319146754179059
872,Deloitte,2,0.00020510716849553892,0.8321197825864014
873,Loft,2,0.00020510716849553892,0.8323248897548969
874,Howard Hughes Medical Institute (HHMI),2,0.00020510716849553892,0.8325299969233925
875,The Kinetic Group,2,0.00020510716849553892,0.832735104091888
876,Invesco,2,0.00020510716849553892,0.8329402112603835
877,Ekimetrics,2,0.00020510716849553892,0.8331453184288791
878,FMC Corporation,2,0.00020510716849553892,0.8333504255973746
879,"Medpace, Inc.",2,0.00020510716849553892,0.8335555327658701
880,Auctane,2,0.00020510716849553892,0.8337606399343657
881,IKO,2,0.00020510716849553892,0.8339657471028612
882,Woven,2,0.00020510716849553892,0.8341708542713567
883,Generate Biomedicines,2,0.00020510716849553892,0.8343759614398524
884,Dow Jones,2,0.00020510716849553892,0.8345810686083479
885,Uber Freight,2,0.00020510716849553892,0.8347861757768434
886,S&C Electric Company,2,0.00020510716849553892,0.834991282945339
887,ALSO,2,0.00020510716849553892,0.8351963901138345
888,Group 1001,2,0.00020510716849553892,0.83540149728233
889,Olsson,2,0.00020510716849553892,0.8356066044508256
890,Webster Bank,2,0.00020510716849553892,0.8358117116193211
891,Waabi,2,0.00020510716849553892,0.8360168187878166
892,Space Dynamics Laboratory,2,0.00020510716849553892,0.8362219259563122
893,Epiroc,2,0.00020510716849553892,0.8364270331248077
894,Wealthsimple,2,0.00020510716849553892,0.8366321402933032
895,City of Charlotte,2,0.00020510716849553892,0.8368372474617988
896,Main Line Health,2,0.00020510716849553892,0.8370423546302943
897,Michael Baker International,2,0.00020510716849553892,0.8372474617987898
898,CLEAR,2,0.00020510716849553892,0.8374525689672854
899,GitHub,2,0.00020510716849553892,0.8376576761357809
900,SSOE Group,2,0.00020510716849553892,0.8378627833042764
901,O'Reilly Auto Parts,2,0.00020510716849553892,0.838067890472772
902,Tri-State Generation and Transmission Association,2,0.00020510716849553892,0.8382729976412676
903,NRG Energy,2,0.00020510716849553892,0.8384781048097631
904,Graybar,2,0.00020510716849553892,0.8386832119782587
905,PMG,2,0.00020510716849553892,0.8388883191467542
906,Elf Beauty,2,0.00020510716849553892,0.8390934263152497
907,Genworth Financial,2,0.00020510716849553892,0.8392985334837453
908,Vendelux,2,0.00020510716849553892,0.8395036406522408
909,Flock Safety,2,0.00020510716849553892,0.8397087478207363
910,Lamb Weston,2,0.00020510716849553892,0.8399138549892319
911,NOV,2,0.00020510716849553892,0.8401189621577274
912,Bread Financial,2,0.00020510716849553892,0.8403240693262229
913,Upstart,2,0.00020510716849553892,0.8405291764947185
914,Dow Chemical Company,2,0.00020510716849553892,0.840734283663214
915,Garda Capital Partners,2,0.00020510716849553892,0.8409393908317095
916,Amynta Group,2,0.00020510716849553892,0.8411444980002051
917,Four Hands,2,0.00020510716849553892,0.8413496051687006
918,Michelin,2,0.00020510716849553892,0.8415547123371961
919,Haven Studios,2,0.00020510716849553892,0.8417598195056917
920,Kairos Power,2,0.00020510716849553892,0.8419649266741872
921,Energy Northwest,2,0.00020510716849553892,0.8421700338426829
922,Kroll,2,0.00020510716849553892,0.8423751410111784
923,Withum,2,0.00020510716849553892,0.8425802481796739
924,MERGE,2,0.00020510716849553892,0.8427853553481695
925,Tarsus Pharamceuticals,2,0.00020510716849553892,0.842990462516665
926,Verition Fund Management,2,0.00020510716849553892,0.8431955696851605
927,Pivotal Software,2,0.00020510716849553892,0.843400676853656
928,GE Appliances,2,0.00020510716849553892,0.8436057840221516
929,Flexera,2,0.00020510716849553892,0.8438108911906471
930,Magnet Forensics,2,0.00020510716849553892,0.8440159983591426
931,Anglian Water,2,0.00020510716849553892,0.8442211055276382
932,Etsy,2,0.00020510716849553892,0.8444262126961337
933,Graco,2,0.00020510716849553892,0.8446313198646292
934,MiTek,2,0.00020510716849553892,0.8448364270331248
935,Bernhard,2,0.00020510716849553892,0.8450415342016203
936,C.H. Guenther,2,0.00020510716849553892,0.8452466413701158
937,Galileo Financial Technologies,2,0.00020510716849553892,0.8454517485386114
938,Avathon,2,0.00020510716849553892,0.8456568557071069
939,Wade Trim,2,0.00020510716849553892,0.8458619628756026
940,The Weather Company,2,0.00020510716849553892,0.8460670700440981
941,Galaxy,2,0.00020510716849553892,0.8462721772125936
942,Cogeco,2,0.00020510716849553892,0.8464772843810892
943,Berkshire Grey,2,0.00020510716849553892,0.8466823915495847
944,Creation Technologies,2,0.00020510716849553892,0.8468874987180802
945,Blackhawk Network Holdings,2,0.00020510716849553892,0.8470926058865758
946,thyssenkrupp,2,0.00020510716849553892,0.8472977130550713
947,Relay,2,0.00020510716849553892,0.8475028202235668
948,Quantum Workplace,2,0.00020510716849553892,0.8477079273920624
949,Freudenberg Group,2,0.00020510716849553892,0.8479130345605579
950,Skyways,2,0.00020510716849553892,0.8481181417290534
951,PatientPoint,2,0.00020510716849553892,0.848323248897549
952,Zocdoc,2,0.00020510716849553892,0.8485283560660445
953,Pure Storage,2,0.00020510716849553892,0.84873346323454
954,Apex,2,0.00020510716849553892,0.8489385704030356
955,Driscoll's,2,0.00020510716849553892,0.8491436775715311
956,Centerstone,2,0.00020510716849553892,0.8493487847400266
957,Instacart,2,0.00020510716849553892,0.8495538919085222
958,CoxHealth,2,0.00020510716849553892,0.8497589990770178
959,Turion Space,2,0.00020510716849553892,0.8499641062455133
960,Delinea,2,0.00020510716849553892,0.8501692134140089
961,Parallel Wireless,2,0.00020510716849553892,0.8503743205825044
962,Lynker,2,0.00020510716849553892,0.8505794277509999
963,Ad Council,2,0.00020510716849553892,0.8507845349194955
964,Ditto AI,2,0.00020510716849553892,0.850989642087991
965,First National Bank,2,0.00020510716849553892,0.8511947492564865
966,HubSpot,2,0.00020510716849553892,0.8513998564249821
967,Akima,2,0.00020510716849553892,0.8516049635934776
968,Texas Instruments,2,0.00020510716849553892,0.8518100707619731
969,VF,2,0.00020510716849553892,0.8520151779304687
970,Blue Cross and Blue Shield of Kansas,2,0.00020510716849553892,0.8522202850989642
971,Integrity,2,0.00020510716849553892,0.8524253922674597
972,Parspec,2,0.00020510716849553892,0.8526304994359553
973,edmentum,2,0.00020510716849553892,0.8528356066044508
974,Physical Intelligence,2,0.00020510716849553892,0.8530407137729463
975,Amp Robotics,2,0.00020510716849553892,0.8532458209414419
976,Skyryse,2,0.00020510716849553892,0.8534509281099374
977,University of Virginia,2,0.00020510716849553892,0.853656035278433
978,Formic,2,0.00020510716849553892,0.8538611424469286
979,The Hartford,2,0.00020510716849553892,0.8540662496154241
980,Sensata,2,0.00020510716849553892,0.8542713567839196
981,Ivalua,2,0.00020510716849553892,0.8544764639524152
982,QuidelOrtho,2,0.00020510716849553892,0.8546815711209107
983,Sonos,2,0.00020510716849553892,0.8548866782894062
984,HF Sinclair,2,0.00020510716849553892,0.8550917854579018
985,Stand Together,2,0.00020510716849553892,0.8552968926263973
986,Steel Dynamics,2,0.00020510716849553892,0.8555019997948928
987,Schonfeld,2,0.00020510716849553892,0.8557071069633884
988,EaglePicher Technologies,2,0.00020510716849553892,0.8559122141318839
989,Nobull,2,0.00020510716849553892,0.8561173213003794
990,Ticketmaster,2,0.00020510716849553892,0.856322428468875
991,Daifuku,2,0.00020510716849553892,0.8565275356373705
992,Blue Sky Innovators,2,0.00020510716849553892,0.856732642805866
993,ezCater,2,0.00020510716849553892,0.8569377499743616
994,InfiniteQuant,2,0.00020510716849553892,0.8571428571428571
995,Arcline,2,0.00020510716849553892,0.8573479643113526
996,COUNTRY Financial,2,0.00020510716849553892,0.8575530714798483
997,Geosyntec Consultants,2,0.00020510716849553892,0.8577581786483438
998,Kabam,2,0.00020510716849553892,0.8579632858168393
999,Solar Turbines,2,0.00020510716849553892,0.8581683929853349
1000,Danaher Corporation,2,0.00020510716849553892,0.8583735001538304
1001,Rochester Regional Health,2,0.00020510716849553892,0.8585786073223259
1002,Truveta,2,0.00020510716849553892,0.8587837144908215
1003,Eataly,2,0.00020510716849553892,0.858988821659317
1004,KnowBe4,2,0.00020510716849553892,0.8591939288278125
1005,Société Générale de Surveillance (SGS),2,0.00020510716849553892,0.8593990359963081
1006,Rolls-Royce,2,0.00020510716849553892,0.8596041431648036
1007,Deliveroo,2,0.00020510716849553892,0.8598092503332991
1008,AeroVect,2,0.00020510716849553892,0.8600143575017947
1009,LivaNova,2,0.00020510716849553892,0.8602194646702902
1010,Johnson Brothers Liquor Company,2,0.00020510716849553892,0.8604245718387857
1011,Spot Freight,2,0.00020510716849553892,0.8606296790072813
1012,BlueRock Therapeutics,2,0.00020510716849553892,0.8608347861757768
1013,CliftonLarsonAllen,2,0.00020510716849553892,0.8610398933442723
1014,Wasabi Technologies,2,0.00020510716849553892,0.8612450005127679
1015,Alamar Biosciences,2,0.00020510716849553892,0.8614501076812635
1016,Fabletics,2,0.00020510716849553892,0.861655214849759
1017,EXP,2,0.00020510716849553892,0.8618603220182546
1018,Orion Steel Group,2,0.00020510716849553892,0.8620654291867501
1019,Cohesity,2,0.00020510716849553892,0.8622705363552456
1020,Lilly USA,2,0.00020510716849553892,0.8624756435237412
1021,Faire,2,0.00020510716849553892,0.8626807506922367
1022,Creatify Lab,2,0.00020510716849553892,0.8628858578607322
1023,University of Chicago,2,0.00020510716849553892,0.8630909650292278
1024,Taara,2,0.00020510716849553892,0.8632960721977233
1025,Overview Energy,2,0.00020510716849553892,0.8635011793662188
1026,Sundt,2,0.00020510716849553892,0.8637062865347144
1027,Telligen,2,0.00020510716849553892,0.8639113937032099
1028,Unlikely AI,2,0.00020510716849553892,0.8641165008717054
1029,Tuesday Lab,2,0.00020510716849553892,0.864321608040201
1030,Clockwork Systems,2,0.00020510716849553892,0.8645267152086965
1031,Hendrick Motorsports,2,0.00020510716849553892,0.864731822377192
1032,MaintainX,2,0.00020510716849553892,0.8649369295456876
1033,AMERICAN SYSTEMS,2,0.00020510716849553892,0.8651420367141832
1034,LogicGate,2,0.00020510716849553892,0.8653471438826787
1035,Bracebridge Capital,2,0.00020510716849553892,0.8655522510511743
1036,Madison Energy Infrastructure,2,0.00020510716849553892,0.8657573582196698
1037,AssetWorks,2,0.00020510716849553892,0.8659624653881653
1038,Consor,2,0.00020510716849553892,0.8661675725566609
1039,Spectrum Control,2,0.00020510716849553892,0.8663726797251564
1040,Targetbase,2,0.00020510716849553892,0.866577786893652
1041,Applied Fluid Power,2,0.00020510716849553892,0.8667828940621475
1042,Udemy,2,0.00020510716849553892,0.866988001230643
1043,RXO,2,0.00020510716849553892,0.8671931083991385
1044,Parallel Systems,2,0.00020510716849553892,0.8673982155676341
1045,Smiths Detection Group,2,0.00020510716849553892,0.8676033227361296
1046,Medical University of South Carolina,2,0.00020510716849553892,0.8678084299046251
1047,Nordson,2,0.00020510716849553892,0.8680135370731207
1048,Bosch Group,2,0.00020510716849553892,0.8682186442416162
1049,Schnucks,2,0.00020510716849553892,0.8684237514101117
1050,Worldly,2,0.00020510716849553892,0.8686288585786073
1051,Pathos,2,0.00020510716849553892,0.8688339657471028
1052,Realty Income,2,0.00020510716849553892,0.8690390729155985
1053,Repsol,2,0.00020510716849553892,0.869244180084094
1054,University of Rochester,2,0.00020510716849553892,0.8694492872525895
1055,TripleRing,2,0.00020510716849553892,0.869654394421085
1056,Jonas Software,2,0.00020510716849553892,0.8698595015895806
1057,Crunchtime,2,0.00020510716849553892,0.8700646087580761
1058,OnLogic,2,0.00020510716849553892,0.8702697159265717
1059,HERE,2,0.00020510716849553892,0.8704748230950672
1060,Kyndryl,2,0.00020510716849553892,0.8706799302635627
1061,OpusClip,2,0.00020510716849553892,0.8708850374320583
1062,Sierra Space,2,0.00020510716849553892,0.8710901446005538
1063,Freese and Nichols,2,0.00020510716849553892,0.8712952517690493
1064,Cockroach Labs,2,0.00020510716849553892,0.8715003589375449
1065,Chanel,2,0.00020510716849553892,0.8717054661060404
1066,Walter P Moore,2,0.00020510716849553892,0.8719105732745359
1067,Glydways,2,0.00020510716849553892,0.8721156804430314
1068,Qorvo,2,0.00020510716849553892,0.872320787611527
1069,CSL,2,0.00020510716849553892,0.8725258947800225
1070,Persistent Systems,2,0.00020510716849553892,0.872731001948518
1071,Urban Science,2,0.00020510716849553892,0.8729361091170137
1072,Arlo,2,0.00020510716849553892,0.8731412162855092
1073,American Red Cross,2,0.00020510716849553892,0.8733463234540048
1074,Otsuka Pharmaceutical,2,0.00020510716849553892,0.8735514306225003
1075,Talkspace,2,0.00020510716849553892,0.8737565377909958
1076,Airgas,2,0.00020510716849553892,0.8739616449594914
1077,Athena Health,2,0.00020510716849553892,0.8741667521279869
1078,Assent,2,0.00020510716849553892,0.8743718592964824
1079,GameChanger,2,0.00020510716849553892,0.874576966464978
1080,CooperSurgical,2,0.00020510716849553892,0.8747820736334735
1081,Regions Bank,2,0.00020510716849553892,0.874987180801969
1082,TNS,2,0.00020510716849553892,0.8751922879704646
1083,Lumos,2,0.00020510716849553892,0.8753973951389601
1084,Pacvue,2,0.00020510716849553892,0.8756025023074556
1085,City of Philadelphia,2,0.00020510716849553892,0.8758076094759512
1086,Guild Education,2,0.00020510716849553892,0.8760127166444467
1087,DoubleVerify,2,0.00020510716849553892,0.8762178238129422
1088,TransPerfect,2,0.00020510716849553892,0.8764229309814378
1089,Rexford Industrial,2,0.00020510716849553892,0.8766280381499333
1090,City of Greeley,2,0.00020510716849553892,0.8768331453184289
1091,Benjamin Moore,2,0.00020510716849553892,0.8770382524869245
1092,MedElite,2,0.00020510716849553892,0.87724335965542
1093,Octaura,2,0.00020510716849553892,0.8774484668239155
1094,Sono Bello,2,0.00020510716849553892,0.8776535739924111
1095,SEI,2,0.00020510716849553892,0.8778586811609066
1096,Connection,2,0.00020510716849553892,0.8780637883294021
1097,Mediaocean,2,0.00020510716849553892,0.8782688954978977
1098,Scale AI,2,0.00020510716849553892,0.8784740026663932
1099,BECU,2,0.00020510716849553892,0.8786791098348887
1100,Saronic,2,0.00020510716849553892,0.8788842170033843
1101,Energy Vault,2,0.00020510716849553892,0.8790893241718798
1102,Penumbra Inc,2,0.00020510716849553892,0.8792944313403753
1103,Thorlabs,2,0.00020510716849553892,0.8794995385088709
1104,RTW Investments,2,0.00020510716849553892,0.8797046456773664
1105,Elekta,2,0.00020510716849553892,0.8799097528458619
1106,SonoThera,2,0.00020510716849553892,0.8801148600143575
1107,Lendbuzz,2,0.00020510716849553892,0.880319967182853
1108,Tonal,2,0.00020510716849553892,0.8805250743513485
1109,Samba TV,2,0.00020510716849553892,0.8807301815198442
1110,Metrolinx,2,0.00020510716849553892,0.8809352886883397
1111,Boston Properties,2,0.00020510716849553892,0.8811403958568352
1112,SentinelOne,2,0.00020510716849553892,0.8813455030253308
1113,Myriad Genetics,2,0.00020510716849553892,0.8815506101938263
1114,Revolution,2,0.00020510716849553892,0.8817557173623218
1115,RoboForce,2,0.00020510716849553892,0.8819608245308174
1116,Omnicom Health,2,0.00020510716849553892,0.8821659316993129
1117,Dick's Sporting Goods,2,0.00020510716849553892,0.8823710388678084
1118,Covestro,2,0.00020510716849553892,0.882576146036304
1119,Welocalize,2,0.00020510716849553892,0.8827812532047995
1120,Taylor Corporation,2,0.00020510716849553892,0.882986360373295
1121,SpecterOps,2,0.00020510716849553892,0.8831914675417906
1122,U.S. Venture,2,0.00020510716849553892,0.8833965747102861
1123,Newmark Group,2,0.00020510716849553892,0.8836016818787816
1124,Efficient Computer,2,0.00020510716849553892,0.8838067890472772
1125,Securitas,2,0.00020510716849553892,0.8840118962157727
1126,Preferred Risk Insurance Services,2,0.00020510716849553892,0.8842170033842682
1127,ENOVIS,2,0.00020510716849553892,0.8844221105527639
1128,T1D Exchange,2,0.00020510716849553892,0.8846272177212594
1129,Netwrix,2,0.00020510716849553892,0.8848323248897549
1130,American Century Investments,2,0.00020510716849553892,0.8850374320582505
1131,Empower AI,2,0.00020510716849553892,0.885242539226746
1132,Cerence,2,0.00020510716849553892,0.8854476463952415
1133,Legrand North America,2,0.00020510716849553892,0.8856527535637371
1134,Tessera Labs,2,0.00020510716849553892,0.8858578607322326
1135,Cloudforce,2,0.00020510716849553892,0.8860629679007281
1136,Perplexity AI,2,0.00020510716849553892,0.8862680750692237
1137,AMN Healthcare,2,0.00020510716849553892,0.8864731822377192
1138,Baird,2,0.00020510716849553892,0.8866782894062147
1139,Nexthink,2,0.00020510716849553892,0.8868833965747103
1140,Prairie View A&M University,2,0.00020510716849553892,0.8870885037432058
1141,The New York Times,2,0.00020510716849553892,0.8872936109117013
1142,Sandhills Global,2,0.00020510716849553892,0.8874987180801969
1143,Healthesystems,2,0.00020510716849553892,0.8877038252486924
1144,Five9,2,0.00020510716849553892,0.8879089324171879
1145,Intertek,2,0.00020510716849553892,0.8881140395856835
1146,SBA Communications Corporation,2,0.00020510716849553892,0.8883191467541791
1147,Signify,2,0.00020510716849553892,0.8885242539226746
1148,Jencap,2,0.00020510716849553892,0.8887293610911702
1149,PTC,2,0.00020510716849553892,0.8889344682596657
1150,Nielsen,2,0.00020510716849553892,0.8891395754281612
1151,Stifel,2,0.00020510716849553892,0.8893446825966568
1152,iRhythm Technologies,2,0.00020510716849553892,0.8895497897651523
1153,Fullsteam,2,0.00020510716849553892,0.8897548969336478
1154,Podium,2,0.00020510716849553892,0.8899600041021434
1155,Poshmark,2,0.00020510716849553892,0.8901651112706389
1156,Allegiant Air,2,0.00020510716849553892,0.8903702184391344
1157,Texas A&M University System,2,0.00020510716849553892,0.89057532560763
1158,Northwell Health,2,0.00020510716849553892,0.8907804327761255
1159,Jefferson Health,2,0.00020510716849553892,0.890985539944621
1160,Avride,2,0.00020510716849553892,0.8911906471131166
1161,Space Kinetic,2,0.00020510716849553892,0.8913957542816121
1162,Leggett & Platt,2,0.00020510716849553892,0.8916008614501076
1163,Fenwick & West,2,0.00020510716849553892,0.8918059686186032
1164,Sallie Mae,2,0.00020510716849553892,0.8920110757870987
1165,Homebase,2,0.00020510716849553892,0.8922161829555944
1166,Globalization Partners,2,0.00020510716849553892,0.8924212901240899
1167,ASUS USA,2,0.00020510716849553892,0.8926263972925854
1168,Sieve,2,0.00020510716849553892,0.892831504461081
1169,IDEX,2,0.00020510716849553892,0.8930366116295765
1170,Lunar Energy,2,0.00020510716849553892,0.893241718798072
1171,Adtheorant,2,0.00020510716849553892,0.8934468259665675
1172,SHI International,2,0.00020510716849553892,0.8936519331350631
1173,Axiomatic AI,2,0.00020510716849553892,0.8938570403035586
1174,Resolve Tech Solutions,2,0.00020510716849553892,0.8940621474720541
1175,Kira,2,0.00020510716849553892,0.8942672546405497
1176,Everlaw,2,0.00020510716849553892,0.8944723618090452
1177,Cadent,2,0.00020510716849553892,0.8946774689775407
1178,Cubic,2,0.00020510716849553892,0.8948825761460363
1179,Integral Ad Science,2,0.00020510716849553892,0.8950876833145318
1180,Greene Tweed,2,0.00020510716849553892,0.8952927904830273
1181,Volaris Group,2,0.00020510716849553892,0.8954978976515229
1182,Sezzle,2,0.00020510716849553892,0.8957030048200184
1183,Viridien,2,0.00020510716849553892,0.8959081119885139
1184,Apogee Engineering,2,0.00020510716849553892,0.8961132191570096
1185,Digital Realty,2,0.00020510716849553892,0.8963183263255051
1186,Heron Power,2,0.00020510716849553892,0.8965234334940007
1187,Deckers Brands,2,0.00020510716849553892,0.8967285406624962
1188,Flywire,2,0.00020510716849553892,0.8969336478309917
1189,Smartly.io,2,0.00020510716849553892,0.8971387549994873
1190,Astera,2,0.00020510716849553892,0.8973438621679828
1191,Altamira Technologies,2,0.00020510716849553892,0.8975489693364783
1192,Docugami,2,0.00020510716849553892,0.8977540765049739
1193,Arine,2,0.00020510716849553892,0.8979591836734694
1194,Ancestry,2,0.00020510716849553892,0.8981642908419649
1195,Blackboard,2,0.00020510716849553892,0.8983693980104605
1196,LINQ,2,0.00020510716849553892,0.898574505178956
1197,Melotech,2,0.00020510716849553892,0.8987796123474515
1198,TheGuarantors,2,0.00020510716849553892,0.898984719515947
1199,Ultra Intelligence and Communications,2,0.00020510716849553892,0.8991898266844426
1200,Jade Global,2,0.00020510716849553892,0.8993949338529381
1201,SunSource,2,0.00020510716849553892,0.8996000410214336
1202,iHerb,2,0.00020510716849553892,0.8998051481899292
1203,Syneos Health,2,0.00020510716849553892,0.9000102553584248
1204,Duke University,2,0.00020510716849553892,0.9002153625269204
1205,Cushman & Wakefield,2,0.00020510716849553892,0.9004204696954159
1206,Kong,2,0.00020510716849553892,0.9006255768639114
1207,MarketAxess,2,0.00020510716849553892,0.900830684032407
1208,NEC Software Solutions,2,0.00020510716849553892,0.9010357912009025
1209,Institute of Foundation Models,2,0.00020510716849553892,0.901240898369398
1210,Neighborly,2,0.00020510716849553892,0.9014460055378936
1211,Tempo,2,0.00020510716849553892,0.9016511127063891
1212,pony.ai,2,0.00020510716849553892,0.9018562198748846
1213,Standard Aero,1,0.00010255358424776946,0.9019587734591324
1214,Oaktree Capital Management,1,0.00010255358424776946,0.9020613270433802
1215,Strada Education Foundation,1,0.00010255358424776946,0.902163880627628
1216,Daikin Applied,1,0.00010255358424776946,0.9022664342118757
1217,AffiniPay,1,0.00010255358424776946,0.9023689877961235
1218,Sumitomo Mitsui Banking Corporation,1,0.00010255358424776946,0.9024715413803712
1219,Gemini,1,0.00010255358424776946,0.902574094964619
1220,Invenergy,1,0.00010255358424776946,0.9026766485488668
1221,Teamworks,1,0.00010255358424776946,0.9027792021331146
1222,Trillium,1,0.00010255358424776946,0.9028817557173623
1223,Awetomaton,1,0.00010255358424776946,0.9029843093016101
1224,Attain Partners,1,0.00010255358424776946,0.9030868628858578
1225,PayPal,1,0.00010255358424776946,0.9031894164701056
1226,ispace,1,0.00010255358424776946,0.9032919700543534
1227,Take Two,1,0.00010255358424776946,0.9033945236386012
1228,The National Football League,1,0.00010255358424776946,0.9034970772228489
1229,Westinghouse,1,0.00010255358424776946,0.9035996308070967
1230,Labcorp,1,0.00010255358424776946,0.9037021843913445
1231,Disney,1,0.00010255358424776946,0.9038047379755922
1232,Capital Power,1,0.00010255358424776946,0.9039072915598401
1233,BioMed Realty,1,0.00010255358424776946,0.9040098451440878
1234,Wisk,1,0.00010255358424776946,0.9041123987283356
1235,Atlas Copco Group,1,0.00010255358424776946,0.9042149523125833
1236,Manhattan Associates,1,0.00010255358424776946,0.9043175058968311
1237,Sikich,1,0.00010255358424776946,0.9044200594810788
1238,RaceTrac,1,0.00010255358424776946,0.9045226130653267
1239,Farallon Capital Management,1,0.00010255358424776946,0.9046251666495744
1240,University Corporation for Atmospheric Research,1,0.00010255358424776946,0.9047277202338222
1241,Empire State Realty Trust,1,0.00010255358424776946,0.9048302738180699
1242,Capella Space,1,0.00010255358424776946,0.9049328274023177
1243,Air Products,1,0.00010255358424776946,0.9050353809865654
1244,Freddie Mac,1,0.00010255358424776946,0.9051379345708133
1245,2nd Order Solutions,1,0.00010255358424776946,0.905240488155061
1246,Fifth Third Bank,1,0.00010255358424776946,0.9053430417393088
1247,William Blair,1,0.00010255358424776946,0.9054455953235565
1248,Symmetry Systems,1,0.00010255358424776946,0.9055481489078043
1249,Corcept Therapeutics,1,0.00010255358424776946,0.9056507024920522
1250,FOX,1,0.00010255358424776946,0.9057532560762999
1251,Highmark Health,1,0.00010255358424776946,0.9058558096605477
1252,Sierra,1,0.00010255358424776946,0.9059583632447954
1253,Quest Analytics,1,0.00010255358424776946,0.9060609168290432
1254,Energy Transfer Partners,1,0.00010255358424776946,0.9061634704132909
1255,Talos,1,0.00010255358424776946,0.9062660239975387
1256,Learfield Amplify,1,0.00010255358424776946,0.9063685775817865
1257,Enveda Biosciences,1,0.00010255358424776946,0.9064711311660343
1258,Curriculum Associates,1,0.00010255358424776946,0.906573684750282
1259,Armanino,1,0.00010255358424776946,0.9066762383345298
1260,Shopify,1,0.00010255358424776946,0.9067787919187775
1261,CoBot,1,0.00010255358424776946,0.9068813455030253
1262,Blackstone,1,0.00010255358424776946,0.9069838990872731
1263,Reli,1,0.00010255358424776946,0.9070864526715209
1264,HBK Capital Management,1,0.00010255358424776946,0.9071890062557686
1265,SteerBridge,1,0.00010255358424776946,0.9072915598400164
1266,Zurich Insurance,1,0.00010255358424776946,0.9073941134242641
1267,AMC Networks,1,0.00010255358424776946,0.907496667008512
1268,Kontoor Brands,1,0.00010255358424776946,0.9075992205927598
1269,SCS Engineers,1,0.00010255358424776946,0.9077017741770075
1270,Ensign-Bickford Aerospace & Defense Company,1,0.00010255358424776946,0.9078043277612553
1271,Cell Signaling Technology,1,0.00010255358424776946,0.907906881345503
1272,Hive Financial Systems,1,0.00010255358424776946,0.9080094349297508
1273,DRW Holdings,1,0.00010255358424776946,0.9081119885139985
1274,The Allen Institute for AI,1,0.00010255358424776946,0.9082145420982464
1275,Wurl,1,0.00010255358424776946,0.9083170956824941
1276,"Markel Group, Inc.",1,0.00010255358424776946,0.9084196492667419
1277,Fastly,1,0.00010255358424776946,0.9085222028509896
1278,Saab,1,0.00010255358424776946,0.9086247564352374
1279,Avery Dennison,1,0.00010255358424776946,0.9087273100194851
1280,Autostore,1,0.00010255358424776946,0.908829863603733
1281,Nex,1,0.00010255358424776946,0.9089324171879807
1282,AltaGas,1,0.00010255358424776946,0.9090349707722285
1283,Desjardins Group,1,0.00010255358424776946,0.9091375243564762
1284,Fehr & Peers,1,0.00010255358424776946,0.909240077940724
1285,A Thinking Ape,1,0.00010255358424776946,0.9093426315249717
1286,WellSky,1,0.00010255358424776946,0.9094451851092196
1287,STR,1,0.00010255358424776946,0.9095477386934674
1288,Ultima Genomics,1,0.00010255358424776946,0.9096502922777151
1289,Tive,1,0.00010255358424776946,0.9097528458619629
1290,CoLab Software,1,0.00010255358424776946,0.9098553994462106
1291,Geico,1,0.00010255358424776946,0.9099579530304585
1292,Nordstrom,1,0.00010255358424776946,0.9100605066147062
1293,Guidehouse,1,0.00010255358424776946,0.910163060198954
1294,StepStone Group,1,0.00010255358424776946,0.9102656137832017
1295,Shoppers Drug Mart,1,0.00010255358424776946,0.9103681673674495
1296,Cambria,1,0.00010255358424776946,0.9104707209516972
1297,Kapitus,1,0.00010255358424776946,0.910573274535945
1298,Civil & Environmental Consultants,1,0.00010255358424776946,0.9106758281201928
1299,Obsidian Security,1,0.00010255358424776946,0.9107783817044406
1300,OLG,1,0.00010255358424776946,0.9108809352886883
1301,Charles Schwab,1,0.00010255358424776946,0.9109834888729361
1302,Eli Lilly and Company,1,0.00010255358424776946,0.9110860424571838
1303,Mach9,1,0.00010255358424776946,0.9111885960414317
1304,ExxonMobil,1,0.00010255358424776946,0.9112911496256794
1305,CHS,1,0.00010255358424776946,0.9113937032099272
1306,Ursa Major,1,0.00010255358424776946,0.911496256794175
1307,Ernst & Young,1,0.00010255358424776946,0.9115988103784227
1308,Foley Hoag,1,0.00010255358424776946,0.9117013639626705
1309,Legrand NA,1,0.00010255358424776946,0.9118039175469183
1310,Boomi,1,0.00010255358424776946,0.9119064711311661
1311,10x Genomics,1,0.00010255358424776946,0.9120090247154138
1312,The State Bar of California,1,0.00010255358424776946,0.9121115782996616
1313,CSC,1,0.00010255358424776946,0.9122141318839093
1314,GSD&M,1,0.00010255358424776946,0.9123166854681571
1315,GoMaterials,1,0.00010255358424776946,0.9124192390524049
1316,Hex Technologies,1,0.00010255358424776946,0.9125217926366527
1317,Weatherford,1,0.00010255358424776946,0.9126243462209004
1318,Airspace Intelligence,1,0.00010255358424776946,0.9127268998051482
1319,AGCO,1,0.00010255358424776946,0.9128294533893959
1320,Citadel,1,0.00010255358424776946,0.9129320069736437
1321,California ISO,1,0.00010255358424776946,0.9130345605578915
1322,Verisign,1,0.00010255358424776946,0.9131371141421393
1323,Saputo,1,0.00010255358424776946,0.913239667726387
1324,Electric Power Engineers,1,0.00010255358424776946,0.9133422213106348
1325,Greenwood Village South,1,0.00010255358424776946,0.9134447748948826
1326,GlossGenius,1,0.00010255358424776946,0.9135473284791303
1327,Tandem,1,0.00010255358424776946,0.9136498820633782
1328,Ameriprise Financial,1,0.00010255358424776946,0.9137524356476259
1329,Kearny Bank,1,0.00010255358424776946,0.9138549892318737
1330,AbelsonTaylor,1,0.00010255358424776946,0.9139575428161214
1331,Hilcorp,1,0.00010255358424776946,0.9140600964003692
1332,Endeavor,1,0.00010255358424776946,0.9141626499846169
1333,Eyebot,1,0.00010255358424776946,0.9142652035688648
1334,Clarios,1,0.00010255358424776946,0.9143677571531125
1335,Tokio Marine Kiln,1,0.00010255358424776946,0.9144703107373603
1336,Focus Financial Partners,1,0.00010255358424776946,0.914572864321608
1337,Silicon Laboratories,1,0.00010255358424776946,0.9146754179058558
1338,BC Pensions,1,0.00010255358424776946,0.9147779714901035
1339,Klaviyo,1,0.00010255358424776946,0.9148805250743514
1340,Echo Global Logistics,1,0.00010255358424776946,0.9149830786585991
1341,Sphere Entertainment Co.,1,0.00010255358424776946,0.9150856322428469
1342,Aviva,1,0.00010255358424776946,0.9151881858270946
1343,Sentry Insurance,1,0.00010255358424776946,0.9152907394113424
1344,MSG Entertainment,1,0.00010255358424776946,0.9153932929955902
1345,Criteo,1,0.00010255358424776946,0.915495846579838
1346,MEMIC,1,0.00010255358424776946,0.9155984001640858
1347,Hilb Group,1,0.00010255358424776946,0.9157009537483335
1348,Abridge,1,0.00010255358424776946,0.9158035073325813
1349,Patreon,1,0.00010255358424776946,0.915906060916829
1350,Element Fleet Management,1,0.00010255358424776946,0.9160086145010768
1351,Ironclad,1,0.00010255358424776946,0.9161111680853246
1352,Voldex,1,0.00010255358424776946,0.9162137216695724
1353,Sprinter Health,1,0.00010255358424776946,0.9163162752538201
1354,Trend Micro,1,0.00010255358424776946,0.9164188288380679
1355,Rugged Robotics,1,0.00010255358424776946,0.9165213824223156
1356,Quantbot Technologies,1,0.00010255358424776946,0.9166239360065634
1357,Squarespace,1,0.00010255358424776946,0.9167264895908112
1358,Idaho National Laboratory,1,0.00010255358424776946,0.916829043175059
1359,Verizon Communications,1,0.00010255358424776946,0.9169315967593067
1360,Harvey,1,0.00010255358424776946,0.9170341503435545
1361,Box,1,0.00010255358424776946,0.9171367039278022
1362,Blizzard Entertainment,1,0.00010255358424776946,0.91723925751205
1363,Checkr,1,0.00010255358424776946,0.9173418110962979
1364,The Travelers Companies,1,0.00010255358424776946,0.9174443646805456
1365,International Monetary Fund,1,0.00010255358424776946,0.9175469182647934
1366,Acadian Asset Management,1,0.00010255358424776946,0.9176494718490411
1367,Esri,1,0.00010255358424776946,0.9177520254332889
1368,Finastra,1,0.00010255358424776946,0.9178545790175366
1369,Momentive,1,0.00010255358424776946,0.9179571326017845
1370,Synthego,1,0.00010255358424776946,0.9180596861860322
1371,Anomali,1,0.00010255358424776946,0.91816223977028
1372,SALT XC,1,0.00010255358424776946,0.9182647933545277
1373,Medical Informatics Engineering,1,0.00010255358424776946,0.9183673469387755
1374,Greystar Worldwide,1,0.00010255358424776946,0.9184699005230232
1375,WWE,1,0.00010255358424776946,0.9185724541072711
1376,Dollar Tree,1,0.00010255358424776946,0.9186750076915188
1377,GuideStone,1,0.00010255358424776946,0.9187775612757666
1378,Boston Consulting Group,1,0.00010255358424776946,0.9188801148600143
1379,Memorial Hermann,1,0.00010255358424776946,0.9189826684442621
1380,Everest,1,0.00010255358424776946,0.91908522202851
1381,Parallel Web Systems,1,0.00010255358424776946,0.9191877756127577
1382,Toll Brothers,1,0.00010255358424776946,0.9192903291970055
1383,Red Ventures,1,0.00010255358424776946,0.9193928827812532
1384,Frontier Economics,1,0.00010255358424776946,0.919495436365501
1385,Dryft,1,0.00010255358424776946,0.9195979899497487
1386,Auctor,1,0.00010255358424776946,0.9197005435339966
1387,Prior Labs,1,0.00010255358424776946,0.9198030971182443
1388,VITAS Healthcare,1,0.00010255358424776946,0.9199056507024921
1389,Polaris,1,0.00010255358424776946,0.9200082042867398
1390,Citadel Securities,1,0.00010255358424776946,0.9201107578709876
1391,OceanX,1,0.00010255358424776946,0.9202133114552353
1392,Axsome Therapeutics Inc,1,0.00010255358424776946,0.9203158650394831
1393,Huron,1,0.00010255358424776946,0.9204184186237309
1394,Basis Research Institute,1,0.00010255358424776946,0.9205209722079787
1395,Johns Manville (JM),1,0.00010255358424776946,0.9206235257922264
1396,Sereact,1,0.00010255358424776946,0.9207260793764742
1397,Montenson,1,0.00010255358424776946,0.9208286329607219
1398,Kimley-Horn,1,0.00010255358424776946,0.9209311865449697
1399,Blue Cross and Blue Shield of North Carolina,1,0.00010255358424776946,0.9210337401292176
1400,Barr,1,0.00010255358424776946,0.9211362937134653
1401,Corteva,1,0.00010255358424776946,0.9212388472977131
1402,NRECA International,1,0.00010255358424776946,0.9213414008819608
1403,Woodward Governor,1,0.00010255358424776946,0.9214439544662086
1404,OPENLANE,1,0.00010255358424776946,0.9215465080504563
1405,Zions Bank,1,0.00010255358424776946,0.9216490616347042
1406,PHI Air Medical,1,0.00010255358424776946,0.9217516152189519
1407,Muon Space,1,0.00010255358424776946,0.9218541688031997
1408,Health-E Commerce,1,0.00010255358424776946,0.9219567223874474
1409,Mikata Health,1,0.00010255358424776946,0.9220592759716952
1410,Dyson,1,0.00010255358424776946,0.922161829555943
1411,Perchwell,1,0.00010255358424776946,0.9222643831401908
1412,Weyerhaeuser,1,0.00010255358424776946,0.9223669367244385
1413,Centric Brands,1,0.00010255358424776946,0.9224694903086863
1414,KCI Technologies,1,0.00010255358424776946,0.922572043892934
1415,Albemarle,1,0.00010255358424776946,0.9226745974771818
1416,Transamerica,1,0.00010255358424776946,0.9227771510614295
1417,IVX Health,1,0.00010255358424776946,0.9228797046456774
1418,Polk County,1,0.00010255358424776946,0.9229822582299252
1419,Conner Strong & Buckelew,1,0.00010255358424776946,0.9230848118141729
1420,HeartFlow,1,0.00010255358424776946,0.9231873653984207
1421,Exa Labs,1,0.00010255358424776946,0.9232899189826684
1422,Orbital Materials,1,0.00010255358424776946,0.9233924725669163
1423,Federal Home Loan Bank of New York,1,0.00010255358424776946,0.923495026151164
1424,Atrium Health,1,0.00010255358424776946,0.9235975797354118
1425,Charge Robotics,1,0.00010255358424776946,0.9237001333196595
1426,Fullscript,1,0.00010255358424776946,0.9238026869039073
1427,UW Credit Union,1,0.00010255358424776946,0.923905240488155
1428,Kroll Bond Rating Agency,1,0.00010255358424776946,0.9240077940724029
1429,Lonza,1,0.00010255358424776946,0.9241103476566506
1430,American Family Insurance Group,1,0.00010255358424776946,0.9242129012408984
1431,SuccessKPI,1,0.00010255358424776946,0.9243154548251461
1432,AgWest Farm Credit,1,0.00010255358424776946,0.9244180084093939
1433,Blue Cross of Idaho,1,0.00010255358424776946,0.9245205619936416
1434,Vixxo,1,0.00010255358424776946,0.9246231155778895
1435,Rundoo,1,0.00010255358424776946,0.9247256691621372
1436,Super Micro Computer,1,0.00010255358424776946,0.924828222746385
1437,IA Collaborative,1,0.00010255358424776946,0.9249307763306328
1438,Ovintiv,1,0.00010255358424776946,0.9250333299148805
1439,Giga AI,1,0.00010255358424776946,0.9251358834991283
1440,QuinStreet,1,0.00010255358424776946,0.925238437083376
1441,Journal Technologies,1,0.00010255358424776946,0.9253409906676239
1442,Blue Cross Blue Shield of Michigan,1,0.00010255358424776946,0.9254435442518716
1443,Genesis Therapeutics,1,0.00010255358424776946,0.9255460978361194
1444,StoneX Group,1,0.00010255358424776946,0.9256486514203671
1445,Kodak,1,0.00010255358424776946,0.9257512050046149
1446,PhysicsX,1,0.00010255358424776946,0.9258537585888627
1447,Perseus Group,1,0.00010255358424776946,0.9259563121731105
1448,Valmont,1,0.00010255358424776946,0.9260588657573582
1449,Carter's,1,0.00010255358424776946,0.926161419341606
1450,ExodusPoint,1,0.00010255358424776946,0.9262639729258537
1451,Patterson,1,0.00010255358424776946,0.9263665265101015
1452,Endeavor Health,1,0.00010255358424776946,0.9264690800943493
1453,IQVIA,1,0.00010255358424776946,0.9265716336785971
1454,WhatNot,1,0.00010255358424776946,0.9266741872628448
1455,Medra,1,0.00010255358424776946,0.9267767408470926
1456,Mercor,1,0.00010255358424776946,0.9268792944313404
1457,Infleqtion,1,0.00010255358424776946,0.9269818480155881
1458,Humana,1,0.00010255358424776946,0.927084401599836
1459,LaunchDarkly,1,0.00010255358424776946,0.9271869551840837
1460,m13,1,0.00010255358424776946,0.9272895087683315
1461,Keyrock,1,0.00010255358424776946,0.9273920623525792
1462,Integration Innovation (i3),1,0.00010255358424776946,0.927494615936827
1463,TensorWave,1,0.00010255358424776946,0.9275971695210747
1464,Spring Venture Group,1,0.00010255358424776946,0.9276997231053226
1465,Affiliated Engineers,1,0.00010255358424776946,0.9278022766895703
1466,NV5 Global,1,0.00010255358424776946,0.9279048302738181
1467,Vermeer,1,0.00010255358424776946,0.9280073838580658
1468,KSM,1,0.00010255358424776946,0.9281099374423136
1469,Unilever,1,0.00010255358424776946,0.9282124910265613
1470,Ideas United,1,0.00010255358424776946,0.9283150446108092
1471,Amgen,1,0.00010255358424776946,0.9284175981950569
1472,C.H. Robinson,1,0.00010255358424776946,0.9285201517793047
1473,Joint Commission International,1,0.00010255358424776946,0.9286227053635524
1474,Steampunk,1,0.00010255358424776946,0.9287252589478002
1475,American Heart Association,1,0.00010255358424776946,0.928827812532048
1476,Harris Central Appraisal District,1,0.00010255358424776946,0.9289303661162958
1477,Royal Caribbean Group,1,0.00010255358424776946,0.9290329197005436
1478,Wavetronix,1,0.00010255358424776946,0.9291354732847913
1479,Sanctuary AI,1,0.00010255358424776946,0.9292380268690391
1480,Appen,1,0.00010255358424776946,0.9293405804532868
1481,Arconic,1,0.00010255358424776946,0.9294431340375346
1482,Aypa Power,1,0.00010255358424776946,0.9295456876217824
1483,Lucid Bots,1,0.00010255358424776946,0.9296482412060302
1484,Arcellx,1,0.00010255358424776946,0.9297507947902779
1485,Mercury,1,0.00010255358424776946,0.9298533483745257
1486,Neuberger Berman,1,0.00010255358424776946,0.9299559019587734
1487,BlinqLABS,1,0.00010255358424776946,0.9300584555430212
1488,Barkback,1,0.00010255358424776946,0.930161009127269
1489,Mytra,1,0.00010255358424776946,0.9302635627115168
1490,Flowserve,1,0.00010255358424776946,0.9303661162957645
1491,TRIC Robotics,1,0.00010255358424776946,0.9304686698800123
1492,Apex Clean Energy,1,0.00010255358424776946,0.93057122346426
1493,FanDuel,1,0.00010255358424776946,0.9306737770485078
1494,Cornerstone Building Brands,1,0.00010255358424776946,0.9307763306327557
1495,Codeage,1,0.00010255358424776946,0.9308788842170034
1496,Scopely,1,0.00010255358424776946,0.9309814378012512
1497,1X,1,0.00010255358424776946,0.9310839913854989
1498,Maybell Quantum Industries,1,0.00010255358424776946,0.9311865449697467
1499,7-Eleven,1,0.00010255358424776946,0.9312890985539944
1500,Emory University,1,0.00010255358424776946,0.9313916521382423
1501,Colliers,1,0.00010255358424776946,0.93149420572249
1502,McKinney,1,0.00010255358424776946,0.9315967593067378
1503,WebAI,1,0.00010255358424776946,0.9316993128909855
1504,ConductorOne,1,0.00010255358424776946,0.9318018664752333
1505,Accor,1,0.00010255358424776946,0.931904420059481
1506,Beta Technologies,1,0.00010255358424776946,0.9320069736437289
1507,UnitedMasters,1,0.00010255358424776946,0.9321095272279766
1508,Gorgias,1,0.00010255358424776946,0.9322120808122244
1509,Vercel,1,0.00010255358424776946,0.9323146343964721
1510,Unanet,1,0.00010255358424776946,0.9324171879807199
1511,Five Below,1,0.00010255358424776946,0.9325197415649676
1512,Dorsia,1,0.00010255358424776946,0.9326222951492155
1513,PNC Financial Services,1,0.00010255358424776946,0.9327248487334633
1514,Texas Capital Bank,1,0.00010255358424776946,0.932827402317711
1515,LTA Research,1,0.00010255358424776946,0.9329299559019588
1516,ButcherBox,1,0.00010255358424776946,0.9330325094862065
1517,Infojini,1,0.00010255358424776946,0.9331350630704544
1518,Louis Dreyfus Company,1,0.00010255358424776946,0.9332376166547021
1519,LAXIR,1,0.00010255358424776946,0.9333401702389499
1520,HCompany,1,0.00010255358424776946,0.9334427238231976
1521,Brex,1,0.00010255358424776946,0.9335452774074454
1522,IMO Health,1,0.00010255358424776946,0.9336478309916931
1523,Weisiger Group,1,0.00010255358424776946,0.933750384575941
1524,CLO Virtual Fashion,1,0.00010255358424776946,0.9338529381601887
1525,Upstream USA,1,0.00010255358424776946,0.9339554917444365
1526,Juvare,1,0.00010255358424776946,0.9340580453286842
1527,Sika,1,0.00010255358424776946,0.934160598912932
1528,HELLBENDER,1,0.00010255358424776946,0.9342631524971797
1529,Sinclair,1,0.00010255358424776946,0.9343657060814275
1530,Ada,1,0.00010255358424776946,0.9344682596656753
1531,1-800 Contacts,1,0.00010255358424776946,0.9345708132499231
1532,Koppers,1,0.00010255358424776946,0.9346733668341709
1533,Correlation One,1,0.00010255358424776946,0.9347759204184186
1534,Brookfield,1,0.00010255358424776946,0.9348784740026664
1535,Samaya,1,0.00010255358424776946,0.9349810275869141
1536,Skyward,1,0.00010255358424776946,0.935083581171162
1537,SFMOMA,1,0.00010255358424776946,0.9351861347554097
1538,Allied Solutions,1,0.00010255358424776946,0.9352886883396575
1539,Ntrepid Corporation,1,0.00010255358424776946,0.9353912419239052
1540,Starr Insurance,1,0.00010255358424776946,0.935493795508153
1541,Treehouse Strategy and Communications,1,0.00010255358424776946,0.9355963490924007
1542,Allegis Global Solutions,1,0.00010255358424776946,0.9356989026766486
1543,Glencore,1,0.00010255358424776946,0.9358014562608963
1544,OptiRTC,1,0.00010255358424776946,0.9359040098451441
1545,Acadia Pharmaceuticals,1,0.00010255358424776946,0.9360065634293918
1546,RF-SMART,1,0.00010255358424776946,0.9361091170136396
1547,World Kinect,1,0.00010255358424776946,0.9362116705978873
1548,Professional Case Management,1,0.00010255358424776946,0.9363142241821352
1549,Taiho Oncology,1,0.00010255358424776946,0.936416777766383
1550,AXQ Capital,1,0.00010255358424776946,0.9365193313506307
1551,Serval,1,0.00010255358424776946,0.9366218849348785
1552,Comstock Companies,1,0.00010255358424776946,0.9367244385191262
1553,MFS,1,0.00010255358424776946,0.9368269921033741
1554,Concord,1,0.00010255358424776946,0.9369295456876218
1555,Standard Insurance,1,0.00010255358424776946,0.9370320992718696
1556,Tastylive,1,0.00010255358424776946,0.9371346528561173
1557,NewYork-Presbyterian,1,0.00010255358424776946,0.9372372064403651
1558,Wing,1,0.00010255358424776946,0.9373397600246128
1559,Larian Studios,1,0.00010255358424776946,0.9374423136088607
1560,tastytrade,1,0.00010255358424776946,0.9375448671931084
1561,Parexel,1,0.00010255358424776946,0.9376474207773562
1562,ID.me,1,0.00010255358424776946,0.9377499743616039
1563,Starburst,1,0.00010255358424776946,0.9378525279458517
1564,Apex Companies,1,0.00010255358424776946,0.9379550815300994
1565,LAIKA Studios,1,0.00010255358424776946,0.9380576351143473
1566,Nooks,1,0.00010255358424776946,0.938160188698595
1567,Frazer-Nash Consultancy,1,0.00010255358424776946,0.9382627422828428
1568,Phia,1,0.00010255358424776946,0.9383652958670906
1569,UntilLabs,1,0.00010255358424776946,0.9384678494513383
1570,Vulcan Elements,1,0.00010255358424776946,0.9385704030355861
1571,OpenAI,1,0.00010255358424776946,0.9386729566198339
1572,Noda,1,0.00010255358424776946,0.9387755102040817
1573,Argo Group,1,0.00010255358424776946,0.9388780637883294
1574,Signifyd,1,0.00010255358424776946,0.9389806173725772
1575,Cart.com,1,0.00010255358424776946,0.9390831709568249
1576,Arctic Wolf,1,0.00010255358424776946,0.9391857245410727
1577,SolarWinds,1,0.00010255358424776946,0.9392882781253205
1578,Monarch Money,1,0.00010255358424776946,0.9393908317095683
1579,Insomniac,1,0.00010255358424776946,0.939493385293816
1580,Lydian,1,0.00010255358424776946,0.9395959388780638
1581,Idaho Housing and Finance Assocication,1,0.00010255358424776946,0.9396984924623115
1582,Grassroots Analytics,1,0.00010255358424776946,0.9398010460465593
1583,Daniels Health,1,0.00010255358424776946,0.939903599630807
1584,Tidal Financial Group,1,0.00010255358424776946,0.9400061532150549
1585,Udig,1,0.00010255358424776946,0.9401087067993026
1586,MetroStar,1,0.00010255358424776946,0.9402112603835504
1587,Cross River Bank,1,0.00010255358424776946,0.9403138139677982
1588,Maricopa County,1,0.00010255358424776946,0.9404163675520459
1589,Seamless.AI,1,0.00010255358424776946,0.9405189211362938
1590,Cardinal Health,1,0.00010255358424776946,0.9406214747205415
1591,Cirque du Soleil,1,0.00010255358424776946,0.9407240283047893
1592,Caliber,1,0.00010255358424776946,0.940826581889037
1593,PBS,1,0.00010255358424776946,0.9409291354732848
1594,Glimpse Engineering,1,0.00010255358424776946,0.9410316890575325
1595,Rakuten,1,0.00010255358424776946,0.9411342426417804
1596,Profluent,1,0.00010255358424776946,0.9412367962260281
1597,Alayacare,1,0.00010255358424776946,0.9413393498102759
1598,Proxima,1,0.00010255358424776946,0.9414419033945236
1599,Unwrap,1,0.00010255358424776946,0.9415444569787714
1600,Ultra Maritime,1,0.00010255358424776946,0.9416470105630191
1601,Robert Bosch,1,0.00010255358424776946,0.941749564147267
1602,Hermeus,1,0.00010255358424776946,0.9418521177315147
1603,Golden Hippo,1,0.00010255358424776946,0.9419546713157625
1604,USAFacts,1,0.00010255358424776946,0.9420572249000102
1605,Capital Rx,1,0.00010255358424776946,0.942159778484258
1606,Universal Music Group Careers,1,0.00010255358424776946,0.9422623320685058
1607,Vevo,1,0.00010255358424776946,0.9423648856527536
1608,Telesat,1,0.00010255358424776946,0.9424674392370014
1609,Snap-on,1,0.00010255358424776946,0.9425699928212491
1610,Lightspeed Systems,1,0.00010255358424776946,0.9426725464054969
1611,Allegro MicroSystems,1,0.00010255358424776946,0.9427750999897446
1612,American Cancer Society Cancer Action Network,1,0.00010255358424776946,0.9428776535739924
1613,YOU.com,1,0.00010255358424776946,0.9429802071582402
1614,American Cancer Society,1,0.00010255358424776946,0.943082760742488
1615,Cohere,1,0.00010255358424776946,0.9431853143267357
1616,Tekton,1,0.00010255358424776946,0.9432878679109835
1617,Arrowstreet Capital,1,0.00010255358424776946,0.9433904214952312
1618,Maven Securities,1,0.00010255358424776946,0.943492975079479
1619,Interactive Brokers,1,0.00010255358424776946,0.9435955286637268
1620,Juniper Square,1,0.00010255358424776946,0.9436980822479746
1621,SpotHero,1,0.00010255358424776946,0.9438006358322223
1622,Trackonomy,1,0.00010255358424776946,0.9439031894164701
1623,Techtronic Industries,1,0.00010255358424776946,0.9440057430007178
1624,University of Maryland - College Park,1,0.00010255358424776946,0.9441082965849656
1625,Neo4j,1,0.00010255358424776946,0.9442108501692135
1626,ProPharma Group,1,0.00010255358424776946,0.9443134037534612
1627,Otis,1,0.00010255358424776946,0.944415957337709
1628,Teleo,1,0.00010255358424776946,0.9445185109219567
1629,Mizuho Securities USA,1,0.00010255358424776946,0.9446210645062045
1630,Trainerize,1,0.00010255358424776946,0.9447236180904522
1631,Internship,1,0.00010255358424776946,0.9448261716747001
1632,Equativ,1,0.00010255358424776946,0.9449287252589478
1633,Akuna Capital,1,0.00010255358424776946,0.9450312788431956
1634,Forward Networks,1,0.00010255358424776946,0.9451338324274433
1635,Brooks Automation,1,0.00010255358424776946,0.9452363860116911
1636,DH Pace,1,0.00010255358424776946,0.9453389395959388
1637,Insperity,1,0.00010255358424776946,0.9454414931801867
1638,Occidental Petroleum,1,0.00010255358424776946,0.9455440467644344
1639,3M,1,0.00010255358424776946,0.9456466003486822
1640,FanThreeSixty,1,0.00010255358424776946,0.9457491539329299
1641,Specialisterne,1,0.00010255358424776946,0.9458517075171777
1642,Occidental Petroleum Corporation (Oxy),1,0.00010255358424776946,0.9459542611014254
1643,Smiths Detection,1,0.00010255358424776946,0.9460568146856733
1644,OCC,1,0.00010255358424776946,0.9461593682699211
1645,PEAK6,1,0.00010255358424776946,0.9462619218541688
1646,Bob's Discount Furniture,1,0.00010255358424776946,0.9463644754384166
1647,Strand Therapeutics,1,0.00010255358424776946,0.9464670290226643
1648,Premier Truck Rental,1,0.00010255358424776946,0.9465695826069122
1649,Creative Artists Agency,1,0.00010255358424776946,0.9466721361911599
1650,PowerSchool Group,1,0.00010255358424776946,0.9467746897754077
1651,ARRAY Technologies,1,0.00010255358424776946,0.9468772433596554
1652,Gunvor,1,0.00010255358424776946,0.9469797969439032
1653,Notability,1,0.00010255358424776946,0.9470823505281509
1654,International Mission Board,1,0.00010255358424776946,0.9471849041123988
1655,Long Wall,1,0.00010255358424776946,0.9472874576966465
1656,MultiCare Health System,1,0.00010255358424776946,0.9473900112808943
1657,Aevex Aerospace,1,0.00010255358424776946,0.947492564865142
1658,Forerunner,1,0.00010255358424776946,0.9475951184493898
1659,Hanna Andersson,1,0.00010255358424776946,0.9476976720336375
1660,BioAgilytix,1,0.00010255358424776946,0.9478002256178854
1661,Foundation,1,0.00010255358424776946,0.9479027792021331
1662,Piper Sandler,1,0.00010255358424776946,0.9480053327863809
1663,Telix Pharmaceuticals,1,0.00010255358424776946,0.9481078863706287
1664,Savage X Fenty,1,0.00010255358424776946,0.9482104399548764
1665,Neighbor,1,0.00010255358424776946,0.9483129935391242
1666,Gensler,1,0.00010255358424776946,0.948415547123372
1667,Julius Baer,1,0.00010255358424776946,0.9485181007076198
1668,GoFundMe,1,0.00010255358424776946,0.9486206542918675
1669,Blue Cross Blue Shield of Rhode Island,1,0.00010255358424776946,0.9487232078761153
1670,PowerSchool,1,0.00010255358424776946,0.948825761460363
1671,SOTI,1,0.00010255358424776946,0.9489283150446108
1672,S&T Bank,1,0.00010255358424776946,0.9490308686288585
1673,STCU,1,0.00010255358424776946,0.9491334222131064
1674,MetOx International,1,0.00010255358424776946,0.9492359757973541
1675,Horizon Industries,1,0.00010255358424776946,0.9493385293816019
1676,Exact Sciences,1,0.00010255358424776946,0.9494410829658496
1677,Wasabi,1,0.00010255358424776946,0.9495436365500974
1678,Redwood Credit Union,1,0.00010255358424776946,0.9496461901343451
1679,K1,1,0.00010255358424776946,0.949748743718593
1680,Safran,1,0.00010255358424776946,0.9498512973028407
1681,Defense Unicorns,1,0.00010255358424776946,0.9499538508870885
1682,Vantage,1,0.00010255358424776946,0.9500564044713363
1683,Particle Measuring Systems,1,0.00010255358424776946,0.950158958055584
1684,Northwest Bank,1,0.00010255358424776946,0.9502615116398319
1685,Tahoe Therapeutics,1,0.00010255358424776946,0.9503640652240796
1686,Ivo,1,0.00010255358424776946,0.9504666188083274
1687,UserTesting,1,0.00010255358424776946,0.9505691723925751
1688,Texas Rangers,1,0.00010255358424776946,0.9506717259768229
1689,University of Texas at Austin,1,0.00010255358424776946,0.9507742795610706
1690,Authentic,1,0.00010255358424776946,0.9508768331453185
1691,Affirm,1,0.00010255358424776946,0.9509793867295662
1692,Centrica,1,0.00010255358424776946,0.951081940313814
1693,Givelify,1,0.00010255358424776946,0.9511844938980617
1694,State of Wisconsin Investment Board,1,0.00010255358424776946,0.9512870474823095
1695,Vishay Intertechnology,1,0.00010255358424776946,0.9513896010665572
1696,City Of Olathe,1,0.00010255358424776946,0.951492154650805
1697,ALKU,1,0.00010255358424776946,0.9515947082350528
1698,Intrepid Direct Insurance,1,0.00010255358424776946,0.9516972618193006
1699,esVolta,1,0.00010255358424776946,0.9517998154035483
1700,Arvinas,1,0.00010255358424776946,0.9519023689877961
1701,Waters,1,0.00010255358424776946,0.9520049225720439
1702,DESIGNME Hair,1,0.00010255358424776946,0.9521074761562917
1703,Shure,1,0.00010255358424776946,0.9522100297405395
1704,Drivemode,1,0.00010255358424776946,0.9523125833247872
1705,Direct Supply,1,0.00010255358424776946,0.952415136909035
1706,Howden,1,0.00010255358424776946,0.9525176904932827
1707,Bloomberg Philanthropies,1,0.00010255358424776946,0.9526202440775305
1708,Spellman High Voltage Electronics,1,0.00010255358424776946,0.9527227976617783
1709,DevRev,1,0.00010255358424776946,0.9528253512460261
1710,Banco Bilbao Vizcaya Argentaria,1,0.00010255358424776946,0.9529279048302738
1711,Zello,1,0.00010255358424776946,0.9530304584145216
1712,Simmons Bank,1,0.00010255358424776946,0.9531330119987693
1713,Redhorse,1,0.00010255358424776946,0.9532355655830171
1714,Double Good,1,0.00010255358424776946,0.9533381191672649
1715,Illumio,1,0.00010255358424776946,0.9534406727515127
1716,Posit PBC (formerly RStudio),1,0.00010255358424776946,0.9535432263357604
1717,Agentis Capital,1,0.00010255358424776946,0.9536457799200082
1718,Treefera,1,0.00010255358424776946,0.9537483335042559
1719,Erickson Senior Living,1,0.00010255358424776946,0.9538508870885037
1720,BS&A Software,1,0.00010255358424776946,0.9539534406727516
1721,CalAmp,1,0.00010255358424776946,0.9540559942569993
1722,Coverdash,1,0.00010255358424776946,0.9541585478412471
1723,Cognitiv,1,0.00010255358424776946,0.9542611014254948
1724,Otter Products,1,0.00010255358424776946,0.9543636550097426
1725,Dmg Media,1,0.00010255358424776946,0.9544662085939903
1726,Iovance Biotherapeutics,1,0.00010255358424776946,0.9545687621782382
1727,Extreme Networks,1,0.00010255358424776946,0.9546713157624859
1728,Meriton,1,0.00010255358424776946,0.9547738693467337
1729,GSK,1,0.00010255358424776946,0.9548764229309814
1730,American Rare Earths,1,0.00010255358424776946,0.9549789765152292
1731,IBM,1,0.00010255358424776946,0.9550815300994769
1732,Osmo,1,0.00010255358424776946,0.9551840836837248
1733,Doximity,1,0.00010255358424776946,0.9552866372679725
1734,American Tower,1,0.00010255358424776946,0.9553891908522203
1735,Hone Health,1,0.00010255358424776946,0.955491744436468
1736,Presence,1,0.00010255358424776946,0.9555942980207158
1737,Salt Lake County,1,0.00010255358424776946,0.9556968516049636
1738,GCM Grosvenor,1,0.00010255358424776946,0.9557994051892114
1739,Hippocratic AI,1,0.00010255358424776946,0.9559019587734592
1740,Dallas College,1,0.00010255358424776946,0.9560045123577069
1741,Fortera,1,0.00010255358424776946,0.9561070659419547
1742,DP World,1,0.00010255358424776946,0.9562096195262024
1743,Democratic Governors Association,1,0.00010255358424776946,0.9563121731104502
1744,Uncountable,1,0.00010255358424776946,0.956414726694698
1745,Insitro,1,0.00010255358424776946,0.9565172802789458
1746,Arcesium,1,0.00010255358424776946,0.9566198338631935
1747,The Access Group,1,0.00010255358424776946,0.9567223874474413
1748,Babel Street,1,0.00010255358424776946,0.956824941031689
1749,BenchSci,1,0.00010255358424776946,0.9569274946159368
1750,First Financial,1,0.00010255358424776946,0.9570300482001846
1751,The Health Management Academy,1,0.00010255358424776946,0.9571326017844324
1752,Peak Energy,1,0.00010255358424776946,0.9572351553686801
1753,Garrett Motion,1,0.00010255358424776946,0.9573377089529279
1754,DataVisor,1,0.00010255358424776946,0.9574402625371756
1755,Lindy,1,0.00010255358424776946,0.9575428161214234
1756,MAT Holdings,1,0.00010255358424776946,0.9576453697056713
1757,AXS,1,0.00010255358424776946,0.957747923289919
1758,OpenX,1,0.00010255358424776946,0.9578504768741668
1759,Marqeta,1,0.00010255358424776946,0.9579530304584145
1760,National Interstate Insurance,1,0.00010255358424776946,0.9580555840426623
1761,Instawork,1,0.00010255358424776946,0.95815813762691
1762,Ardian,1,0.00010255358424776946,0.9582606912111579
1763,Varian,1,0.00010255358424776946,0.9583632447954056
1764,Valsoft Corporation,1,0.00010255358424776946,0.9584657983796534
1765,Newsela,1,0.00010255358424776946,0.9585683519639011
1766,Allegheny County,1,0.00010255358424776946,0.9586709055481489
1767,Pella Corporation,1,0.00010255358424776946,0.9587734591323966
1768,ChampionX,1,0.00010255358424776946,0.9588760127166445
1769,Level AI,1,0.00010255358424776946,0.9589785663008922
1770,Palmetto Clean Technology,1,0.00010255358424776946,0.95908111988514
1771,SpyCloud,1,0.00010255358424776946,0.9591836734693877
1772,Wounded Warrior Project,1,0.00010255358424776946,0.9592862270536355
1773,Brooks Running,1,0.00010255358424776946,0.9593887806378832
1774,Piaggio Fast Forward,1,0.00010255358424776946,0.9594913342221311
1775,Farsight,1,0.00010255358424776946,0.9595938878063789
1776,AI Intern to the CEO,1,0.00010255358424776946,0.9596964413906266
1777,LUZCO,1,0.00010255358424776946,0.9597989949748744
1778,Doctors Without Borders,1,0.00010255358424776946,0.9599015485591221
1779,DEKA Research & Development,1,0.00010255358424776946,0.96000410214337
1780,Agility,1,0.00010255358424776946,0.9601066557276177
1781,Red Bull Advanced Technologies,1,0.00010255358424776946,0.9602092093118655
1782,Hudl,1,0.00010255358424776946,0.9603117628961132
1783,Granite Construction,1,0.00010255358424776946,0.960414316480361
1784,Solenis,1,0.00010255358424776946,0.9605168700646087
1785,Creatify,1,0.00010255358424776946,0.9606194236488566
1786,Palomar Products,1,0.00010255358424776946,0.9607219772331043
1787,Terabase,1,0.00010255358424776946,0.9608245308173521
1788,TALON,1,0.00010255358424776946,0.9609270844015998
1789,Pindrop,1,0.00010255358424776946,0.9610296379858476
1790,Collabera,1,0.00010255358424776946,0.9611321915700953
1791,Hancock Whitney,1,0.00010255358424776946,0.9612347451543432
1792,Equip Health,1,0.00010255358424776946,0.9613372987385909
1793,Cohu,1,0.00010255358424776946,0.9614398523228387
1794,Samsara,1,0.00010255358424776946,0.9615424059070865
1795,WindBorne Systems,1,0.00010255358424776946,0.9616449594913342
1796,Brain Corp,1,0.00010255358424776946,0.961747513075582
1797,Elevations Credit Union,1,0.00010255358424776946,0.9618500666598297
1798,Dusty Robotics,1,0.00010255358424776946,0.9619526202440776
1799,HEXAWARE,1,0.00010255358424776946,0.9620551738283253
1800,Oklahoma State Government,1,0.00010255358424776946,0.9621577274125731
1801,International Rescue Committee (IRC),1,0.00010255358424776946,0.9622602809968208
1802,Brown & Brown Insurance,1,0.00010255358424776946,0.9623628345810686
1803,JM Family,1,0.00010255358424776946,0.9624653881653163
1804,ITC Federal,1,0.00010255358424776946,0.9625679417495642
1805,Oregon State Government,1,0.00010255358424776946,0.9626704953338119
1806,Fortrea,1,0.00010255358424776946,0.9627730489180597
1807,Aura Frames,1,0.00010255358424776946,0.9628756025023074
1808,Higharc,1,0.00010255358424776946,0.9629781560865552
1809,Marriott Vacations Worldwide,1,0.00010255358424776946,0.963080709670803
1810,Kobo,1,0.00010255358424776946,0.9631832632550508
1811,SoloPulse,1,0.00010255358424776946,0.9632858168392985
1812,Gentex Corporation,1,0.00010255358424776946,0.9633883704235463
1813,Marathon Fusion,1,0.00010255358424776946,0.9634909240077941
1814,Charles River Analytics,1,0.00010255358424776946,0.9635934775920418
1815,CLEAResult,1,0.00010255358424776946,0.9636960311762897
1816,Cambia Health Solutions,1,0.00010255358424776946,0.9637985847605374
1817,Goosehead Insurance,1,0.00010255358424776946,0.9639011383447852
1818,Whatnot,1,0.00010255358424776946,0.9640036919290329
1819,Veeva,1,0.00010255358424776946,0.9641062455132807
1820,Omnis,1,0.00010255358424776946,0.9642087990975284
1821,Texas Farm Bureau Casualty Insurance Company,1,0.00010255358424776946,0.9643113526817763
1822,Cartesian,1,0.00010255358424776946,0.964413906266024
1823,Albacore,1,0.00010255358424776946,0.9645164598502718
1824,Schneider Electric,1,0.00010255358424776946,0.9646190134345195
1825,Parachute Health,1,0.00010255358424776946,0.9647215670187673
1826,Rehlko,1,0.00010255358424776946,0.964824120603015
1827,Alcami,1,0.00010255358424776946,0.9649266741872629
1828,iTradeNetwork,1,0.00010255358424776946,0.9650292277715106
1829,Construction Resources,1,0.00010255358424776946,0.9651317813557584
1830,Rackner,1,0.00010255358424776946,0.9652343349400061
1831,BigCommerce,1,0.00010255358424776946,0.9653368885242539
1832,Phoenix Contact,1,0.00010255358424776946,0.9654394421085017
1833,YMCA of Metropolitan Atlanta,1,0.00010255358424776946,0.9655419956927495
1834,Wilbur-Ellis,1,0.00010255358424776946,0.9656445492769973
1835,Attentive,1,0.00010255358424776946,0.965747102861245
1836,PlayStation,1,0.00010255358424776946,0.9658496564454928
1837,Gecko Robotics,1,0.00010255358424776946,0.9659522100297405
1838,Zendesk,1,0.00010255358424776946,0.9660547636139883
1839,Echodyne,1,0.00010255358424776946,0.966157317198236
1840,Concept Plus,1,0.00010255358424776946,0.9662598707824839
1841,Phillips 66,1,0.00010255358424776946,0.9663624243667316
1842,Aquabyte,1,0.00010255358424776946,0.9664649779509794
1843,Layer Health,1,0.00010255358424776946,0.9665675315352271
1844,Aprio,1,0.00010255358424776946,0.9666700851194749
1845,Heidelberg Materials,1,0.00010255358424776946,0.9667726387037227
1846,Tradeweb,1,0.00010255358424776946,0.9668751922879705
1847,Firemon,1,0.00010255358424776946,0.9669777458722182
1848,Radix Trading,1,0.00010255358424776946,0.967080299456466
1849,Orion Innovation,1,0.00010255358424776946,0.9671828530407137
1850,amika,1,0.00010255358424776946,0.9672854066249615
1851,Qualitest,1,0.00010255358424776946,0.9673879602092094
1852,Global Infrastructure,1,0.00010255358424776946,0.9674905137934571
1853,United States Tennis Association,1,0.00010255358424776946,0.9675930673777049
1854,Rite Hite,1,0.00010255358424776946,0.9676956209619526
1855,Behaviour Interactive,1,0.00010255358424776946,0.9677981745462004
1856,Workstream,1,0.00010255358424776946,0.9679007281304481
1857,Leonardo DRS,1,0.00010255358424776946,0.968003281714696
1858,On the Go,1,0.00010255358424776946,0.9681058352989437
1859,JB&B,1,0.00010255358424776946,0.9682083888831915
1860,System Automation,1,0.00010255358424776946,0.9683109424674392
1861,Arrow International,1,0.00010255358424776946,0.968413496051687
1862,HealthStream,1,0.00010255358424776946,0.9685160496359347
1863,Ampere,1,0.00010255358424776946,0.9686186032201826
1864,GoLinks,1,0.00010255358424776946,0.9687211568044303
1865,GAINS,1,0.00010255358424776946,0.9688237103886781
1866,TMX Group,1,0.00010255358424776946,0.9689262639729258
1867,Cleerly,1,0.00010255358424776946,0.9690288175571736
1868,The Joint Commission,1,0.00010255358424776946,0.9691313711414213
1869,Motorola Solutions,1,0.00010255358424776946,0.9692339247256692
1870,Advanced Space,1,0.00010255358424776946,0.969336478309917
1871,Berkley Technology Services,1,0.00010255358424776946,0.9694390318941647
1872,ENFOS,1,0.00010255358424776946,0.9695415854784125
1873,Enterprise Mobility,1,0.00010255358424776946,0.9696441390626602
1874,Hyundai AutoEver America,1,0.00010255358424776946,0.969746692646908
1875,MGIC,1,0.00010255358424776946,0.9698492462311558
1876,Gr0,1,0.00010255358424776946,0.9699517998154036
1877,Output Biosciences,1,0.00010255358424776946,0.9700543533996513
1878,UL Standards & Engagement,1,0.00010255358424776946,0.9701569069838991
1879,Ascendis Pharma,1,0.00010255358424776946,0.9702594605681468
1880,JK Moving Services,1,0.00010255358424776946,0.9703620141523946
1881,PHINIA,1,0.00010255358424776946,0.9704645677366424
1882,Corewell Health,1,0.00010255358424776946,0.9705671213208902
1883,Fairstone Financial,1,0.00010255358424776946,0.9706696749051379
1884,Yai,1,0.00010255358424776946,0.9707722284893857
1885,McAfee,1,0.00010255358424776946,0.9708747820736334
1886,GHD,1,0.00010255358424776946,0.9709773356578812
1887,Appian,1,0.00010255358424776946,0.971079889242129
1888,Ontic,1,0.00010255358424776946,0.9711824428263768
1889,Businessolver,1,0.00010255358424776946,0.9712849964106246
1890,Cintas,1,0.00010255358424776946,0.9713875499948723
1891,Lightmatter,1,0.00010255358424776946,0.9714901035791201
1892,InvoiceCloud,1,0.00010255358424776946,0.9715926571633678
1893,UMB,1,0.00010255358424776946,0.9716952107476157
1894,Latitude.io,1,0.00010255358424776946,0.9717977643318634
1895,TruStage,1,0.00010255358424776946,0.9719003179161112
1896,Tricentis,1,0.00010255358424776946,0.9720028715003589
1897,Joint Commission,1,0.00010255358424776946,0.9721054250846067
1898,Arrcus,1,0.00010255358424776946,0.9722079786688544
1899,ScentAir,1,0.00010255358424776946,0.9723105322531023
1900,Lexeo Therapeutics,1,0.00010255358424776946,0.97241308583735
1901,IMC Trading,1,0.00010255358424776946,0.9725156394215978
1902,Wash U,1,0.00010255358424776946,0.9726181930058455
1903,Arizona State University,1,0.00010255358424776946,0.9727207465900933
1904,Very Good Security,1,0.00010255358424776946,0.972823300174341
1905,Kognitos,1,0.00010255358424776946,0.9729258537585889
1906,Live Oak Bank,1,0.00010255358424776946,0.9730284073428367
1907,Context,1,0.00010255358424776946,0.9731309609270844
1908,IFS,1,0.00010255358424776946,0.9732335145113322
1909,CesiumAstro,1,0.00010255358424776946,0.9733360680955799
1910,Cincinnati Financial,1,0.00010255358424776946,0.9734386216798278
1911,TC Energy,1,0.00010255358424776946,0.9735411752640755
1912,Stryker,1,0.00010255358424776946,0.9736437288483233
1913,Zola,1,0.00010255358424776946,0.973746282432571
1914,ReCor Medical,1,0.00010255358424776946,0.9738488360168188
1915,Northspyre,1,0.00010255358424776946,0.9739513896010665
1916,HPR (Hyannis Port Research),1,0.00010255358424776946,0.9740539431853144
1917,CDW Corporation,1,0.00010255358424776946,0.9741564967695621
1918,ActBlue,1,0.00010255358424776946,0.9742590503538099
1919,EPRI,1,0.00010255358424776946,0.9743616039380576
1920,Stoneridge,1,0.00010255358424776946,0.9744641575223054
1921,St. Luke's University Health Network,1,0.00010255358424776946,0.9745667111065531
1922,Practising Law Institute,1,0.00010255358424776946,0.974669264690801
1923,Haize Labs,1,0.00010255358424776946,0.9747718182750487
1924,Western & Southern Financial Group,1,0.00010255358424776946,0.9748743718592965
1925,Endeavor Air,1,0.00010255358424776946,0.9749769254435443
1926,CSA Group,1,0.00010255358424776946,0.975079479027792
1927,Intercontinental Exchange,1,0.00010255358424776946,0.9751820326120398
1928,Mark43,1,0.00010255358424776946,0.9752845861962876
1929,Togetherwork,1,0.00010255358424776946,0.9753871397805354
1930,LHV Bank,1,0.00010255358424776946,0.9754896933647831
1931,Nimble Gravity,1,0.00010255358424776946,0.9755922469490309
1932,CareSource,1,0.00010255358424776946,0.9756948005332786
1933,Pivot Energy,1,0.00010255358424776946,0.9757973541175264
1934,Newton Research,1,0.00010255358424776946,0.9758999077017741
1935,skillz,1,0.00010255358424776946,0.976002461286022
1936,automotiveMastermind,1,0.00010255358424776946,0.9761050148702697
1937,Rhombus Power,1,0.00010255358424776946,0.9762075684545175
1938,Jumio,1,0.00010255358424776946,0.9763101220387652
1939,ether.fi,1,0.00010255358424776946,0.976412675623013
1940,FirstDay Foundation,1,0.00010255358424776946,0.9765152292072607
1941,Oleria Security,1,0.00010255358424776946,0.9766177827915086
1942,Revantage Corporate Services,1,0.00010255358424776946,0.9767203363757563
1943,Nerdio,1,0.00010255358424776946,0.9768228899600041
1944,Achievers,1,0.00010255358424776946,0.9769254435442519
1945,Cerebras,1,0.00010255358424776946,0.9770279971284996
1946,TIFIN,1,0.00010255358424776946,0.9771305507127475
1947,"DuCharme, McMillen & Associates",1,0.00010255358424776946,0.9772331042969952
1948,Corpay,1,0.00010255358424776946,0.977335657881243
1949,DriveTime,1,0.00010255358424776946,0.9774382114654907
1950,Superbet,1,0.00010255358424776946,0.9775407650497385
1951,Onapsis,1,0.00010255358424776946,0.9776433186339862
1952,Horace Mann,1,0.00010255358424776946,0.9777458722182341
1953,SF Giants,1,0.00010255358424776946,0.9778484258024818
1954,Tutor Perini Corporation,1,0.00010255358424776946,0.9779509793867296
1955,AAA Mountainwest Group,1,0.00010255358424776946,0.9780535329709773
1956,Ascend Performance Materials,1,0.00010255358424776946,0.9781560865552251
1957,Remedy Scientific,1,0.00010255358424776946,0.9782586401394728
1958,NCR Voyix,1,0.00010255358424776946,0.9783611937237207
1959,Tokamak Energy,1,0.00010255358424776946,0.9784637473079684
1960,MSIG USA,1,0.00010255358424776946,0.9785663008922162
1961,Ohio State University,1,0.00010255358424776946,0.9786688544764639
1962,Robust.ai,1,0.00010255358424776946,0.9787714080607117
1963,Underwriters Laboratories,1,0.00010255358424776946,0.9788739616449595
1964,Constant Contact,1,0.00010255358424776946,0.9789765152292073
1965,Farfetch,1,0.00010255358424776946,0.9790790688134551
1966,CelLink Technologies,1,0.00010255358424776946,0.9791816223977028
1967,Rainmaker,1,0.00010255358424776946,0.9792841759819506
1968,Vital Lyfe,1,0.00010255358424776946,0.9793867295661983
1969,TMEIC,1,0.00010255358424776946,0.9794892831504461
1970,Cobalt,1,0.00010255358424776946,0.9795918367346939
1971,Sharp,1,0.00010255358424776946,0.9796943903189417
1972,Inizio,1,0.00010255358424776946,0.9797969439031894
1973,Vestwell,1,0.00010255358424776946,0.9798994974874372
1974,MUBI,1,0.00010255358424776946,0.9800020510716849
1975,Labelbox,1,0.00010255358424776946,0.9801046046559327
1976,Epiq Systems,1,0.00010255358424776946,0.9802071582401805
1977,Faherty Brand,1,0.00010255358424776946,0.9803097118244283
1978,Squarepoint Capital,1,0.00010255358424776946,0.980412265408676
1979,Curtiss-Wright,1,0.00010255358424776946,0.9805148189929238
1980,OBE,1,0.00010255358424776946,0.9806173725771715
1981,Altar'd State,1,0.00010255358424776946,0.9807199261614193
1982,Relay Financial,1,0.00010255358424776946,0.9808224797456672
1983,Envista,1,0.00010255358424776946,0.9809250333299149
1984,Snap Finance,1,0.00010255358424776946,0.9810275869141627
1985,Amplify,1,0.00010255358424776946,0.9811301404984104
1986,Mechanize,1,0.00010255358424776946,0.9812326940826582
1987,Kikoff,1,0.00010255358424776946,0.9813352476669059
1988,Compa,1,0.00010255358424776946,0.9814378012511538
1989,Xebia,1,0.00010255358424776946,0.9815403548354015
1990,Midmark,1,0.00010255358424776946,0.9816429084196493
1991,Blackbird Labs,1,0.00010255358424776946,0.981745462003897
1992,Accel Learning,1,0.00010255358424776946,0.9818480155881448
1993,PSA Airlines,1,0.00010255358424776946,0.9819505691723925
1994,Ace Hardware,1,0.00010255358424776946,0.9820531227566404
1995,WhiteWater Midstream,1,0.00010255358424776946,0.9821556763408881
1996,Papa John's,1,0.00010255358424776946,0.9822582299251359
1997,C3.ai,1,0.00010255358424776946,0.9823607835093836
1998,Wayne County,1,0.00010255358424776946,0.9824633370936314
1999,Zus Health,1,0.00010255358424776946,0.9825658906778791
2000,Lumeris,1,0.00010255358424776946,0.982668444262127
2001,Endpoint Clinical,1,0.00010255358424776946,0.9827709978463748
2002,Cole Engineering Services,1,0.00010255358424776946,0.9828735514306225
2003,Patterson Companies,1,0.00010255358424776946,0.9829761050148703
2004,Matterworks,1,0.00010255358424776946,0.983078658599118
2005,Veryable,1,0.00010255358424776946,0.9831812121833658
2006,NielsenIQ,1,0.00010255358424776946,0.9832837657676136
2007,Avis Budget Group,1,0.00010255358424776946,0.9833863193518614
2008,Greenworks,1,0.00010255358424776946,0.9834888729361091
2009,Luminate,1,0.00010255358424776946,0.9835914265203569
2010,Acceldata,1,0.00010255358424776946,0.9836939801046046
2011,True Manufacturing,1,0.00010255358424776946,0.9837965336888524
2012,Eluvio,1,0.00010255358424776946,0.9838990872731002
2013,Perpay,1,0.00010255358424776946,0.984001640857348
2014,Suffolk County,1,0.00010255358424776946,0.9841041944415957
2015,RIB Software,1,0.00010255358424776946,0.9842067480258435
2016,OraSure Technologies,1,0.00010255358424776946,0.9843093016100912
2017,Premier Automation,1,0.00010255358424776946,0.984411855194339
2018,EnergyCap,1,0.00010255358424776946,0.9845144087785868
2019,Super,1,0.00010255358424776946,0.9846169623628346
2020,tldraw,1,0.00010255358424776946,0.9847195159470824
2021,Insmed,1,0.00010255358424776946,0.9848220695313301
2022,Stevens Institute of Technology,1,0.00010255358424776946,0.9849246231155779
2023,Hitachi Energy,1,0.00010255358424776946,0.9850271766998256
2024,Kelso Industries,1,0.00010255358424776946,0.9851297302840735
2025,SOMFY Group,1,0.00010255358424776946,0.9852322838683212
2026,Clarivate,1,0.00010255358424776946,0.985334837452569
2027,Facility Solutions Group,1,0.00010255358424776946,0.9854373910368167
2028,Phil,1,0.00010255358424776946,0.9855399446210645
2029,Nikkiso,1,0.00010255358424776946,0.9856424982053122
2030,APM Terminals,1,0.00010255358424776946,0.9857450517895601
2031,GenScript,1,0.00010255358424776946,0.9858476053738078
2032,Interstates,1,0.00010255358424776946,0.9859501589580556
2033,Ankura Consulting Group,1,0.00010255358424776946,0.9860527125423033
2034,Hadrian,1,0.00010255358424776946,0.9861552661265511
2035,Raymond James Financial,1,0.00010255358424776946,0.9862578197107988
2036,Center for Internet Security (CIS),1,0.00010255358424776946,0.9863603732950467
2037,Ferrovial,1,0.00010255358424776946,0.9864629268792944
2038,Cable One,1,0.00010255358424776946,0.9865654804635422
2039,Nash,1,0.00010255358424776946,0.98666803404779
2040,Nuclear Promise X,1,0.00010255358424776946,0.9867705876320377
2041,Wealth.com,1,0.00010255358424776946,0.9868731412162856
2042,State of Montana,1,0.00010255358424776946,0.9869756948005333
2043,Fairlife,1,0.00010255358424776946,0.9870782483847811
2044,Cortland,1,0.00010255358424776946,0.9871808019690288
2045,Keystone AI,1,0.00010255358424776946,0.9872833555532766
2046,Crown Innovations,1,0.00010255358424776946,0.9873859091375243
2047,BrightAI,1,0.00010255358424776946,0.9874884627217722
2048,Per Scholas,1,0.00010255358424776946,0.9875910163060199
2049,Great Question,1,0.00010255358424776946,0.9876935698902677
2050,Federal Home Loan Bank of Indianapolis,1,0.00010255358424776946,0.9877961234745154
2051,LegalZoom,1,0.00010255358424776946,0.9878986770587632
2052,QinetiQ,1,0.00010255358424776946,0.9880012306430109
2053,IDeaS,1,0.00010255358424776946,0.9881037842272588
2054,EV Realty,1,0.00010255358424776946,0.9882063378115065
2055,C&S Wholesale Grocers,1,0.00010255358424776946,0.9883088913957543
2056,GE Aerospace,1,0.00010255358424776946,0.988411444980002
2057,Ontario Health,1,0.00010255358424776946,0.9885139985642498
2058,SC Johnson,1,0.00010255358424776946,0.9886165521484976
2059,PSECU,1,0.00010255358424776946,0.9887191057327454
2060,Vera Bradley,1,0.00010255358424776946,0.9888216593169932
2061,Technergetics,1,0.00010255358424776946,0.9889242129012409
2062,AltaML,1,0.00010255358424776946,0.9890267664854887
2063,Hottinger Brüel & Kjaer (HBK),1,0.00010255358424776946,0.9891293200697364
2064,Quest Global,1,0.00010255358424776946,0.9892318736539842
2065,Freshworks,1,0.00010255358424776946,0.989334427238232
2066,Sentara Health,1,0.00010255358424776946,0.9894369808224798
2067,Syntax,1,0.00010255358424776946,0.9895395344067275
2068,FHLBank Topeka,1,0.00010255358424776946,0.9896420879909753
2069,Black Box,1,0.00010255358424776946,0.989744641575223
2070,Anterior,1,0.00010255358424776946,0.9898471951594708
2071,Zone 5 Technologies,1,0.00010255358424776946,0.9899497487437185
2072,GAF,1,0.00010255358424776946,0.9900523023279664
2073,LSEG,1,0.00010255358424776946,0.9901548559122141
2074,SEKO Logistics,1,0.00010255358424776946,0.9902574094964619
2075,Alteryx,1,0.00010255358424776946,0.9903599630807096
2076,Voltus,1,0.00010255358424776946,0.9904625166649574
2077,Fidelity National Financial,1,0.00010255358424776946,0.9905650702492053
2078,60decibelsinc,1,0.00010255358424776946,0.990667623833453
2079,Shaw Industries Group,1,0.00010255358424776946,0.9907701774177008
2080,Boys Town,1,0.00010255358424776946,0.9908727310019485
2081,Skyscanner,1,0.00010255358424776946,0.9909752845861963
2082,Cystic Fibrosis Foundation,1,0.00010255358424776946,0.991077838170444
2083,Princeton University,1,0.00010255358424776946,0.9911803917546919
2084,GenBio AI,1,0.00010255358424776946,0.9912829453389396
2085,Prosper Funding,1,0.00010255358424776946,0.9913854989231874
2086,Ken Garff Auto Group,1,0.00010255358424776946,0.9914880525074351
2087,Fluxergy,1,0.00010255358424776946,0.9915906060916829
2088,Hyperproof,1,0.00010255358424776946,0.9916931596759306
2089,Fred Hutchinson Cancer Center,1,0.00010255358424776946,0.9917957132601785
2090,Intelerad,1,0.00010255358424776946,0.9918982668444262
2091,City of Largo,1,0.00010255358424776946,0.992000820428674
2092,Instead,1,0.00010255358424776946,0.9921033740129217
2093,Belmond,1,0.00010255358424776946,0.9922059275971695
2094,Stash,1,0.00010255358424776946,0.9923084811814173
2095,Interact Software,1,0.00010255358424776946,0.9924110347656651
2096,Smithfield Foods,1,0.00010255358424776946,0.9925135883499129
2097,Gensyn,1,0.00010255358424776946,0.9926161419341606
2098,Samsonite,1,0.00010255358424776946,0.9927186955184084
2099,Revance,1,0.00010255358424776946,0.9928212491026561
2100,Nextiva,1,0.00010255358424776946,0.992923802686904
2101,Clarity Innovations,1,0.00010255358424776946,0.9930263562711517
2102,Cohere Health,1,0.00010255358424776946,0.9931289098553995
2103,CHEP,1,0.00010255358424776946,0.9932314634396472
2104,Ivy Tech Community College,1,0.00010255358424776946,0.993334017023895
2105,FourKites,1,0.00010255358424776946,0.9934365706081427
2106,GeoComply,1,0.00010255358424776946,0.9935391241923905
2107,Wayve,1,0.00010255358424776946,0.9936416777766383
2108,EVERSANA,1,0.00010255358424776946,0.9937442313608861
2109,Picarro,1,0.00010255358424776946,0.9938467849451338
2110,TribalScale,1,0.00010255358424776946,0.9939493385293816
2111,Pennant Group,1,0.00010255358424776946,0.9940518921136293
2112,DPR Family of Companies,1,0.00010255358424776946,0.9941544456978771
2113,Evolver,1,0.00010255358424776946,0.994256999282125
2114,Analysys Mason,1,0.00010255358424776946,0.9943595528663727
2115,E2 Consulting Engineers,1,0.00010255358424776946,0.9944621064506205
2116,Egis Group,1,0.00010255358424776946,0.9945646600348682
2117,Axis Communications AB,1,0.00010255358424776946,0.994667213619116
2118,AMAROK Security,1,0.00010255358424776946,0.9947697672033637
2119,OfferUp,1,0.00010255358424776946,0.9948723207876116
2120,Illinois Tool Works,1,0.00010255358424776946,0.9949748743718593
2121,KPH Healthcare Services,1,0.00010255358424776946,0.9950774279561071
2122,Fife Council,1,0.00010255358424776946,0.9951799815403548
2123,Rho,1,0.00010255358424776946,0.9952825351246026
2124,Astronomer,1,0.00010255358424776946,0.9953850887088503
2125,UL Solutions,1,0.00010255358424776946,0.9954876422930982
2126,Periodic Labs,1,0.00010255358424776946,0.9955901958773459
2127,Arkansas Children's,1,0.00010255358424776946,0.9956927494615937
2128,Trellix,1,0.00010255358424776946,0.9957953030458414
2129,Flagright,1,0.00010255358424776946,0.9958978566300892
2130,Trexon,1,0.00010255358424776946,0.9960004102143369
2131,Navaide,1,0.00010255358424776946,0.9961029637985848
2132,Consensus Cloud Solutions,1,0.00010255358424776946,0.9962055173828326
2133,Sandvik,1,0.00010255358424776946,0.9963080709670803
2134,Veracyte,1,0.00010255358424776946,0.9964106245513281
2135,Beyondsoft,1,0.00010255358424776946,0.9965131781355758
2136,Ralliant,1,0.00010255358424776946,0.9966157317198236
2137,Bugcrowd,1,0.00010255358424776946,0.9967182853040714
2138,Gen Digital,1,0.00010255358424776946,0.9968208388883192
2139,Munters,1,0.00010255358424776946,0.9969233924725669
2140,Mars,1,0.00010255358424776946,0.9970259460568147
2141,Simple Technology Solutions,1,0.00010255358424776946,0.9971284996410624
2142,Core & Main,1,0.00010255358424776946,0.9972310532253102
2143,Niural,1,0.00010255358424776946,0.997333606809558
2144,MyEmployment,1,0.00010255358424776946,0.9974361603938058
2145,GXO Logistics,1,0.00010255358424776946,0.9975387139780535
2146,Mindsmith,1,0.00010255358424776946,0.9976412675623013
2147,VetsEZ,1,0.00010255358424776946,0.997743821146549
2148,HARMAN,1,0.00010255358424776946,0.9978463747307968
2149,Later,1,0.00010255358424776946,0.9979489283150446
2150,Hiverge,1,0.00010255358424776946,0.9980514818992924
2151,Lunon,1,0.00010255358424776946,0.9981540354835402
2152,BCBST,1,0.00010255358424776946,0.9982565890677879
2153,Xaira Therapeutics,1,0.00010255358424776946,0.9983591426520357
2154,Altasciences,1,0.00010255358424776946,0.9984616962362834
2155,Clera,1,0.00010255358424776946,0.9985642498205313
2156,RFCUNY,1,0.00010255358424776946,0.998666803404779
2157,Point C,1,0.00010255358424776946,0.9987693569890268
2158,Binance,1,0.00010255358424776946,0.9988719105732745
2159,Outmarket AI,1,0.00010255358424776946,0.9989744641575223
2160,F. Schumacher & Co.,1,0.00010255358424776946,0.99907701774177
2161,Maxima,1,0.00010255358424776946,0.9991795713260179
2162,The University of Edinburgh,1,0.00010255358424776946,0.9992821249102656
2163,Diversified Automation,1,0.00010255358424776946,0.9993846784945134
2164,kos.ai,1,0.00010255358424776946,0.9994872320787611
2165,The Tatitlek Corporation,1,0.00010255358424776946,0.9995897856630089
2166,Espa AI,1,0.00010255358424776946,0.9996923392472566
2167,AfterQuery,1,0.00010255358424776946,0.9997948928315045
2168,QuantCo,1,0.00010255358424776946,0.9998974464157522
2169,Richemont,1,0.00010255358424776946,1.0
