snapshot_requested,record_date,record_fiscal_year,record_fiscal_quarter,security_type_desc,security_class1_desc,security_class2_desc,issue_date,maturity_date,interest_rate_pct,outstanding_amt,src_line_nbr,inflation_adj_amt,interest_pay_date_1,interest_pay_date_2,interest_pay_date_3,interest_pay_date_4,issued_amt,record_calendar_day,record_calendar_month,record_calendar_quarter,record_calendar_year,redeemed_amt,series_cd,yield_pct
2026-07-31,2026-07-31,2026,4,Marketable,Bills Maturity Value,912797US4,2026-04-07,2026-08-04,null,236591.6587,1,0,08/26,null,null,null,69369.9607,31,07,3,2026,0,null,3.615
2026-07-31,2026-07-31,2026,4,Marketable,Bills Maturity Value,912797UT2,2026-07-14,2026-08-11,null,null,10,0,08/26,null,null,null,106200.5448,31,07,3,2026,0,null,3.63
2026-07-31,2026-07-31,2026,4,Marketable,Notes,91282CCZ2,2021-09-30,2026-09-30,0.875,68246.4253,100,0,03/31,09/30,null,null,68346.4253,31,07,3,2026,-100,null,0.99
2026-07-31,2026-07-31,2026,4,Marketable,Notes,91282CLP4,2024-09-30,2026-09-30,3.5,70419.9585,101,0,03/31,09/30,null,null,70422.9585,31,07,3,2026,-3,null,3.52
2026-07-31,2026-07-31,2026,4,Marketable,Notes,91282CJC6,2023-10-16,2026-10-15,4.625,42449.8115,102,0,04/15,10/15,null,null,45999.8115,31,07,3,2026,-3550,null,4.74
2026-07-31,2026-07-31,2026,4,Marketable,Notes,912828YQ7,2019-10-31,2026-10-31,1.625,34732.6666,103,0,04/30,10/31,null,null,35345.6666,31,07,3,2026,-613,null,1.657
2026-07-31,2026-07-31,2026,4,Marketable,Notes,91282CDG3,2021-11-01,2026-10-31,1.125,66586.6911,104,0,04/30,10/31,null,null,67201.6911,31,07,3,2026,-615,null,1.157
2026-07-31,2026-07-31,2026,4,Marketable,Notes,91282CLS8,2024-10-31,2026-10-31,4.125,66250.3418,105,0,04/30,10/31,null,null,70157.3418,31,07,3,2026,-3907,null,4.13
2026-07-31,2026-07-31,2026,4,Marketable,Notes,912828U24,2016-11-15,2026-11-15,2,64287.5749,106,0,05/15,11/15,null,null,28035.2779,31,07,3,2026,0,null,2.02
2026-07-31,2026-07-31,2026,4,Marketable,Notes,912828U24,2016-12-15,2026-11-15,2,null,107,0,05/15,11/15,null,null,20000.0197,31,07,3,2026,0,null,2.485
2026-07-31,2026-07-31,2026,4,Marketable,Notes,912828U24,2017-01-17,2026-11-15,2,null,108,0,05/15,11/15,null,null,21107.2773,31,07,3,2026,-4855,null,2.342
2026-07-31,2026-07-31,2026,4,Marketable,Notes,91282CJK8,2023-11-15,2026-11-15,4.625,47237.4001,109,0,05/15,11/15,null,null,48910.4001,31,07,3,2026,-1673,null,4.701
2026-07-31,2026-07-31,2026,4,Marketable,Bills Maturity Value,912797TW7,2026-02-12,2026-08-13,null,261248.2252,11,0,08/26,null,null,null,81482.5001,31,07,3,2026,0,null,3.5
2026-07-31,2026-07-31,2026,4,Marketable,Notes,912828YU8,2019-12-02,2026-11-30,1.625,32632.4881,110,0,05/31,11/30,null,null,34540.4881,31,07,3,2026,-1908,null,1.719
2026-07-31,2026-07-31,2026,4,Marketable,Notes,91282CDK4,2021-11-30,2026-11-30,1.25,61760.0424,111,0,05/31,11/30,null,null,63863.0424,31,07,3,2026,-2103,null,1.319
2026-07-31,2026-07-31,2026,4,Marketable,Notes,91282CLY5,2024-12-02,2026-11-30,4.25,64571.7907,112,0,05/31,11/30,null,null,73688.7907,31,07,3,2026,-9117,null,4.274
2026-07-31,2026-07-31,2026,4,Marketable,Notes,91282CJP7,2023-12-15,2026-12-15,4.375,49998.6465,113,0,06/15,12/15,null,null,49998.6465,31,07,3,2026,0,null,4.49
2026-07-31,2026-07-31,2026,4,Marketable,Notes,912828YX2,2019-12-31,2026-12-31,1.75,35011.7014,114,0,06/30,12/31,null,null,35011.7014,31,07,3,2026,0,null,1.835
2026-07-31,2026-07-31,2026,4,Marketable,Notes,91282CDQ1,2021-12-31,2026-12-31,1.25,63499.1915,115,0,06/30,12/31,null,null,64744.1915,31,07,3,2026,-1245,null,1.263
2026-07-31,2026-07-31,2026,4,Marketable,Notes,91282CME8,2024-12-31,2026-12-31,4.25,69666.3664,116,0,06/30,12/31,null,null,69666.3664,31,07,3,2026,0,null,4.335
2026-07-31,2026-07-31,2026,4,Marketable,Notes,91282CJT9,2024-01-16,2027-01-15,4,51119.7476,117,0,07/15,01/15,null,null,51997.7476,31,07,3,2026,-878,null,4.105
2026-07-31,2026-07-31,2026,4,Marketable,Notes,912828Z78,2020-01-31,2027-01-31,1.5,95496.8406,118,0,07/31,01/31,null,null,35304.3009,31,07,3,2026,0,null,1.57
2026-07-31,2026-07-31,2026,4,Marketable,Notes,912828Z78,2022-01-31,2027-01-31,1.5,null,119,0,07/31,01/31,null,null,63220.5397,31,07,3,2026,-3028,null,1.533
2026-07-31,2026-07-31,2026,4,Marketable,Bills Maturity Value,912797TW7,2026-05-14,2026-08-13,null,null,12,0,08/26,null,null,null,94583.6066,31,07,3,2026,0,null,3.61
2026-07-31,2026-07-31,2026,4,Marketable,Notes,91282CMH1,2025-01-31,2027-01-31,4.125,65450.7807,120,0,07/31,01/31,null,null,72826.7807,31,07,3,2026,-7376,null,4.211
2026-07-31,2026-07-31,2026,4,Marketable,Notes,912828V98,2017-02-15,2027-02-15,2.25,61002.8684,121,0,08/15,02/15,null,null,25655.7885,31,07,3,2026,0,null,2.333
2026-07-31,2026-07-31,2026,4,Marketable,Notes,912828V98,2017-03-15,2027-02-15,2.25,null,122,0,08/15,02/15,null,null,20000.7616,31,07,3,2026,0,null,2.56
2026-07-31,2026-07-31,2026,4,Marketable,Notes,912828V98,2017-04-17,2027-02-15,2.25,null,123,0,08/15,02/15,null,null,20164.3183,31,07,3,2026,-4818,null,2.332
2026-07-31,2026-07-31,2026,4,Marketable,Notes,91282CKA8,2024-02-15,2027-02-15,4.125,51294.441,124,0,08/15,02/15,null,null,57993.441,31,07,3,2026,-6699,null,4.169
2026-07-31,2026-07-31,2026,4,Marketable,Notes,912828ZB9,2020-03-02,2027-02-28,1.125,36737.3239,125,0,08/31,02/28,null,null,36836.3239,31,07,3,2026,-99,null,1.247
2026-07-31,2026-07-31,2026,4,Marketable,Notes,91282CEC1,2022-02-28,2027-02-28,1.875,55608.7848,126,0,08/31,02/28,null,null,62079.7848,31,07,3,2026,-6471,null,1.88
2026-07-31,2026-07-31,2026,4,Marketable,Notes,91282CMP3,2025-02-28,2027-02-28,4.125,74943.3569,127,0,08/31,02/28,null,null,75951.3569,31,07,3,2026,-1008,null,4.169
2026-07-31,2026-07-31,2026,4,Marketable,Notes,91282CKE0,2024-03-15,2027-03-15,4.25,55201.8667,128,0,09/15,03/15,null,null,55999.8667,31,07,3,2026,-798,null,4.256
2026-07-31,2026-07-31,2026,4,Marketable,Notes,912828ZE3,2020-03-31,2027-03-31,0.625,35877.5047,129,0,09/30,03/31,null,null,36302.5047,31,07,3,2026,-425,null,0.68
2026-07-31,2026-07-31,2026,4,Marketable,Bills Maturity Value,912797TW7,2026-07-02,2026-08-13,null,null,13,0,08/26,null,null,null,85182.1185,31,07,3,2026,0,null,3.655
2026-07-31,2026-07-31,2026,4,Marketable,Notes,91282CEF4,2022-03-31,2027-03-31,2.5,60044.7113,130,0,09/30,03/31,null,null,60494.7113,31,07,3,2026,-450,null,2.543
2026-07-31,2026-07-31,2026,4,Marketable,Notes,91282CMV0,2025-03-31,2027-03-31,3.875,70776.1968,131,0,09/30,03/31,null,null,71035.1968,31,07,3,2026,-259,null,3.984
2026-07-31,2026-07-31,2026,4,Marketable,Notes,91282CKJ9,2024-04-15,2027-04-15,4.5,58950.2958,132,0,10/15,04/15,null,null,58951.2958,31,07,3,2026,-1,null,4.548
2026-07-31,2026-07-31,2026,4,Marketable,Notes,912828ZN3,2020-04-30,2027-04-30,0.5,37218.5902,133,0,10/31,04/30,null,null,38039.5902,31,07,3,2026,-821,null,0.525
2026-07-31,2026-07-31,2026,4,Marketable,Notes,91282CEN7,2022-05-02,2027-04-30,2.75,54615.8757,134,0,10/31,04/30,null,null,55793.8757,31,07,3,2026,-1178,null,2.785
2026-07-31,2026-07-31,2026,4,Marketable,Notes,91282CMY4,2025-04-30,2027-04-30,3.75,73315.2948,135,0,10/31,04/30,null,null,73718.2948,31,07,3,2026,-403,null,3.795
2026-07-31,2026-07-31,2026,4,Marketable,Notes,912828X88,2017-05-15,2027-05-15,2.375,66863.2206,136,0,11/15,05/15,null,null,30593.7355,31,07,3,2026,0,null,2.4
2026-07-31,2026-07-31,2026,4,Marketable,Notes,912828X88,2017-06-15,2027-05-15,2.375,null,137,0,11/15,05/15,null,null,19999.9223,31,07,3,2026,0,null,2.195
2026-07-31,2026-07-31,2026,4,Marketable,Notes,912828X88,2017-07-17,2027-05-15,2.375,null,138,0,11/15,05/15,null,null,20456.5628,31,07,3,2026,-4187,null,2.325
2026-07-31,2026-07-31,2026,4,Marketable,Notes,91282CKR1,2024-05-15,2027-05-15,4.5,58302.0435,139,0,11/15,05/15,null,null,65289.0435,31,07,3,2026,-6987,null,4.605
2026-07-31,2026-07-31,2026,4,Marketable,Bills Maturity Value,912797UU9,2026-04-21,2026-08-18,null,265588.0386,14,0,08/26,null,null,null,69502.7169,31,07,3,2026,0,null,3.625
2026-07-31,2026-07-31,2026,4,Marketable,Notes,912828ZS2,2020-06-01,2027-05-31,0.5,39234.3545,140,0,11/30,05/31,null,null,41989.3545,31,07,3,2026,-2755,null,0.553
2026-07-31,2026-07-31,2026,4,Marketable,Notes,91282CET4,2022-05-31,2027-05-31,2.625,53210.6122,141,0,11/30,05/31,null,null,55215.6122,31,07,3,2026,-2005,null,2.736
2026-07-31,2026-07-31,2026,4,Marketable,Notes,91282CNE7,2025-06-02,2027-05-31,3.875,72473.7757,142,0,11/30,05/31,null,null,78439.7757,31,07,3,2026,-5966,null,3.955
2026-07-31,2026-07-31,2026,4,Marketable,Notes,91282CKV2,2024-06-17,2027-06-15,4.625,59875.6033,143,0,12/15,06/15,null,null,59875.6033,31,07,3,2026,0,null,4.659
2026-07-31,2026-07-31,2026,4,Marketable,Notes,912828ZV5,2020-06-30,2027-06-30,0.5,45951.7319,144,0,12/31,06/30,null,null,46607.7319,31,07,3,2026,-656,null,0.511
2026-07-31,2026-07-31,2026,4,Marketable,Notes,91282CEW7,2022-06-30,2027-06-30,3.25,50292.5718,145,0,12/31,06/30,null,null,50592.5718,31,07,3,2026,-300,null,3.271
2026-07-31,2026-07-31,2026,4,Marketable,Notes,91282CNL1,2025-06-30,2027-06-30,3.75,75728.4307,146,0,12/31,06/30,null,null,75863.4307,31,07,3,2026,-135,null,3.786
2026-07-31,2026-07-31,2026,4,Marketable,Notes,91282CKZ3,2024-07-15,2027-07-15,4.375,63525.2779,147,0,01/15,07/15,null,null,67413.2779,31,07,3,2026,-3888,null,4.399
2026-07-31,2026-07-31,2026,4,Marketable,Notes,91282CAD3,2020-07-31,2027-07-31,0.375,48738.1011,148,0,01/31,07/31,null,null,49000.1011,31,07,3,2026,-262,null,0.446
2026-07-31,2026-07-31,2026,4,Marketable,Notes,91282CFB2,2022-08-01,2027-07-31,2.75,48889.6782,149,0,01/31,07/31,null,null,49990.6782,31,07,3,2026,-1101,null,2.86
2026-07-31,2026-07-31,2026,4,Marketable,Bills Maturity Value,912797UU9,2026-06-23,2026-08-18,null,null,15,0,08/26,null,null,null,79645.9725,31,07,3,2026,0,null,3.64
2026-07-31,2026-07-31,2026,4,Marketable,Notes,91282CNP2,2025-07-31,2027-07-31,3.875,72738.2875,150,0,01/31,07/31,null,null,73697.2875,31,07,3,2026,-959,null,3.92
2026-07-31,2026-07-31,2026,4,Marketable,Notes,9128282R0,2017-08-15,2027-08-15,2.25,69445.3604,151,0,02/15,08/15,null,null,29920.4635,31,07,3,2026,0,null,2.25
2026-07-31,2026-07-31,2026,4,Marketable,Notes,9128282R0,2017-09-15,2027-08-15,2.25,null,152,0,02/15,08/15,null,null,19999.9057,31,07,3,2026,0,null,2.18
2026-07-31,2026-07-31,2026,4,Marketable,Notes,9128282R0,2017-10-16,2027-08-15,2.25,null,153,0,02/15,08/15,null,null,19999.9912,31,07,3,2026,-475,null,2.346
2026-07-31,2026-07-31,2026,4,Marketable,Notes,91282CLG4,2024-08-15,2027-08-15,3.75,65842.2792,154,0,02/15,08/15,null,null,69029.2792,31,07,3,2026,-3187,null,3.81
2026-07-31,2026-07-31,2026,4,Marketable,Notes,91282CAH4,2020-08-31,2027-08-31,0.5,50805.0757,155,0,02/28,08/31,null,null,51083.0757,31,07,3,2026,-278,null,0.519
2026-07-31,2026-07-31,2026,4,Marketable,Notes,91282CFH9,2022-08-31,2027-08-31,3.125,48756.9032,156,0,02/28,08/31,null,null,50857.9032,31,07,3,2026,-2101,null,3.23
2026-07-31,2026-07-31,2026,4,Marketable,Notes,91282CNV9,2025-09-02,2027-08-31,3.625,74459.1911,157,0,02/28,08/31,null,null,77326.1911,31,07,3,2026,-2867,null,3.641
2026-07-31,2026-07-31,2026,4,Marketable,Notes,91282CLL3,2024-09-16,2027-09-15,3.375,58553.7853,158,0,03/15,09/15,null,null,58553.7853,31,07,3,2026,0,null,3.44
2026-07-31,2026-07-31,2026,4,Marketable,Notes,91282CAL5,2020-09-30,2027-09-30,0.375,56617.2943,159,0,03/31,09/30,null,null,56845.2943,31,07,3,2026,-228,null,0.462
2026-07-31,2026-07-31,2026,4,Marketable,Bills Maturity Value,912797UU9,2026-07-21,2026-08-18,null,null,16,0,08/26,null,null,null,116439.3492,31,07,3,2026,0,null,3.66
2026-07-31,2026-07-31,2026,4,Marketable,Notes,91282CFM8,2022-09-30,2027-09-30,4.125,44000.1154,160,0,03/31,09/30,null,null,44000.1154,31,07,3,2026,0,null,4.228
2026-07-31,2026-07-31,2026,4,Marketable,Notes,91282CPB1,2025-09-30,2027-09-30,3.5,72809.5436,161,0,03/31,09/30,null,null,72809.5436,31,07,3,2026,0,null,3.571
2026-07-31,2026-07-31,2026,4,Marketable,Notes,91282CLQ2,2024-10-15,2027-10-15,3.875,57643.814,162,0,04/15,10/15,null,null,58795.814,31,07,3,2026,-1152,null,3.878
2026-07-31,2026-07-31,2026,4,Marketable,Notes,91282CAU5,2020-11-02,2027-10-31,0.5,57732.9768,163,0,04/30,10/31,null,null,58622.9768,31,07,3,2026,-890,null,0.6
2026-07-31,2026-07-31,2026,4,Marketable,Notes,91282CFU0,2022-10-31,2027-10-31,4.125,42612.5559,164,0,04/30,10/31,null,null,42999.5559,31,07,3,2026,-387,null,4.192
2026-07-31,2026-07-31,2026,4,Marketable,Notes,91282CPE5,2025-10-31,2027-10-31,3.5,71440.4285,165,0,04/30,10/31,null,null,72960.4285,31,07,3,2026,-1520,null,3.504
2026-07-31,2026-07-31,2026,4,Marketable,Notes,9128283F5,2017-11-15,2027-11-15,2.25,65568.1106,166,0,05/15,11/15,null,null,25796.7611,31,07,3,2026,0,null,2.314
2026-07-31,2026-07-31,2026,4,Marketable,Notes,9128283F5,2017-12-15,2027-11-15,2.25,null,167,0,05/15,11/15,null,null,19999.9963,31,07,3,2026,0,null,2.384
2026-07-31,2026-07-31,2026,4,Marketable,Notes,9128283F5,2018-01-16,2027-11-15,2.25,null,168,0,05/15,11/15,null,null,20677.3532,31,07,3,2026,-906,null,2.579
2026-07-31,2026-07-31,2026,4,Marketable,Notes,91282CLX7,2024-11-15,2027-11-15,4.125,70880.4462,169,0,05/15,11/15,null,null,72094.4462,31,07,3,2026,-1214,null,4.152
2026-07-31,2026-07-31,2026,4,Marketable,Bills Maturity Value,912797TX5,2026-02-19,2026-08-20,null,269658.824,17,0,08/26,null,null,null,80513.2207,31,07,3,2026,0,null,3.5
2026-07-31,2026-07-31,2026,4,Marketable,Notes,91282CAY7,2020-11-30,2027-11-30,0.625,63156.8862,170,0,05/31,11/30,null,null,63768.8862,31,07,3,2026,-612,null,0.653
2026-07-31,2026-07-31,2026,4,Marketable,Notes,91282CFZ9,2022-11-30,2027-11-30,3.875,45241.9145,171,0,05/31,11/30,null,null,47669.9145,31,07,3,2026,-2428,null,3.974
2026-07-31,2026-07-31,2026,4,Marketable,Notes,91282CPL9,2025-12-01,2027-11-30,3.375,76779.5283,172,0,05/31,11/30,null,null,76889.5283,31,07,3,2026,-110,null,3.489
2026-07-31,2026-07-31,2026,4,Marketable,Notes,91282CMB4,2024-12-16,2027-12-15,4,58391.371,173,0,06/15,12/15,null,null,58415.371,31,07,3,2026,-24,null,4.117
2026-07-31,2026-07-31,2026,4,Marketable,Notes,91282CBB6,2020-12-31,2027-12-31,0.625,67206.5168,174,0,06/30,12/31,null,null,67976.5168,31,07,3,2026,-770,null,0.662
2026-07-31,2026-07-31,2026,4,Marketable,Notes,91282CGC9,2023-01-03,2027-12-31,3.875,42999.7134,175,0,06/30,12/31,null,null,42999.7134,31,07,3,2026,0,null,3.973
2026-07-31,2026-07-31,2026,4,Marketable,Notes,91282CPS4,2025-12-31,2027-12-31,3.375,76351.7835,176,0,06/30,12/31,null,null,76351.7835,31,07,3,2026,0,null,3.499
2026-07-31,2026-07-31,2026,4,Marketable,Notes,91282CMF5,2025-01-15,2028-01-15,4.25,70744.4391,177,0,07/15,01/15,null,null,70744.4391,31,07,3,2026,0,null,4.332
2026-07-31,2026-07-31,2026,4,Marketable,Notes,91282CBJ9,2021-02-01,2028-01-31,0.75,69770.8497,178,0,07/31,01/31,null,null,70379.8497,31,07,3,2026,-609,null,0.754
2026-07-31,2026-07-31,2026,4,Marketable,Notes,91282CGH8,2023-01-31,2028-01-31,3.5,116620.8368,179,0,07/31,01/31,null,null,42989.6949,31,07,3,2026,0,null,3.53
2026-07-31,2026-07-31,2026,4,Marketable,Bills Maturity Value,912797TX5,2026-05-21,2026-08-20,null,null,18,0,08/26,null,null,null,94368.4304,31,07,3,2026,0,null,3.6
2026-07-31,2026-07-31,2026,4,Marketable,Notes,91282CGH8,2026-02-02,2028-01-31,3.5,null,180,0,07/31,01/31,null,null,73861.1419,31,07,3,2026,-230,null,3.58
2026-07-31,2026-07-31,2026,4,Marketable,Notes,9128283W8,2018-02-15,2028-02-15,2.75,69744.1045,181,0,08/15,02/15,null,null,28536.05,31,07,3,2026,0,null,2.811
2026-07-31,2026-07-31,2026,4,Marketable,Notes,9128283W8,2018-03-15,2028-02-15,2.75,null,182,0,08/15,02/15,null,null,21000.0038,31,07,3,2026,0,null,2.889
2026-07-31,2026-07-31,2026,4,Marketable,Notes,9128283W8,2018-04-16,2028-02-15,2.75,null,183,0,08/15,02/15,null,null,21036.0507,31,07,3,2026,-828,null,2.795
2026-07-31,2026-07-31,2026,4,Marketable,Notes,91282CMN8,2025-02-18,2028-02-15,4.25,73131.0993,184,0,08/15,02/15,null,null,73931.0993,31,07,3,2026,-800,null,4.3
2026-07-31,2026-07-31,2026,4,Marketable,Notes,91282CBP5,2021-03-01,2028-02-29,1.125,75418.1485,185,0,08/31,02/28,null,null,75431.1485,31,07,3,2026,-13,null,1.195
2026-07-31,2026-07-31,2026,4,Marketable,Notes,91282CGP0,2023-02-28,2028-02-29,4,52169.3168,186,0,08/31,02/29,null,null,52769.3168,31,07,3,2026,-600,null,4.109
2026-07-31,2026-07-31,2026,4,Marketable,Notes,91282CQB0,2026-03-02,2028-02-29,3.375,77264.4424,187,0,08/31,02/28,null,null,77264.4424,31,07,3,2026,0,null,3.455
2026-07-31,2026-07-31,2026,4,Marketable,Notes,91282CMS7,2025-03-17,2028-03-15,3.875,58781.363,188,0,09/15,03/15,null,null,58981.363,31,07,3,2026,-200,null,3.908
2026-07-31,2026-07-31,2026,4,Marketable,Notes,91282CBS9,2021-03-31,2028-03-31,1.25,72451.916,189,0,09/30,03/31,null,null,73132.916,31,07,3,2026,-681,null,1.3
2026-07-31,2026-07-31,2026,4,Marketable,Bills Maturity Value,912797TX5,2026-07-09,2026-08-20,null,null,19,0,08/26,null,null,null,94777.1729,31,07,3,2026,0,null,3.635
2026-07-31,2026-07-31,2026,4,Marketable,Notes,91282CGT2,2023-03-31,2028-03-31,3.625,42999.8097,190,0,09/30,03/31,null,null,42999.8097,31,07,3,2026,0,null,3.665
2026-07-31,2026-07-31,2026,4,Marketable,Notes,91282CQH7,2026-03-31,2028-03-31,3.875,76127.9246,191,0,09/30,03/31,null,null,76127.9246,31,07,3,2026,0,null,3.936
2026-07-31,2026-07-31,2026,4,Marketable,Notes,91282CMW8,2025-04-15,2028-04-15,3.75,67679.3019,192,0,10/15,04/15,null,null,67679.3019,31,07,3,2026,0,null,3.784
2026-07-31,2026-07-31,2026,4,Marketable,Notes,91282CBZ3,2021-04-30,2028-04-30,1.25,73420.2701,193,0,10/31,04/30,null,null,73840.2701,31,07,3,2026,-420,null,1.306
2026-07-31,2026-07-31,2026,4,Marketable,Notes,91282CHA2,2023-05-01,2028-04-30,3.5,47182.5132,194,0,10/31,04/30,null,null,47182.5132,31,07,3,2026,0,null,3.5
2026-07-31,2026-07-31,2026,4,Marketable,Notes,91282CQL8,2026-04-30,2028-04-30,3.75,77693.49,195,0,10/31,04/30,null,null,77693.49,31,07,3,2026,0,null,3.812
2026-07-31,2026-07-31,2026,4,Marketable,Notes,9128284N7,2018-05-15,2028-05-15,2.875,72893.2308,196,0,11/15,05/15,null,null,31026.682,31,07,3,2026,0,null,2.995
2026-07-31,2026-07-31,2026,4,Marketable,Notes,9128284N7,2018-06-15,2028-05-15,2.875,null,197,0,11/15,05/15,null,null,22000.0172,31,07,3,2026,0,null,2.962
2026-07-31,2026-07-31,2026,4,Marketable,Notes,9128284N7,2018-07-16,2028-05-15,2.875,null,198,0,11/15,05/15,null,null,22085.5316,31,07,3,2026,-2219,null,2.859
2026-07-31,2026-07-31,2026,4,Marketable,Notes,91282CND9,2025-05-15,2028-05-15,3.75,78273.4418,199,0,11/15,05/15,null,null,78473.4418,31,07,3,2026,-200,null,3.824
2026-07-31,2026-07-31,2026,4,Marketable,Bills Maturity Value,912797US4,2026-06-09,2026-08-04,null,null,2,0,08/26,null,null,null,79028.3689,31,07,3,2026,0,null,3.61
2026-07-31,2026-07-31,2026,4,Marketable,Bills Maturity Value,912797UV7,2026-04-28,2026-08-25,null,267379.4988,20,0,08/26,null,null,null,69912.9519,31,07,3,2026,0,null,3.61
2026-07-31,2026-07-31,2026,4,Marketable,Notes,91282CCE9,2021-06-01,2028-05-31,1.25,73206.2334,200,0,11/30,05/31,null,null,74034.2334,31,07,3,2026,-828,null,1.285
2026-07-31,2026-07-31,2026,4,Marketable,Notes,91282CHE4,2023-05-31,2028-05-31,3.625,48376.1542,201,0,11/30,05/31,null,null,51060.1542,31,07,3,2026,-2684,null,3.749
2026-07-31,2026-07-31,2026,4,Marketable,Notes,91282CQS3,2026-06-01,2028-05-31,4,79173.8479,202,0,11/30,05/31,null,null,79173.8479,31,07,3,2026,0,null,4.071
2026-07-31,2026-07-31,2026,4,Marketable,Notes,91282CNH0,2025-06-16,2028-06-15,3.875,59042.8635,203,0,12/15,06/15,null,null,59042.8635,31,07,3,2026,0,null,3.972
2026-07-31,2026-07-31,2026,4,Marketable,Notes,91282CCH2,2021-06-30,2028-06-30,1.25,70834.1021,204,0,12/31,06/30,null,null,71410.1021,31,07,3,2026,-576,null,1.264
2026-07-31,2026-07-31,2026,4,Marketable,Notes,91282CHK0,2023-06-30,2028-06-30,4,42999.6645,205,0,12/31,06/30,null,null,42999.6645,31,07,3,2026,0,null,4.019
2026-07-31,2026-07-31,2026,4,Marketable,Notes,91282CQY0,2026-06-30,2028-06-30,4.125,79326.5105,206,0,12/31,06/30,null,null,79326.5105,31,07,3,2026,0,null,4.189
2026-07-31,2026-07-31,2026,4,Marketable,Notes,91282CNM9,2025-07-15,2028-07-15,3.875,64862.5606,207,0,01/15,07/15,null,null,64862.5606,31,07,3,2026,0,null,3.891
2026-07-31,2026-07-31,2026,4,Marketable,Notes,91282CCR0,2021-08-02,2028-07-31,1,66445.6586,208,0,01/31,07/31,null,null,67937.6586,31,07,3,2026,-1492,null,1.05
2026-07-31,2026-07-31,2026,4,Marketable,Notes,91282CHQ7,2023-07-31,2028-07-31,4.125,42999.6711,209,0,01/31,07/31,null,null,42999.6711,31,07,3,2026,0,null,4.17
2026-07-31,2026-07-31,2026,4,Marketable,Bills Maturity Value,912797UV7,2026-06-30,2026-08-25,null,null,21,0,08/26,null,null,null,80885.1693,31,07,3,2026,0,null,3.66
2026-07-31,2026-07-31,2026,4,Marketable,Notes,91282CRB9,2026-07-31,2028-07-31,4.25,76628.9164,210,0,01/31,07/31,null,null,76628.9164,31,07,3,2026,0,null,4.315
2026-07-31,2026-07-31,2026,4,Marketable,Notes,9128284V9,2018-08-15,2028-08-15,2.875,73000.7101,211,0,02/15,08/15,null,null,29495.4751,31,07,3,2026,0,null,2.96
2026-07-31,2026-07-31,2026,4,Marketable,Notes,9128284V9,2018-09-17,2028-08-15,2.875,null,212,0,02/15,08/15,null,null,22999.9659,31,07,3,2026,0,null,2.957
2026-07-31,2026-07-31,2026,4,Marketable,Notes,9128284V9,2018-10-15,2028-08-15,2.875,null,213,0,02/15,08/15,null,null,23000.2691,31,07,3,2026,-2495,null,3.225
2026-07-31,2026-07-31,2026,4,Marketable,Notes,91282CNU1,2025-08-15,2028-08-15,3.625,77418.3338,214,0,02/15,08/15,null,null,77683.3338,31,07,3,2026,-265,null,3.669
2026-07-31,2026-07-31,2026,4,Marketable,Notes,91282CCV1,2021-08-31,2028-08-31,1.125,69172.8029,215,0,02/28,08/31,null,null,69789.8029,31,07,3,2026,-617,null,1.155
2026-07-31,2026-07-31,2026,4,Marketable,Notes,91282CHX2,2023-08-31,2028-08-31,4.375,50495.9706,216,0,02/29,08/31,null,null,50767.9706,31,07,3,2026,-272,null,4.4
2026-07-31,2026-07-31,2026,4,Marketable,Notes,91282CNY3,2025-09-15,2028-09-15,3.375,57999.3991,217,0,03/15,09/15,null,null,57999.3991,31,07,3,2026,0,null,3.485
2026-07-31,2026-07-31,2026,4,Marketable,Notes,91282CCY5,2021-09-30,2028-09-30,1.25,69466.8874,218,0,03/31,09/30,null,null,69466.8874,31,07,3,2026,0,null,1.332
2026-07-31,2026-07-31,2026,4,Marketable,Notes,91282CJA0,2023-10-02,2028-09-30,4.625,48999.9713,219,0,03/31,09/30,null,null,48999.9713,31,07,3,2026,0,null,4.659
2026-07-31,2026-07-31,2026,4,Marketable,Bills Maturity Value,912797UV7,2026-07-28,2026-08-25,null,null,22,0,08/26,null,null,null,116581.3776,31,07,3,2026,0,null,3.73
2026-07-31,2026-07-31,2026,4,Marketable,Notes,91282CPC9,2025-10-15,2028-10-15,3.5,59076.3927,220,0,04/15,10/15,null,null,59076.3927,31,07,3,2026,0,null,3.576
2026-07-31,2026-07-31,2026,4,Marketable,Notes,91282CDF5,2021-11-01,2028-10-31,1.375,67425.325,221,0,04/30,10/31,null,null,68303.325,31,07,3,2026,-878,null,1.461
2026-07-31,2026-07-31,2026,4,Marketable,Notes,91282CJF9,2023-10-31,2028-10-31,4.875,51839.3315,222,0,04/30,10/31,null,null,51999.3315,31,07,3,2026,-160,null,4.899
2026-07-31,2026-07-31,2026,4,Marketable,Notes,9128285M8,2018-11-15,2028-11-15,3.125,80486.8543,223,0,05/15,11/15,null,null,32506.5792,31,07,3,2026,0,null,3.209
2026-07-31,2026-07-31,2026,4,Marketable,Notes,9128285M8,2018-12-17,2028-11-15,3.125,null,224,0,05/15,11/15,null,null,23999.5335,31,07,3,2026,0,null,2.915
2026-07-31,2026-07-31,2026,4,Marketable,Notes,9128285M8,2019-01-15,2028-11-15,3.125,null,225,0,05/15,11/15,null,null,23999.7416,31,07,3,2026,-19,null,2.728
2026-07-31,2026-07-31,2026,4,Marketable,Notes,91282CPK1,2025-11-17,2028-11-15,3.5,66832.8538,226,0,05/15,11/15,null,null,67032.8538,31,07,3,2026,-200,null,3.579
2026-07-31,2026-07-31,2026,4,Marketable,Notes,91282CDL2,2021-11-30,2028-11-30,1.5,62734.6206,227,0,05/31,11/30,null,null,63863.6206,31,07,3,2026,-1129,null,1.588
2026-07-31,2026-07-31,2026,4,Marketable,Notes,91282CJN2,2023-11-30,2028-11-30,4.375,54914.0337,228,0,05/31,11/30,null,null,55622.0337,31,07,3,2026,-708,null,4.42
2026-07-31,2026-07-31,2026,4,Marketable,Notes,91282CPP0,2025-12-15,2028-12-15,3.5,57965.2538,229,0,06/15,12/15,null,null,58000.2538,31,07,3,2026,-35,null,3.614
2026-07-31,2026-07-31,2026,4,Marketable,Bills Maturity Value,912797TY3,2026-02-26,2026-08-27,null,271163.2164,23,0,08/26,null,null,null,79882.2161,31,07,3,2026,0,null,3.525
2026-07-31,2026-07-31,2026,4,Marketable,Notes,91282CDP3,2021-12-31,2028-12-31,1.375,63608.1801,230,0,06/30,12/31,null,null,63608.1801,31,07,3,2026,0,null,1.48
2026-07-31,2026-07-31,2026,4,Marketable,Notes,91282CJR3,2024-01-02,2028-12-31,3.75,57996.2671,231,0,06/30,12/31,null,null,57996.2671,31,07,3,2026,0,null,3.801
2026-07-31,2026-07-31,2026,4,Marketable,Notes,91282CPT2,2026-01-15,2029-01-15,3.5,74881.9591,232,0,07/15,01/15,null,null,74881.9591,31,07,3,2026,0,null,3.609
2026-07-31,2026-07-31,2026,4,Marketable,Notes,91282CDW8,2022-01-31,2029-01-31,1.75,60406.6569,233,0,07/31,01/31,null,null,60921.6569,31,07,3,2026,-515,null,1.769
2026-07-31,2026-07-31,2026,4,Marketable,Notes,91282CJW2,2024-01-31,2029-01-31,4,60789.5914,234,0,07/31,01/31,null,null,60999.5914,31,07,3,2026,-210,null,4.055
2026-07-31,2026-07-31,2026,4,Marketable,Notes,9128286B1,2019-02-15,2029-02-15,2.625,80704.475,235,0,08/15,02/15,null,null,33502.0739,31,07,3,2026,0,null,2.689
2026-07-31,2026-07-31,2026,4,Marketable,Notes,9128286B1,2019-03-15,2029-02-15,2.625,null,236,0,08/15,02/15,null,null,24000.0332,31,07,3,2026,0,null,2.615
2026-07-31,2026-07-31,2026,4,Marketable,Notes,9128286B1,2019-04-15,2029-02-15,2.625,null,237,0,08/15,02/15,null,null,24003.3679,31,07,3,2026,-801,null,2.466
2026-07-31,2026-07-31,2026,4,Marketable,Notes,91282CQA2,2026-02-17,2029-02-15,3.5,74434.3746,238,0,08/15,02/15,null,null,74434.3746,31,07,3,2026,0,null,3.518
2026-07-31,2026-07-31,2026,4,Marketable,Notes,91282CEB3,2022-02-28,2029-02-28,1.875,57010.8318,239,0,08/31,02/28,null,null,58565.8318,31,07,3,2026,-1555,null,1.905
2026-07-31,2026-07-31,2026,4,Marketable,Bills Maturity Value,912797TY3,2026-05-28,2026-08-27,null,null,24,0,08/26,null,null,null,92428.7708,31,07,3,2026,0,null,3.595
2026-07-31,2026-07-31,2026,4,Marketable,Notes,91282CKD2,2024-02-29,2029-02-28,4.25,66465.3251,240,0,08/31,02/28,null,null,66769.3251,31,07,3,2026,-304,null,4.32
2026-07-31,2026-07-31,2026,4,Marketable,Notes,91282CQE4,2026-03-16,2029-03-15,3.5,58013.9463,241,0,09/15,03/15,null,null,58013.9463,31,07,3,2026,0,null,3.579
2026-07-31,2026-07-31,2026,4,Marketable,Notes,91282CEE7,2022-03-31,2029-03-31,2.375,55674.7207,242,0,09/30,03/31,null,null,55749.7207,31,07,3,2026,-75,null,2.499
2026-07-31,2026-07-31,2026,4,Marketable,Notes,91282CKG5,2024-04-01,2029-03-31,4.125,66999.7216,243,0,09/30,03/31,null,null,66999.7216,31,07,3,2026,0,null,4.235
2026-07-31,2026-07-31,2026,4,Marketable,Notes,91282CQJ3,2026-04-15,2029-04-15,3.875,68284.7507,244,0,10/15,04/15,null,null,68284.7507,31,07,3,2026,0,null,3.897
2026-07-31,2026-07-31,2026,4,Marketable,Notes,91282CEM9,2022-05-02,2029-04-30,2.875,48495.2335,245,0,10/31,04/30,null,null,50100.2335,31,07,3,2026,-1605,null,2.908
2026-07-31,2026-07-31,2026,4,Marketable,Notes,91282CKP5,2024-04-30,2029-04-30,4.625,70232.3058,246,0,10/31,04/30,null,null,70332.3058,31,07,3,2026,-100,null,4.659
2026-07-31,2026-07-31,2026,4,Marketable,Notes,9128286T2,2019-05-15,2029-05-15,2.375,84173.0589,247,0,11/15,05/15,null,null,36197.7175,31,07,3,2026,0,null,2.479
2026-07-31,2026-07-31,2026,4,Marketable,Notes,9128286T2,2019-06-17,2029-05-15,2.375,null,248,0,11/15,05/15,null,null,24000.0006,31,07,3,2026,0,null,2.13
2026-07-31,2026-07-31,2026,4,Marketable,Notes,9128286T2,2019-06-26,2029-05-15,2.375,null,249,0,11/15,05/15,null,null,25.0004,31,07,3,2026,0,null,2.065
2026-07-31,2026-07-31,2026,4,Marketable,Bills Maturity Value,912797TY3,2026-07-16,2026-08-27,null,null,25,0,08/26,null,null,null,98852.2295,31,07,3,2026,0,null,3.64
2026-07-31,2026-07-31,2026,4,Marketable,Notes,9128286T2,2019-07-15,2029-05-15,2.375,null,250,0,11/15,05/15,null,null,24204.3404,31,07,3,2026,-254,null,2.064
2026-07-31,2026-07-31,2026,4,Marketable,Notes,91282CQR5,2026-05-15,2029-05-15,3.875,71772.0304,251,0,11/15,05/15,null,null,71772.0304,31,07,3,2026,0,null,3.965
2026-07-31,2026-07-31,2026,4,Marketable,Notes,91282CES6,2022-05-31,2029-05-31,2.75,46198.1243,252,0,11/30,05/31,null,null,48314.1243,31,07,3,2026,-2116,null,2.777
2026-07-31,2026-07-31,2026,4,Marketable,Notes,91282CKT7,2024-05-31,2029-05-31,4.5,72970.7385,253,0,11/30,05/31,null,null,74155.7385,31,07,3,2026,-1185,null,4.553
2026-07-31,2026-07-31,2026,4,Marketable,Notes,91282CQV6,2026-06-15,2029-06-15,4.125,57999.7861,254,0,12/15,06/15,null,null,57999.7861,31,07,3,2026,0,null,4.192
2026-07-31,2026-07-31,2026,4,Marketable,Notes,91282CEV9,2022-06-30,2029-06-30,3.25,42974.1464,255,0,12/31,06/30,null,null,43057.1464,31,07,3,2026,-83,null,3.28
2026-07-31,2026-07-31,2026,4,Marketable,Notes,91282CKX8,2024-07-01,2029-06-30,4.25,72149.7834,256,0,12/31,06/30,null,null,72436.7834,31,07,3,2026,-287,null,4.331
2026-07-31,2026-07-31,2026,4,Marketable,Notes,91282CQZ7,2026-07-15,2029-07-15,4.125,64030.8932,257,0,01/15,07/15,null,null,64030.8932,31,07,3,2026,0,null,4.179
2026-07-31,2026-07-31,2026,4,Marketable,Notes,91282CFC0,2022-08-01,2029-07-31,2.625,39104.9639,258,0,01/31,07/31,null,null,41296.9639,31,07,3,2026,-2192,null,2.73
2026-07-31,2026-07-31,2026,4,Marketable,Notes,91282CLC3,2024-07-31,2029-07-31,4,73590.6093,259,0,01/31,07/31,null,null,73858.6093,31,07,3,2026,-268,null,4.121
2026-07-31,2026-07-31,2026,4,Marketable,Bills Maturity Value,912797UW5,2026-05-05,2026-09-01,null,159173.3733,26,0,09/26,null,null,null,70981.1335,31,07,3,2026,0,null,3.62
2026-07-31,2026-07-31,2026,4,Marketable,Notes,912828YB0,2019-08-15,2029-08-15,1.625,92618.67,260,0,02/15,08/15,null,null,44618.5812,31,07,3,2026,0,null,1.67
2026-07-31,2026-07-31,2026,4,Marketable,Notes,912828YB0,2019-09-16,2029-08-15,1.625,null,261,0,02/15,08/15,null,null,24000.0403,31,07,3,2026,0,null,1.739
2026-07-31,2026-07-31,2026,4,Marketable,Notes,912828YB0,2019-10-15,2029-08-15,1.625,null,262,0,02/15,08/15,null,null,24000.0485,31,07,3,2026,0,null,1.59
2026-07-31,2026-07-31,2026,4,Marketable,Notes,91282CFJ5,2022-08-31,2029-08-31,3.125,41013.502,263,0,02/28,08/31,null,null,41817.502,31,07,3,2026,-804,null,3.13
2026-07-31,2026-07-31,2026,4,Marketable,Notes,91282CLK5,2024-09-03,2029-08-31,3.625,75543.7874,264,0,02/28,08/31,null,null,75563.7874,31,07,3,2026,-20,null,3.645
2026-07-31,2026-07-31,2026,4,Marketable,Notes,91282CFL0,2022-09-30,2029-09-30,3.875,35786.998,265,0,03/31,09/30,null,null,36001.998,31,07,3,2026,-215,null,3.898
2026-07-31,2026-07-31,2026,4,Marketable,Notes,91282CLN9,2024-09-30,2029-09-30,3.5,71324.682,266,0,03/31,09/30,null,null,71444.682,31,07,3,2026,-120,null,3.519
2026-07-31,2026-07-31,2026,4,Marketable,Notes,91282CFT3,2022-10-31,2029-10-31,4,34908.0228,267,0,04/30,10/31,null,null,35000.0228,31,07,3,2026,-92,null,4.027
2026-07-31,2026-07-31,2026,4,Marketable,Notes,91282CLR0,2024-10-31,2029-10-31,4.125,70855.6392,268,0,04/30,10/31,null,null,71180.6392,31,07,3,2026,-325,null,4.138
2026-07-31,2026-07-31,2026,4,Marketable,Notes,912828YS3,2019-11-15,2029-11-15,1.75,88552.5072,269,0,05/15,11/15,null,null,39784.5457,31,07,3,2026,0,null,1.809
2026-07-31,2026-07-31,2026,4,Marketable,Bills Maturity Value,912797UW5,2026-07-07,2026-09-01,null,null,27,0,09/26,null,null,null,88192.2398,31,07,3,2026,0,null,3.65
2026-07-31,2026-07-31,2026,4,Marketable,Notes,912828YS3,2019-12-16,2029-11-15,1.75,null,270,0,05/15,11/15,null,null,24000.0112,31,07,3,2026,0,null,1.842
2026-07-31,2026-07-31,2026,4,Marketable,Notes,912828YS3,2020-01-15,2029-11-15,1.75,null,271,0,05/15,11/15,null,null,24767.9503,31,07,3,2026,0,null,1.869
2026-07-31,2026-07-31,2026,4,Marketable,Notes,91282CFY2,2022-11-30,2029-11-30,3.875,38155.4113,272,0,05/31,11/30,null,null,38805.4113,31,07,3,2026,-650,null,3.89
2026-07-31,2026-07-31,2026,4,Marketable,Notes,91282CMA6,2024-12-02,2029-11-30,4.125,74761.0312,273,0,05/31,11/30,null,null,74761.0312,31,07,3,2026,0,null,4.197
2026-07-31,2026-07-31,2026,4,Marketable,Notes,91282CGB1,2023-01-03,2029-12-31,3.875,34277.9553,274,0,06/30,12/31,null,null,34999.9553,31,07,3,2026,-722,null,3.921
2026-07-31,2026-07-31,2026,4,Marketable,Notes,91282CMD0,2024-12-31,2029-12-31,4.375,70388.9862,275,0,06/30,12/31,null,null,70688.9862,31,07,3,2026,-300,null,4.478
2026-07-31,2026-07-31,2026,4,Marketable,Notes,91282CGJ4,2023-01-31,2030-01-31,3.5,34045.566,276,0,07/31,01/31,null,null,34999.566,31,07,3,2026,-954,null,3.517
2026-07-31,2026-07-31,2026,4,Marketable,Notes,91282CMG3,2025-01-31,2030-01-31,4.25,73885.6256,277,0,07/31,01/31,null,null,73885.6256,31,07,3,2026,0,null,4.33
2026-07-31,2026-07-31,2026,4,Marketable,Notes,912828Z94,2020-02-18,2030-02-15,1.5,87401.5957,278,0,08/15,02/15,null,null,39007.7122,31,07,3,2026,0,null,1.622
2026-07-31,2026-07-31,2026,4,Marketable,Notes,912828Z94,2020-03-16,2030-02-15,1.5,null,279,0,08/15,02/15,null,null,24022.5969,31,07,3,2026,0,null,0.849
2026-07-31,2026-07-31,2026,4,Marketable,Bills Maturity Value,912797RS8,2025-09-04,2026-09-03,null,325996.6049,28,0,09/26,null,null,null,50998.9522,31,07,3,2026,0,null,3.66
2026-07-31,2026-07-31,2026,4,Marketable,Notes,912828Z94,2020-04-15,2030-02-15,1.5,null,280,0,08/15,02/15,null,null,25082.2866,31,07,3,2026,-711,null,0.782
2026-07-31,2026-07-31,2026,4,Marketable,Notes,91282CGQ8,2023-02-28,2030-02-28,4,119604.7938,281,0,08/31,02/29,null,null,42952.3735,31,07,3,2026,-370,null,4.062
2026-07-31,2026-07-31,2026,4,Marketable,Notes,91282CGQ8,2025-02-28,2030-02-28,4,null,282,0,08/31,02/29,null,null,77052.4203,31,07,3,2026,-30,null,4.123
2026-07-31,2026-07-31,2026,4,Marketable,Notes,91282CGS4,2023-03-31,2030-03-31,3.625,33994.9105,283,0,09/30,03/31,null,null,34999.9105,31,07,3,2026,-1005,null,3.626
2026-07-31,2026-07-31,2026,4,Marketable,Notes,91282CMU2,2025-03-31,2030-03-31,4,72023.5247,284,0,09/30,03/31,null,null,72067.5247,31,07,3,2026,-44,null,4.1
2026-07-31,2026-07-31,2026,4,Marketable,Notes,91282CGZ8,2023-05-01,2030-04-30,3.5,38040.0889,285,0,10/31,04/30,null,null,38406.0889,31,07,3,2026,-366,null,3.563
2026-07-31,2026-07-31,2026,4,Marketable,Notes,91282CMZ1,2025-04-30,2030-04-30,3.875,74793.7821,286,0,10/31,04/30,null,null,74793.7821,31,07,3,2026,0,null,3.995
2026-07-31,2026-07-31,2026,4,Marketable,Notes,912828ZQ6,2020-05-15,2030-05-15,0.625,109704.7215,287,0,11/15,05/15,null,null,48923.195,31,07,3,2026,0,null,0.7
2026-07-31,2026-07-31,2026,4,Marketable,Notes,912828ZQ6,2020-06-15,2030-05-15,0.625,null,288,0,11/15,05/15,null,null,29412.3192,31,07,3,2026,0,null,0.832
2026-07-31,2026-07-31,2026,4,Marketable,Notes,912828ZQ6,2020-07-15,2030-05-15,0.625,null,289,0,11/15,05/15,null,null,31544.2073,31,07,3,2026,-175,null,0.653
2026-07-31,2026-07-31,2026,4,Marketable,Bills Maturity Value,912797RS8,2026-03-05,2026-09-03,null,null,29,0,09/26,null,null,null,79575.9727,31,07,3,2026,0,null,3.535
2026-07-31,2026-07-31,2026,4,Marketable,Notes,91282CHF1,2023-05-31,2030-05-31,3.75,40694.9514,290,0,11/30,05/31,null,null,41562.9514,31,07,3,2026,-868,null,3.827
2026-07-31,2026-07-31,2026,4,Marketable,Notes,91282CNG2,2025-06-02,2030-05-31,4,79582.3101,291,0,11/30,05/31,null,null,79582.3101,31,07,3,2026,0,null,4.071
2026-07-31,2026-07-31,2026,4,Marketable,Notes,91282CHJ3,2023-06-30,2030-06-30,3.75,34099.1219,292,0,12/31,06/30,null,null,35000.1219,31,07,3,2026,-901,null,3.839
2026-07-31,2026-07-31,2026,4,Marketable,Notes,91282CNK3,2025-06-30,2030-06-30,3.875,76965.5472,293,0,12/31,06/30,null,null,76965.5472,31,07,3,2026,0,null,3.879
2026-07-31,2026-07-31,2026,4,Marketable,Notes,91282CHR5,2023-07-31,2030-07-31,4,33760.3086,294,0,01/31,07/31,null,null,34990.3086,31,07,3,2026,-1230,null,4.087
2026-07-31,2026-07-31,2026,4,Marketable,Notes,91282CNN7,2025-07-31,2030-07-31,3.875,74766.5963,295,0,01/31,07/31,null,null,74766.5963,31,07,3,2026,0,null,3.983
2026-07-31,2026-07-31,2026,4,Marketable,Notes,91282CAE1,2020-08-17,2030-08-15,0.625,132350.6532,296,0,02/15,08/15,null,null,60600.628,31,07,3,2026,0,null,0.677
2026-07-31,2026-07-31,2026,4,Marketable,Notes,91282CAE1,2020-09-15,2030-08-15,0.625,null,297,0,02/15,08/15,null,null,36438.9174,31,07,3,2026,0,null,0.704
2026-07-31,2026-07-31,2026,4,Marketable,Notes,91282CAE1,2020-10-15,2030-08-15,0.625,null,298,0,02/15,08/15,null,null,35979.1078,31,07,3,2026,-668,null,0.765
2026-07-31,2026-07-31,2026,4,Marketable,Notes,91282CHW4,2023-08-31,2030-08-31,4.125,39737.4345,299,0,02/29,08/31,null,null,39737.4345,31,07,3,2026,0,null,4.212
2026-07-31,2026-07-31,2026,4,Marketable,Bills Maturity Value,912797US4,2026-07-07,2026-08-04,null,null,3,0,08/26,null,null,null,88193.3291,31,07,3,2026,0,null,3.605
2026-07-31,2026-07-31,2026,4,Marketable,Bills Maturity Value,912797RS8,2026-06-04,2026-09-03,null,null,30,0,09/26,null,null,null,94633.9332,31,07,3,2026,0,null,3.63
2026-07-31,2026-07-31,2026,4,Marketable,Notes,91282CNX5,2025-09-02,2030-08-31,3.625,78448.3357,300,0,02/28,08/31,null,null,78448.3357,31,07,3,2026,0,null,3.724
2026-07-31,2026-07-31,2026,4,Marketable,Notes,91282CHZ7,2023-10-02,2030-09-30,4.625,36709.9038,301,0,03/31,09/30,null,null,36999.9038,31,07,3,2026,-290,null,4.673
2026-07-31,2026-07-31,2026,4,Marketable,Notes,91282CPA3,2025-09-30,2030-09-30,3.625,73433.2547,302,0,03/31,09/30,null,null,73865.2547,31,07,3,2026,-432,null,3.71
2026-07-31,2026-07-31,2026,4,Marketable,Notes,91282CJG7,2023-10-31,2030-10-31,4.875,37230.1286,303,0,04/30,10/31,null,null,38000.1286,31,07,3,2026,-770,null,4.908
2026-07-31,2026-07-31,2026,4,Marketable,Notes,91282CPD7,2025-10-31,2030-10-31,3.625,73961.3631,304,0,04/30,10/31,null,null,74019.3631,31,07,3,2026,-58,null,3.625
2026-07-31,2026-07-31,2026,4,Marketable,Notes,91282CAV3,2020-11-16,2030-11-15,0.875,133680.8207,305,0,05/15,11/15,null,null,52242.272,31,07,3,2026,0,null,0.96
2026-07-31,2026-07-31,2026,4,Marketable,Notes,91282CAV3,2020-12-15,2030-11-15,0.875,null,306,0,05/15,11/15,null,null,39618.5582,31,07,3,2026,0,null,0.951
2026-07-31,2026-07-31,2026,4,Marketable,Notes,91282CAV3,2021-01-15,2030-11-15,0.875,null,307,0,05/15,11/15,null,null,41819.9905,31,07,3,2026,0,null,1.164
2026-07-31,2026-07-31,2026,4,Marketable,Notes,91282CJM4,2023-11-30,2030-11-30,4.375,39411.6963,308,0,05/31,11/30,null,null,39458.6963,31,07,3,2026,-47,null,4.399
2026-07-31,2026-07-31,2026,4,Marketable,Notes,91282CPN5,2025-12-01,2030-11-30,3.5,78004.6386,309,0,05/31,11/30,null,null,78004.6386,31,07,3,2026,0,null,3.562
2026-07-31,2026-07-31,2026,4,Marketable,Bills Maturity Value,912797RS8,2026-07-23,2026-09-03,null,null,31,0,09/26,null,null,null,100787.7468,31,07,3,2026,0,null,3.65
2026-07-31,2026-07-31,2026,4,Marketable,Notes,91282CJQ5,2024-01-02,2030-12-31,3.75,39436.8979,310,0,06/30,12/31,null,null,39999.8979,31,07,3,2026,-563,null,3.859
2026-07-31,2026-07-31,2026,4,Marketable,Notes,91282CPR6,2025-12-31,2030-12-31,3.625,77460.0866,311,0,06/30,12/31,null,null,77460.0866,31,07,3,2026,0,null,3.747
2026-07-31,2026-07-31,2026,4,Marketable,Notes,91282CJX0,2024-01-31,2031-01-31,4,39409.8752,312,0,07/31,01/31,null,null,40999.8752,31,07,3,2026,-1590,null,4.109
2026-07-31,2026-07-31,2026,4,Marketable,Notes,91282CPW5,2026-02-02,2031-01-31,3.75,74932.853,313,0,07/31,01/31,null,null,74932.853,31,07,3,2026,0,null,3.823
2026-07-31,2026-07-31,2026,4,Marketable,Notes,91282CBL4,2021-02-16,2031-02-15,1.125,140062.6147,314,0,08/15,02/15,null,null,55873.9708,31,07,3,2026,0,null,1.155
2026-07-31,2026-07-31,2026,4,Marketable,Notes,91282CBL4,2021-03-15,2031-02-15,1.125,null,315,0,08/15,02/15,null,null,40355.0173,31,07,3,2026,0,null,1.523
2026-07-31,2026-07-31,2026,4,Marketable,Notes,91282CBL4,2021-04-15,2031-02-15,1.125,null,316,0,08/15,02/15,null,null,43833.6266,31,07,3,2026,0,null,1.68
2026-07-31,2026-07-31,2026,4,Marketable,Notes,91282CKC4,2024-02-29,2031-02-28,4.25,41165.9378,317,0,08/31,02/28,null,null,43816.9378,31,07,3,2026,-2651,null,4.327
2026-07-31,2026-07-31,2026,4,Marketable,Notes,91282CQD6,2026-03-02,2031-02-28,3.5,78385.4921,318,0,08/31,02/28,null,null,78385.4921,31,07,3,2026,0,null,3.615
2026-07-31,2026-07-31,2026,4,Marketable,Notes,91282CKF7,2024-04-01,2031-03-31,4.125,42350.9146,319,0,09/30,03/31,null,null,42999.9146,31,07,3,2026,-649,null,4.185
2026-07-31,2026-07-31,2026,4,Marketable,Bills Maturity Value,912797VB0,2026-05-12,2026-09-08,null,170521.8358,32,0,09/26,null,null,null,69644.5099,31,07,3,2026,0,null,3.605
2026-07-31,2026-07-31,2026,4,Marketable,Notes,91282CQG9,2026-03-31,2031-03-31,3.875,77232.8044,320,0,09/30,03/31,null,null,77232.8044,31,07,3,2026,0,null,3.98
2026-07-31,2026-07-31,2026,4,Marketable,Notes,91282CKN0,2024-04-30,2031-04-30,4.625,44059.7454,321,0,10/31,04/30,null,null,44209.7454,31,07,3,2026,-150,null,4.716
2026-07-31,2026-07-31,2026,4,Marketable,Notes,91282CQK0,2026-04-30,2031-04-30,3.875,78809.8196,322,0,10/31,04/30,null,null,78809.8196,31,07,3,2026,0,null,3.955
2026-07-31,2026-07-31,2026,4,Marketable,Notes,91282CCB5,2021-05-17,2031-05-15,1.625,147677.7151,323,0,11/15,05/15,null,null,62752.7687,31,07,3,2026,0,null,1.684
2026-07-31,2026-07-31,2026,4,Marketable,Notes,91282CCB5,2021-06-15,2031-05-15,1.625,null,324,0,11/15,05/15,null,null,41493.4388,31,07,3,2026,0,null,1.497
2026-07-31,2026-07-31,2026,4,Marketable,Notes,91282CCB5,2021-07-15,2031-05-15,1.625,null,325,0,11/15,05/15,null,null,44254.5076,31,07,3,2026,-823,null,1.371
2026-07-31,2026-07-31,2026,4,Marketable,Notes,91282CKU4,2024-05-31,2031-05-31,4.625,46211.8325,326,0,11/30,05/31,null,null,46609.8325,31,07,3,2026,-398,null,4.65
2026-07-31,2026-07-31,2026,4,Marketable,Notes,91282CQU8,2026-06-01,2031-05-31,4.125,80328.4652,327,0,11/30,05/31,null,null,80328.4652,31,07,3,2026,0,null,4.182
2026-07-31,2026-07-31,2026,4,Marketable,Notes,91282CKW0,2024-07-01,2031-06-30,4.25,45531.2964,328,0,12/31,06/30,null,null,45531.2964,31,07,3,2026,0,null,4.276
2026-07-31,2026-07-31,2026,4,Marketable,Notes,91282CQX2,2026-06-30,2031-06-30,4.125,80473.3062,329,0,12/31,06/30,null,null,80473.3062,31,07,3,2026,0,null,4.2
2026-07-31,2026-07-31,2026,4,Marketable,Bills Maturity Value,912797VB0,2026-07-14,2026-09-08,null,null,33,0,09/26,null,null,null,100877.3259,31,07,3,2026,0,null,3.635
2026-07-31,2026-07-31,2026,4,Marketable,Notes,91282CLD1,2024-07-31,2031-07-31,4.125,45992.9851,330,0,01/31,07/31,null,null,46425.9851,31,07,3,2026,-433,null,4.162
2026-07-31,2026-07-31,2026,4,Marketable,Notes,91282CRA1,2026-07-31,2031-07-31,4.375,77741.2029,331,0,01/31,07/31,null,null,77741.2029,31,07,3,2026,0,null,4.408
2026-07-31,2026-07-31,2026,4,Marketable,Notes,91282CCS8,2021-08-16,2031-08-15,1.25,141344.4572,332,0,02/15,08/15,null,null,59291.8637,31,07,3,2026,0,null,1.34
2026-07-31,2026-07-31,2026,4,Marketable,Notes,91282CCS8,2021-09-15,2031-08-15,1.25,null,333,0,02/15,08/15,null,null,42046.3696,31,07,3,2026,0,null,1.338
2026-07-31,2026-07-31,2026,4,Marketable,Notes,91282CCS8,2021-10-15,2031-08-15,1.25,null,334,0,02/15,08/15,null,null,40859.2239,31,07,3,2026,-853,null,1.584
2026-07-31,2026-07-31,2026,4,Marketable,Notes,91282CLJ8,2024-09-03,2031-08-31,3.75,47498.4839,335,0,02/28,08/31,null,null,47498.4839,31,07,3,2026,0,null,3.77
2026-07-31,2026-07-31,2026,4,Marketable,Notes,91282CLM1,2024-09-30,2031-09-30,3.625,44900.7306,336,0,03/31,09/30,null,null,44900.7306,31,07,3,2026,0,null,3.668
2026-07-31,2026-07-31,2026,4,Marketable,Notes,91282CLU3,2024-10-31,2031-10-31,4.125,44695.1104,337,0,04/30,10/31,null,null,44742.1104,31,07,3,2026,-47,null,4.215
2026-07-31,2026-07-31,2026,4,Marketable,Notes,91282CDJ7,2021-11-15,2031-11-15,1.375,144585.2759,338,0,05/15,11/15,null,null,61559.6748,31,07,3,2026,0,null,1.444
2026-07-31,2026-07-31,2026,4,Marketable,Notes,91282CDJ7,2021-12-15,2031-11-15,1.375,null,339,0,05/15,11/15,null,null,41308.4412,31,07,3,2026,0,null,1.518
2026-07-31,2026-07-31,2026,4,Marketable,Bills Maturity Value,912797UF2,2026-03-12,2026-09-10,null,277782.0916,34,0,09/26,null,null,null,81380.608,31,07,3,2026,0,null,3.535
2026-07-31,2026-07-31,2026,4,Marketable,Notes,91282CDJ7,2022-01-18,2031-11-15,1.375,null,340,0,05/15,11/15,null,null,41776.1599,31,07,3,2026,-59,null,1.723
2026-07-31,2026-07-31,2026,4,Marketable,Notes,91282CLZ2,2024-12-02,2031-11-30,4.125,46942.4846,341,0,05/31,11/30,null,null,46992.4846,31,07,3,2026,-50,null,4.183
2026-07-31,2026-07-31,2026,4,Marketable,Notes,91282CMC2,2024-12-31,2031-12-31,4.5,44208.0803,342,0,06/30,12/31,null,null,44433.0803,31,07,3,2026,-225,null,4.532
2026-07-31,2026-07-31,2026,4,Marketable,Notes,91282CMK4,2025-01-31,2032-01-31,4.375,46437.9446,343,0,07/31,01/31,null,null,46442.9446,31,07,3,2026,-5,null,4.457
2026-07-31,2026-07-31,2026,4,Marketable,Notes,91282CDY4,2022-02-15,2032-02-15,1.875,140562.7051,344,0,08/15,02/15,null,null,59383.3893,31,07,3,2026,0,null,1.904
2026-07-31,2026-07-31,2026,4,Marketable,Notes,91282CDY4,2022-03-15,2032-02-15,1.875,null,345,0,08/15,02/15,null,null,39712.6376,31,07,3,2026,0,null,1.92
2026-07-31,2026-07-31,2026,4,Marketable,Notes,91282CDY4,2022-04-18,2032-02-15,1.875,null,346,0,08/15,02/15,null,null,42110.6782,31,07,3,2026,-644,null,2.72
2026-07-31,2026-07-31,2026,4,Marketable,Notes,91282CMR9,2025-02-28,2032-02-29,4.125,48434.9416,347,0,08/31,02/28,null,null,48434.9416,31,07,3,2026,0,null,4.194
2026-07-31,2026-07-31,2026,4,Marketable,Notes,91282CMT5,2025-03-31,2032-03-31,4.125,45299.485,348,0,09/30,03/31,null,null,45299.485,31,07,3,2026,0,null,4.233
2026-07-31,2026-07-31,2026,4,Marketable,Notes,91282CNA5,2025-04-30,2032-04-30,4,47013.0409,349,0,10/31,04/30,null,null,47013.0409,31,07,3,2026,0,null,4.123
2026-07-31,2026-07-31,2026,4,Marketable,Bills Maturity Value,912797UF2,2026-06-11,2026-09-10,null,null,35,0,09/26,null,null,null,94724.074,31,07,3,2026,0,null,3.64
2026-07-31,2026-07-31,2026,4,Marketable,Notes,91282CEP2,2022-05-16,2032-05-15,2.875,132744.6339,350,0,11/15,05/15,null,null,61194.0544,31,07,3,2026,0,null,2.943
2026-07-31,2026-07-31,2026,4,Marketable,Notes,91282CEP2,2022-06-15,2032-05-15,2.875,null,351,0,11/15,05/15,null,null,34940.4697,31,07,3,2026,0,null,3.03
2026-07-31,2026-07-31,2026,4,Marketable,Notes,91282CEP2,2022-07-15,2032-05-15,2.875,null,352,0,11/15,05/15,null,null,37206.1098,31,07,3,2026,-596,null,2.96
2026-07-31,2026-07-31,2026,4,Marketable,Notes,91282CNF4,2025-06-02,2032-05-31,4.125,50023.6652,353,0,11/30,05/31,null,null,50023.6652,31,07,3,2026,0,null,4.194
2026-07-31,2026-07-31,2026,4,Marketable,Notes,91282CNJ6,2025-06-30,2032-06-30,4,48378.2247,354,0,12/31,06/30,null,null,48378.2247,31,07,3,2026,0,null,4.022
2026-07-31,2026-07-31,2026,4,Marketable,Notes,91282CNR8,2025-07-31,2032-07-31,4,46916.5523,355,0,01/31,07/31,null,null,46996.5523,31,07,3,2026,-80,null,4.092
2026-07-31,2026-07-31,2026,4,Marketable,Notes,91282CFF3,2022-08-15,2032-08-15,2.75,119549.2032,356,0,02/15,08/15,null,null,57136.8754,31,07,3,2026,0,null,2.755
2026-07-31,2026-07-31,2026,4,Marketable,Notes,91282CFF3,2022-09-15,2032-08-15,2.75,null,357,0,02/15,08/15,null,null,32000.0093,31,07,3,2026,0,null,3.33
2026-07-31,2026-07-31,2026,4,Marketable,Notes,91282CFF3,2022-10-17,2032-08-15,2.75,null,358,0,02/15,08/15,null,null,32000.3185,31,07,3,2026,-1588,null,3.93
2026-07-31,2026-07-31,2026,4,Marketable,Notes,91282CNW7,2025-09-02,2032-08-31,3.875,49310.2015,359,0,02/28,08/31,null,null,49310.2015,31,07,3,2026,0,null,3.925
2026-07-31,2026-07-31,2026,4,Marketable,Bills Maturity Value,912797UF2,2026-07-30,2026-09-10,null,null,36,0,09/26,null,null,null,101677.4096,31,07,3,2026,0,null,3.7
2026-07-31,2026-07-31,2026,4,Marketable,Notes,91282CNZ0,2025-09-30,2032-09-30,3.875,46429.7112,360,0,03/31,09/30,null,null,46429.7112,31,07,3,2026,0,null,3.953
2026-07-31,2026-07-31,2026,4,Marketable,Notes,91282CPF2,2025-10-31,2032-10-31,3.75,46526.428,361,0,04/30,10/31,null,null,46526.428,31,07,3,2026,0,null,3.79
2026-07-31,2026-07-31,2026,4,Marketable,Notes,91282CFV8,2022-11-15,2032-11-15,4.125,111255.1404,362,0,05/15,11/15,null,null,47267.1045,31,07,3,2026,0,null,4.14
2026-07-31,2026-07-31,2026,4,Marketable,Notes,91282CFV8,2022-12-15,2032-11-15,4.125,null,363,0,05/15,11/15,null,null,31989.2788,31,07,3,2026,0,null,3.625
2026-07-31,2026-07-31,2026,4,Marketable,Notes,91282CFV8,2023-01-17,2032-11-15,4.125,null,364,0,05/15,11/15,null,null,31998.7571,31,07,3,2026,0,null,3.575
2026-07-31,2026-07-31,2026,4,Marketable,Notes,91282CPM7,2025-12-01,2032-11-30,3.75,49031.3704,365,0,05/31,11/30,null,null,49031.3704,31,07,3,2026,0,null,3.781
2026-07-31,2026-07-31,2026,4,Marketable,Notes,91282CPQ8,2025-12-31,2032-12-31,3.875,48688.412,366,0,06/30,12/31,null,null,48688.412,31,07,3,2026,0,null,3.93
2026-07-31,2026-07-31,2026,4,Marketable,Notes,91282CPY1,2026-02-02,2033-01-31,4,47100.4527,367,0,07/31,01/31,null,null,47100.4527,31,07,3,2026,0,null,4.018
2026-07-31,2026-07-31,2026,4,Marketable,Notes,91282CGM7,2023-02-15,2033-02-15,3.5,114600.8474,368,0,08/15,02/15,null,null,48667.2178,31,07,3,2026,0,null,3.613
2026-07-31,2026-07-31,2026,4,Marketable,Notes,91282CGM7,2023-03-15,2033-02-15,3.5,null,369,0,08/15,02/15,null,null,32000.1761,31,07,3,2026,0,null,3.985
2026-07-31,2026-07-31,2026,4,Marketable,Bills Maturity Value,912797VC8,2026-05-19,2026-09-15,null,177760.7171,37,0,09/26,null,null,null,71901.4295,31,07,3,2026,0,null,3.615
2026-07-31,2026-07-31,2026,4,Marketable,Notes,91282CGM7,2023-04-17,2033-02-15,3.5,null,370,0,08/15,02/15,null,null,34033.4535,31,07,3,2026,-100,null,3.455
2026-07-31,2026-07-31,2026,4,Marketable,Notes,91282CQC8,2026-03-02,2033-02-28,3.75,49271.0267,371,0,08/31,02/28,null,null,49271.0267,31,07,3,2026,0,null,3.79
2026-07-31,2026-07-31,2026,4,Marketable,Notes,91282CQF1,2026-03-31,2033-03-31,4.25,48546.4108,372,0,09/30,03/31,null,null,48546.4108,31,07,3,2026,0,null,4.255
2026-07-31,2026-07-31,2026,4,Marketable,Notes,91282CQN4,2026-04-30,2033-04-30,4.125,49537.1765,373,0,10/31,04/30,null,null,49537.1765,31,07,3,2026,0,null,4.175
2026-07-31,2026-07-31,2026,4,Marketable,Notes,91282CHC8,2023-05-15,2033-05-15,3.375,108332.7781,374,0,11/15,05/15,null,null,44525.0633,31,07,3,2026,0,null,3.448
2026-07-31,2026-07-31,2026,4,Marketable,Notes,91282CHC8,2023-06-15,2033-05-15,3.375,null,375,0,11/15,05/15,null,null,31999.4961,31,07,3,2026,0,null,3.791
2026-07-31,2026-07-31,2026,4,Marketable,Notes,91282CHC8,2023-07-17,2033-05-15,3.375,null,376,0,11/15,05/15,null,null,31990.2187,31,07,3,2026,-182,null,3.857
2026-07-31,2026-07-31,2026,4,Marketable,Notes,91282CQT1,2026-06-01,2033-05-31,4.25,50491.6728,377,0,11/30,05/31,null,null,50491.6728,31,07,3,2026,0,null,4.29
2026-07-31,2026-07-31,2026,4,Marketable,Notes,91282CQW4,2026-06-30,2033-06-30,4.25,50586.9318,378,0,12/31,06/30,null,null,50586.9318,31,07,3,2026,0,null,4.26
2026-07-31,2026-07-31,2026,4,Marketable,Notes,91282CRC7,2026-07-31,2033-07-31,4.375,48864.7705,379,0,01/31,07/31,null,null,48864.7705,31,07,3,2026,0,null,4.473
2026-07-31,2026-07-31,2026,4,Marketable,Bills Maturity Value,912797VC8,2026-07-21,2026-09-15,null,null,38,0,09/26,null,null,null,105859.2876,31,07,3,2026,0,null,3.65
2026-07-31,2026-07-31,2026,4,Marketable,Notes,91282CHT1,2023-08-15,2033-08-15,3.875,121579.7988,380,0,02/15,08/15,null,null,52175.9445,31,07,3,2026,0,null,3.999
2026-07-31,2026-07-31,2026,4,Marketable,Notes,91282CHT1,2023-09-15,2033-08-15,3.875,null,381,0,02/15,08/15,null,null,34999.113,31,07,3,2026,0,null,4.289
2026-07-31,2026-07-31,2026,4,Marketable,Notes,91282CHT1,2023-10-16,2033-08-15,3.875,null,382,0,02/15,08/15,null,null,34999.7413,31,07,3,2026,-595,null,4.61
2026-07-31,2026-07-31,2026,4,Marketable,Notes,91282CJJ1,2023-11-15,2033-11-15,4.5,114678.2959,383,0,05/15,11/15,null,null,40758.5387,31,07,3,2026,0,null,4.519
2026-07-31,2026-07-31,2026,4,Marketable,Notes,91282CJJ1,2023-12-15,2033-11-15,4.5,null,384,0,05/15,11/15,null,null,36987.8484,31,07,3,2026,0,null,4.296
2026-07-31,2026-07-31,2026,4,Marketable,Notes,91282CJJ1,2024-01-16,2033-11-15,4.5,null,385,0,05/15,11/15,null,null,36996.9088,31,07,3,2026,-65,null,4.024
2026-07-31,2026-07-31,2026,4,Marketable,Notes,91282CJZ5,2024-02-15,2034-02-15,4,123092.8823,386,0,08/15,02/15,null,null,45103.927,31,07,3,2026,0,null,4.093
2026-07-31,2026-07-31,2026,4,Marketable,Notes,91282CJZ5,2024-03-15,2034-02-15,4,null,387,0,08/15,02/15,null,null,38999.8558,31,07,3,2026,0,null,4.166
2026-07-31,2026-07-31,2026,4,Marketable,Notes,91282CJZ5,2024-04-15,2034-02-15,4,null,388,0,08/15,02/15,null,null,39643.0995,31,07,3,2026,-654,null,4.56
2026-07-31,2026-07-31,2026,4,Marketable,Notes,91282CKQ3,2024-05-15,2034-05-15,4.375,132755.968,389,0,11/15,05/15,null,null,47281.2059,31,07,3,2026,0,null,4.483
2026-07-31,2026-07-31,2026,4,Marketable,Bills Maturity Value,912797UG0,2026-03-19,2026-09-17,null,179632.0552,39,0,09/26,null,null,null,83173.5116,31,07,3,2026,0,null,3.57
2026-07-31,2026-07-31,2026,4,Marketable,Notes,91282CKQ3,2024-06-17,2034-05-15,4.375,null,390,0,11/15,05/15,null,null,40260.9085,31,07,3,2026,0,null,4.438
2026-07-31,2026-07-31,2026,4,Marketable,Notes,91282CKQ3,2024-07-15,2034-05-15,4.375,null,391,0,11/15,05/15,null,null,45335.8536,31,07,3,2026,-122,null,4.276
2026-07-31,2026-07-31,2026,4,Marketable,Notes,91282CLF6,2024-08-15,2034-08-15,3.875,128740.3749,392,0,02/15,08/15,null,null,49987.0164,31,07,3,2026,0,null,3.96
2026-07-31,2026-07-31,2026,4,Marketable,Notes,91282CLF6,2024-09-16,2034-08-15,3.875,null,393,0,02/15,08/15,null,null,39369.917,31,07,3,2026,0,null,3.648
2026-07-31,2026-07-31,2026,4,Marketable,Notes,91282CLF6,2024-10-15,2034-08-15,3.875,null,394,0,02/15,08/15,null,null,39533.4415,31,07,3,2026,-150,null,4.066
2026-07-31,2026-07-31,2026,4,Marketable,Notes,91282CLW9,2024-11-15,2034-11-15,4.25,139055.9167,395,0,05/15,11/15,null,null,52206.7566,31,07,3,2026,0,null,4.347
2026-07-31,2026-07-31,2026,4,Marketable,Notes,91282CLW9,2024-12-16,2034-11-15,4.25,null,396,0,05/15,11/15,null,null,39278.8736,31,07,3,2026,0,null,4.235
2026-07-31,2026-07-31,2026,4,Marketable,Notes,91282CLW9,2025-01-15,2034-11-15,4.25,null,397,0,05/15,11/15,null,null,47570.2865,31,07,3,2026,0,null,4.68
2026-07-31,2026-07-31,2026,4,Marketable,Notes,91282CMM0,2025-02-18,2035-02-15,4.625,138494.2713,398,0,08/15,02/15,null,null,53538.6697,31,07,3,2026,0,null,4.632
2026-07-31,2026-07-31,2026,4,Marketable,Notes,91282CMM0,2025-03-17,2035-02-15,4.625,null,399,0,08/15,02/15,null,null,39658.6163,31,07,3,2026,0,null,4.31
2026-07-31,2026-07-31,2026,4,Marketable,Bills Maturity Value,912797RG4,2025-08-07,2026-08-06,null,297367.918,4,0,08/26,null,null,null,52785.6995,31,07,3,2026,0,null,3.76
2026-07-31,2026-07-31,2026,4,Marketable,Bills Maturity Value,912797UG0,2026-06-18,2026-09-17,null,null,40,0,09/26,null,null,null,96458.5436,31,07,3,2026,0,null,3.64
2026-07-31,2026-07-31,2026,4,Marketable,Notes,91282CMM0,2025-04-15,2035-02-15,4.625,null,400,0,08/15,02/15,null,null,45506.9853,31,07,3,2026,-210,null,4.435
2026-07-31,2026-07-31,2026,4,Marketable,Notes,91282CNC1,2025-05-15,2035-05-15,4.25,140129.8767,401,0,11/15,05/15,null,null,56824.5251,31,07,3,2026,0,null,4.342
2026-07-31,2026-07-31,2026,4,Marketable,Notes,91282CNC1,2025-06-16,2035-05-15,4.25,null,402,0,11/15,05/15,null,null,39701.2042,31,07,3,2026,0,null,4.421
2026-07-31,2026-07-31,2026,4,Marketable,Notes,91282CNC1,2025-07-15,2035-05-15,4.25,null,403,0,11/15,05/15,null,null,43614.1474,31,07,3,2026,-10,null,4.362
2026-07-31,2026-07-31,2026,4,Marketable,Notes,91282CNT4,2025-08-15,2035-08-15,4.25,134934.7665,404,0,02/15,08/15,null,null,56253.9043,31,07,3,2026,0,null,4.255
2026-07-31,2026-07-31,2026,4,Marketable,Notes,91282CNT4,2025-09-15,2035-08-15,4.25,null,405,0,02/15,08/15,null,null,38998.0312,31,07,3,2026,0,null,4.033
2026-07-31,2026-07-31,2026,4,Marketable,Notes,91282CNT4,2025-10-15,2035-08-15,4.25,null,406,0,02/15,08/15,null,null,39722.831,31,07,3,2026,-40,null,4.117
2026-07-31,2026-07-31,2026,4,Marketable,Notes,91282CPJ4,2025-11-17,2035-11-15,4,137842.4437,407,0,05/15,11/15,null,null,48540.8159,31,07,3,2026,0,null,4.074
2026-07-31,2026-07-31,2026,4,Marketable,Notes,91282CPJ4,2025-12-15,2035-11-15,4,null,408,0,05/15,11/15,null,null,38999.5165,31,07,3,2026,0,null,4.175
2026-07-31,2026-07-31,2026,4,Marketable,Notes,91282CPJ4,2026-01-15,2035-11-15,4,null,409,0,05/15,11/15,null,null,50352.1113,31,07,3,2026,-50,null,4.173
2026-07-31,2026-07-31,2026,4,Marketable,Bills Maturity Value,912797VD6,2026-05-26,2026-09-22,null,177686.0742,41,0,09/26,null,null,null,71692.3573,31,07,3,2026,0,null,3.59
2026-07-31,2026-07-31,2026,4,Marketable,Notes,91282CPZ8,2026-02-17,2036-02-15,4.125,138825.5938,410,0,08/15,02/15,null,null,53900.0531,31,07,3,2026,0,null,4.177
2026-07-31,2026-07-31,2026,4,Marketable,Notes,91282CPZ8,2026-03-16,2036-02-15,4.125,null,411,0,08/15,02/15,null,null,39009.8146,31,07,3,2026,0,null,4.217
2026-07-31,2026-07-31,2026,4,Marketable,Notes,91282CPZ8,2026-04-15,2036-02-15,4.125,null,412,0,08/15,02/15,null,null,45915.7261,31,07,3,2026,0,null,4.282
2026-07-31,2026-07-31,2026,4,Marketable,Notes,91282CQQ7,2026-05-15,2036-05-15,4.375,134017.7574,413,0,11/15,05/15,null,null,51972.1398,31,07,3,2026,0,null,4.468
2026-07-31,2026-07-31,2026,4,Marketable,Notes,91282CQQ7,2026-06-15,2036-05-15,4.375,null,414,0,11/15,05/15,null,null,38999.7039,31,07,3,2026,0,null,4.538
2026-07-31,2026-07-31,2026,4,Marketable,Notes,91282CQQ7,2026-07-15,2036-05-15,4.375,null,415,0,11/15,05/15,null,null,43045.9137,31,07,3,2026,0,null,4.58
2026-07-31,2026-07-31,2026,4,Marketable,Notes,Total Unmatured Treasury Notes,null,null,null,16171677.9318,416,0,null,null,null,null,16366107.9318,31,07,3,2026,-194430,null,null
2026-07-31,2026-07-31,2026,4,Marketable,Notes,Total Matured Treasury Notes,null,null,null,34.2705,417,0,null,null,null,null,34.2705,31,07,3,2026,0,null,null
2026-07-31,2026-07-31,2026,4,Marketable,Notes,Total Treasury Notes,null,null,null,16171712.2023,418,0,null,null,null,null,16366142.2023,31,07,3,2026,-194430,null,null
2026-07-31,2026-07-31,2026,4,Marketable,Bonds,912810EX2,1996-08-15,2026-08-15,6.75,8810.418,419,0,02/15,08/15,null,null,10893.818,31,07,3,2026,-2083.4,null,6.7683
2026-07-31,2026-07-31,2026,4,Marketable,Bills Maturity Value,912797VD6,2026-07-28,2026-09-22,null,null,42,0,09/26,null,null,null,105993.7169,31,07,3,2026,0,null,3.795
2026-07-31,2026-07-31,2026,4,Marketable,Bonds,912810EY0,1996-11-15,2026-11-15,6.5,10860.177,420,0,05/15,11/15,null,null,11493.177,31,07,3,2026,-633,null,6.6193
2026-07-31,2026-07-31,2026,4,Marketable,Bonds,912810EZ7,1997-02-18,2027-02-15,6.625,9521.971,421,0,08/15,02/15,null,null,10456.071,31,07,3,2026,-934.1,null,6.6397
2026-07-31,2026-07-31,2026,4,Marketable,Bonds,912810FA1,1997-08-15,2027-08-15,6.375,9196.756,422,0,02/15,08/15,null,null,10735.756,31,07,3,2026,-1539,null,6.4452
2026-07-31,2026-07-31,2026,4,Marketable,Bonds,912810FB9,1997-11-17,2027-11-15,6.125,22021.339,423,0,05/15,11/15,null,null,11184.353,31,07,3,2026,-497.2,null,6.2014
2026-07-31,2026-07-31,2026,4,Marketable,Bonds,912810FB9,1998-02-17,2027-11-15,6.125,null,424,0,05/15,11/15,null,null,11334.186,31,07,3,2026,0,null,5.8221
2026-07-31,2026-07-31,2026,4,Marketable,Bonds,912810FE3,1998-08-17,2028-08-15,5.5,11776.201,425,0,02/15,08/15,null,null,11776.201,31,07,3,2026,0,null,5.5904
2026-07-31,2026-07-31,2026,4,Marketable,Bonds,912810FF0,1998-11-16,2028-11-15,5.25,10947.052,426,0,05/15,11/15,null,null,10947.052,31,07,3,2026,0,null,5.3
2026-07-31,2026-07-31,2026,4,Marketable,Bonds,912810FG8,1999-02-16,2029-02-15,5.25,11350.341,427,0,08/15,02/15,null,null,11350.341,31,07,3,2026,0,null,5.298
2026-07-31,2026-07-31,2026,4,Marketable,Bonds,912810FJ2,1999-08-16,2029-08-15,6.125,11178.58,428,0,02/15,08/15,null,null,11178.58,31,07,3,2026,0,null,6.144
2026-07-31,2026-07-31,2026,4,Marketable,Bonds,912810FM5,2000-02-15,2030-05-15,6.25,17043.162,429,0,05/15,11/15,null,null,11269.069,31,07,3,2026,0,null,6.34
2026-07-31,2026-07-31,2026,4,Marketable,Bills Maturity Value,912797UH8,2026-03-26,2026-09-24,null,175922.5567,43,0,09/26,null,null,null,80809.767,31,07,3,2026,0,null,3.63
2026-07-31,2026-07-31,2026,4,Marketable,Bonds,912810FM5,2000-08-15,2030-05-15,6.25,null,430,0,05/15,11/15,null,null,5774.093,31,07,3,2026,0,null,5.697
2026-07-31,2026-07-31,2026,4,Marketable,Bonds,912810FP8,2001-02-15,2031-02-15,5.375,16427.648,431,0,08/15,02/15,null,null,10886.993,31,07,3,2026,0,null,5.46
2026-07-31,2026-07-31,2026,4,Marketable,Bonds,912810FP8,2001-08-15,2031-02-15,5.375,null,432,0,08/15,02/15,null,null,5540.655,31,07,3,2026,0,null,5.52
2026-07-31,2026-07-31,2026,4,Marketable,Bonds,912810FT0,2006-02-15,2036-02-15,4.5,26397.13,433,0,08/15,02/15,null,null,14841.15,31,07,3,2026,0,null,4.53
2026-07-31,2026-07-31,2026,4,Marketable,Bonds,912810FT0,2006-08-15,2036-02-15,4.5,null,434,0,08/15,02/15,null,null,11555.98,31,07,3,2026,0,null,5.08
2026-07-31,2026-07-31,2026,4,Marketable,Bonds,912810PT9,2007-02-15,2037-02-15,4.75,16589.456,435,0,08/15,02/15,null,null,9825.586,31,07,3,2026,0,null,4.812
2026-07-31,2026-07-31,2026,4,Marketable,Bonds,912810PT9,2007-05-15,2037-02-15,4.75,null,436,0,08/15,02/15,null,null,6763.87,31,07,3,2026,0,null,4.838
2026-07-31,2026-07-31,2026,4,Marketable,Bonds,912810PU6,2007-08-15,2037-05-15,5,21413.045,437,0,11/15,05/15,null,null,13846.152,31,07,3,2026,0,null,5.059
2026-07-31,2026-07-31,2026,4,Marketable,Bonds,912810PU6,2007-11-15,2037-05-15,5,null,438,0,11/15,05/15,null,null,7566.893,31,07,3,2026,0,null,4.666
2026-07-31,2026-07-31,2026,4,Marketable,Bonds,912810PW2,2008-02-15,2038-02-15,4.375,22525.1487,439,0,08/15,02/15,null,null,13294.377,31,07,3,2026,0,null,4.449
2026-07-31,2026-07-31,2026,4,Marketable,Bills Maturity Value,912797UH8,2026-06-25,2026-09-24,null,null,44,0,09/26,null,null,null,95112.7897,31,07,3,2026,0,null,3.695
2026-07-31,2026-07-31,2026,4,Marketable,Bonds,912810PW2,2008-05-15,2038-02-15,4.375,null,440,0,08/15,02/15,null,null,9230.7717,31,07,3,2026,0,null,4.599
2026-07-31,2026-07-31,2026,4,Marketable,Bonds,912810PX0,2008-08-15,2038-05-15,4.5,25500.1228,441,0,11/15,05/15,null,null,13728.111,31,07,3,2026,0,null,4.609
2026-07-31,2026-07-31,2026,4,Marketable,Bonds,912810PX0,2008-11-17,2038-05-15,4.5,null,442,0,11/15,05/15,null,null,11772.0118,31,07,3,2026,0,null,4.31
2026-07-31,2026-07-31,2026,4,Marketable,Bonds,912810QA9,2009-02-17,2039-02-15,3.5,25908.5693,443,0,08/15,02/15,null,null,14712.903,31,07,3,2026,0,null,3.54
2026-07-31,2026-07-31,2026,4,Marketable,Bonds,912810QA9,2009-03-16,2039-02-15,3.5,null,444,0,08/15,02/15,null,null,11195.6663,31,07,3,2026,0,null,3.64
2026-07-31,2026-07-31,2026,4,Marketable,Bonds,912810QB7,2009-05-15,2039-05-15,4.25,38778.773,445,0,11/15,05/15,null,null,16476.5417,31,07,3,2026,0,null,4.288
2026-07-31,2026-07-31,2026,4,Marketable,Bonds,912810QB7,2009-06-15,2039-05-15,4.25,null,446,0,11/15,05/15,null,null,11116.2765,31,07,3,2026,0,null,4.72
2026-07-31,2026-07-31,2026,4,Marketable,Bonds,912810QB7,2009-07-15,2039-05-15,4.25,null,447,0,11/15,05/15,null,null,11185.9548,31,07,3,2026,0,null,4.303
2026-07-31,2026-07-31,2026,4,Marketable,Bonds,912810QC5,2009-08-17,2039-08-15,4.5,41430.5382,448,0,02/15,08/15,null,null,17317.0373,31,07,3,2026,0,null,4.541
2026-07-31,2026-07-31,2026,4,Marketable,Bonds,912810QC5,2009-09-15,2039-08-15,4.5,null,449,0,02/15,08/15,null,null,12025.4266,31,07,3,2026,0,null,4.238
2026-07-31,2026-07-31,2026,4,Marketable,Bills Maturity Value,912797VE4,2026-06-02,2026-09-29,null,71706.1512,45,0,09/26,null,null,null,71706.1512,31,07,3,2026,0,null,3.63
2026-07-31,2026-07-31,2026,4,Marketable,Bonds,912810QC5,2009-10-15,2039-08-15,4.5,null,450,0,02/15,08/15,null,null,12088.0743,31,07,3,2026,0,null,4.009
2026-07-31,2026-07-31,2026,4,Marketable,Bonds,912810QD3,2009-11-16,2039-11-15,4.375,44564.2491,451,0,05/15,11/15,null,null,17989.3001,31,07,3,2026,0,null,4.469
2026-07-31,2026-07-31,2026,4,Marketable,Bonds,912810QD3,2009-12-15,2039-11-15,4.375,null,452,0,05/15,11/15,null,null,13069.9495,31,07,3,2026,0,null,4.52
2026-07-31,2026-07-31,2026,4,Marketable,Bonds,912810QD3,2010-01-15,2039-11-15,4.375,null,453,0,05/15,11/15,null,null,13504.9995,31,07,3,2026,0,null,4.64
2026-07-31,2026-07-31,2026,4,Marketable,Bonds,912810QE1,2010-02-16,2040-02-15,4.625,44902.4903,454,0,08/15,02/15,null,null,17796.6808,31,07,3,2026,0,null,4.72
2026-07-31,2026-07-31,2026,4,Marketable,Bonds,912810QE1,2010-03-15,2040-02-15,4.625,null,455,0,08/15,02/15,null,null,13154.1481,31,07,3,2026,0,null,4.679
2026-07-31,2026-07-31,2026,4,Marketable,Bonds,912810QE1,2010-04-15,2040-02-15,4.625,null,456,0,08/15,02/15,null,null,13951.6614,31,07,3,2026,0,null,4.77
2026-07-31,2026-07-31,2026,4,Marketable,Bonds,912810QH4,2010-05-17,2040-05-15,4.375,43473.0444,457,0,11/15,05/15,null,null,17394.3627,31,07,3,2026,0,null,4.49
2026-07-31,2026-07-31,2026,4,Marketable,Bonds,912810QH4,2010-06-15,2040-05-15,4.375,null,458,0,11/15,05/15,null,null,13074.9781,31,07,3,2026,0,null,4.182
2026-07-31,2026-07-31,2026,4,Marketable,Bonds,912810QH4,2010-07-15,2040-05-15,4.375,null,459,0,11/15,05/15,null,null,13003.7036,31,07,3,2026,0,null,4.08
2026-07-31,2026-07-31,2026,4,Marketable,Bills Maturity Value,912797SA6,2025-10-02,2026-10-01,null,232189.4842,46,0,10/26,null,null,null,52869.2451,31,07,3,2026,0,null,3.54
2026-07-31,2026-07-31,2026,4,Marketable,Bonds,912810SR0,2020-06-01,2040-05-15,1.125,55391.6391,460,0,11/15,05/15,null,null,22099.6866,31,07,3,2026,0,null,1.22
2026-07-31,2026-07-31,2026,4,Marketable,Bonds,912810SR0,2020-06-30,2040-05-15,1.125,null,461,0,11/15,05/15,null,null,19325.0903,31,07,3,2026,0,null,1.314
2026-07-31,2026-07-31,2026,4,Marketable,Bonds,912810SR0,2020-07-31,2040-05-15,1.125,null,462,0,11/15,05/15,null,null,18931.8622,31,07,3,2026,-4965,null,1.059
2026-07-31,2026-07-31,2026,4,Marketable,Bonds,912810QK7,2010-08-16,2040-08-15,3.875,43213.3168,463,0,02/15,08/15,null,null,16958.1849,31,07,3,2026,0,null,3.954
2026-07-31,2026-07-31,2026,4,Marketable,Bonds,912810QK7,2010-09-15,2040-08-15,3.875,null,464,0,02/15,08/15,null,null,13140.6836,31,07,3,2026,0,null,3.82
2026-07-31,2026-07-31,2026,4,Marketable,Bonds,912810QK7,2010-10-15,2040-08-15,3.875,null,465,0,02/15,08/15,null,null,13114.4483,31,07,3,2026,0,null,3.852
2026-07-31,2026-07-31,2026,4,Marketable,Bonds,912810SQ2,2020-08-31,2040-08-15,1.125,75488.7494,466,0,02/15,08/15,null,null,27171.8514,31,07,3,2026,0,null,1.185
2026-07-31,2026-07-31,2026,4,Marketable,Bonds,912810SQ2,2020-09-30,2040-08-15,1.125,null,467,0,02/15,08/15,null,null,25011.8285,31,07,3,2026,0,null,1.213
2026-07-31,2026-07-31,2026,4,Marketable,Bonds,912810SQ2,2020-11-02,2040-08-15,1.125,null,468,0,02/15,08/15,null,null,24334.0695,31,07,3,2026,-1029,null,1.37
2026-07-31,2026-07-31,2026,4,Marketable,Bonds,912810QL5,2010-11-15,2040-11-15,4.25,42903.1887,469,0,05/15,11/15,null,null,16429.1341,31,07,3,2026,0,null,4.32
2026-07-31,2026-07-31,2026,4,Marketable,Bills Maturity Value,912797SA6,2026-04-02,2026-10-01,null,null,47,0,10/26,null,null,null,81368.4824,31,07,3,2026,0,null,3.605
2026-07-31,2026-07-31,2026,4,Marketable,Bonds,912810QL5,2010-12-15,2040-11-15,4.25,null,470,0,05/15,11/15,null,null,13189.1358,31,07,3,2026,0,null,4.41
2026-07-31,2026-07-31,2026,4,Marketable,Bonds,912810QL5,2011-01-18,2040-11-15,4.25,null,471,0,05/15,11/15,null,null,13284.9188,31,07,3,2026,0,null,4.515
2026-07-31,2026-07-31,2026,4,Marketable,Bonds,912810ST6,2020-11-30,2040-11-15,1.375,83255.9695,472,0,05/15,11/15,null,null,30745.6257,31,07,3,2026,0,null,1.422
2026-07-31,2026-07-31,2026,4,Marketable,Bonds,912810ST6,2020-12-31,2040-11-15,1.375,null,473,0,05/15,11/15,null,null,27651.533,31,07,3,2026,0,null,1.47
2026-07-31,2026-07-31,2026,4,Marketable,Bonds,912810ST6,2021-02-01,2040-11-15,1.375,null,474,0,05/15,11/15,null,null,27243.8108,31,07,3,2026,-2385,null,1.657
2026-07-31,2026-07-31,2026,4,Marketable,Bonds,912810QN1,2011-02-15,2041-02-15,4.75,43004.9451,475,0,08/15,02/15,null,null,16366.1608,31,07,3,2026,0,null,4.75
2026-07-31,2026-07-31,2026,4,Marketable,Bonds,912810QN1,2011-03-15,2041-02-15,4.75,null,476,0,08/15,02/15,null,null,12998.8176,31,07,3,2026,0,null,4.569
2026-07-31,2026-07-31,2026,4,Marketable,Bonds,912810QN1,2011-04-15,2041-02-15,4.75,null,477,0,08/15,02/15,null,null,13639.9667,31,07,3,2026,0,null,4.531
2026-07-31,2026-07-31,2026,4,Marketable,Bonds,912810SW9,2021-03-01,2041-02-15,1.875,82499.0878,478,0,08/15,02/15,null,null,32849.0387,31,07,3,2026,0,null,1.92
2026-07-31,2026-07-31,2026,4,Marketable,Bonds,912810SW9,2021-03-31,2041-02-15,1.875,null,479,0,08/15,02/15,null,null,28309.705,31,07,3,2026,0,null,2.29
2026-07-31,2026-07-31,2026,4,Marketable,Bills Maturity Value,912797SA6,2026-07-02,2026-10-01,null,null,48,0,10/26,null,null,null,97951.7567,31,07,3,2026,0,null,3.74
2026-07-31,2026-07-31,2026,4,Marketable,Bonds,912810SW9,2021-04-30,2041-02-15,1.875,null,480,0,08/15,02/15,null,null,28583.3441,31,07,3,2026,-7243,null,2.144
2026-07-31,2026-07-31,2026,4,Marketable,Bonds,912810QQ4,2011-05-16,2041-05-15,4.375,41995.5073,481,0,11/15,05/15,null,null,16000.0039,31,07,3,2026,0,null,4.38
2026-07-31,2026-07-31,2026,4,Marketable,Bonds,912810QQ4,2011-06-15,2041-05-15,4.375,null,482,0,11/15,05/15,null,null,12995.5056,31,07,3,2026,0,null,4.238
2026-07-31,2026-07-31,2026,4,Marketable,Bonds,912810QQ4,2011-07-15,2041-05-15,4.375,null,483,0,11/15,05/15,null,null,12999.9978,31,07,3,2026,0,null,4.198
2026-07-31,2026-07-31,2026,4,Marketable,Bonds,912810SY5,2021-06-01,2041-05-15,2.25,75464.8406,484,0,11/15,05/15,null,null,32240.4836,31,07,3,2026,0,null,2.286
2026-07-31,2026-07-31,2026,4,Marketable,Bonds,912810SY5,2021-06-30,2041-05-15,2.25,null,485,0,11/15,05/15,null,null,27643.0298,31,07,3,2026,0,null,2.12
2026-07-31,2026-07-31,2026,4,Marketable,Bonds,912810SY5,2021-08-02,2041-05-15,2.25,null,486,0,11/15,05/15,null,null,26298.3272,31,07,3,2026,-10717,null,1.89
2026-07-31,2026-07-31,2026,4,Marketable,Bonds,912810QS0,2011-08-15,2041-08-15,3.75,42488.8374,487,0,02/15,08/15,null,null,16489.8004,31,07,3,2026,0,null,3.75
2026-07-31,2026-07-31,2026,4,Marketable,Bonds,912810QS0,2011-09-15,2041-08-15,3.75,null,488,0,02/15,08/15,null,null,12999.1178,31,07,3,2026,0,null,3.31
2026-07-31,2026-07-31,2026,4,Marketable,Bonds,912810QS0,2011-10-17,2041-08-15,3.75,null,489,0,02/15,08/15,null,null,12999.9192,31,07,3,2026,0,null,3.12
2026-07-31,2026-07-31,2026,4,Marketable,Bills Maturity Value,912797VK0,2026-06-09,2026-10-06,null,72706.8816,49,0,10/26,null,null,null,72706.8816,31,07,3,2026,0,null,3.635
2026-07-31,2026-07-31,2026,4,Marketable,Bonds,912810TA6,2021-08-31,2041-08-15,1.75,78069.7416,490,0,02/15,08/15,null,null,30392.3486,31,07,3,2026,0,null,1.85
2026-07-31,2026-07-31,2026,4,Marketable,Bonds,912810TA6,2021-09-30,2041-08-15,1.75,null,491,0,02/15,08/15,null,null,26889.9079,31,07,3,2026,0,null,1.795
2026-07-31,2026-07-31,2026,4,Marketable,Bonds,912810TA6,2021-11-01,2041-08-15,1.75,null,492,0,02/15,08/15,null,null,26440.4851,31,07,3,2026,-5653,null,2.1
2026-07-31,2026-07-31,2026,4,Marketable,Bonds,912810QT8,2011-11-15,2041-11-15,3.125,44622.4439,493,0,05/15,11/15,null,null,17224.2705,31,07,3,2026,0,null,3.199
2026-07-31,2026-07-31,2026,4,Marketable,Bonds,912810QT8,2011-12-15,2041-11-15,3.125,null,494,0,05/15,11/15,null,null,13475.7731,31,07,3,2026,0,null,2.925
2026-07-31,2026-07-31,2026,4,Marketable,Bonds,912810QT8,2012-01-17,2041-11-15,3.125,null,495,0,05/15,11/15,null,null,13922.4003,31,07,3,2026,0,null,2.985
2026-07-31,2026-07-31,2026,4,Marketable,Bonds,912810TC2,2021-11-30,2041-11-15,2,68488.6658,496,0,05/15,11/15,null,null,24895.2035,31,07,3,2026,0,null,2.065
2026-07-31,2026-07-31,2026,4,Marketable,Bonds,912810TC2,2021-12-06,2041-11-15,2,null,497,0,05/15,11/15,null,null,25.0001,31,07,3,2026,0,null,1.872
2026-07-31,2026-07-31,2026,4,Marketable,Bonds,912810TC2,2021-12-31,2041-11-15,2,null,498,0,05/15,11/15,null,null,22717.2465,31,07,3,2026,0,null,1.942
2026-07-31,2026-07-31,2026,4,Marketable,Bonds,912810TC2,2022-01-31,2041-11-15,2,null,499,0,05/15,11/15,null,null,22988.2157,31,07,3,2026,-2137,null,2.21
2026-07-31,2026-07-31,2026,4,Marketable,Bills Maturity Value,912797RG4,2026-02-05,2026-08-06,null,null,5,0,08/26,null,null,null,80484.5654,31,07,3,2026,0,null,3.525
2026-07-31,2026-07-31,2026,4,Marketable,Bills Maturity Value,912797UJ4,2026-04-09,2026-10-08,null,179500.0055,50,0,10/26,null,null,null,82615.6001,31,07,3,2026,0,null,3.615
2026-07-31,2026-07-31,2026,4,Marketable,Bonds,912810QU5,2012-02-15,2042-02-15,3.125,47219.0442,500,0,08/15,02/15,null,null,17950.9148,31,07,3,2026,0,null,3.24
2026-07-31,2026-07-31,2026,4,Marketable,Bonds,912810QU5,2012-03-15,2042-02-15,3.125,null,501,0,08/15,02/15,null,null,13902.6631,31,07,3,2026,0,null,3.383
2026-07-31,2026-07-31,2026,4,Marketable,Bonds,912810QU5,2012-04-16,2042-02-15,3.125,null,502,0,08/15,02/15,null,null,15365.4663,31,07,3,2026,0,null,3.23
2026-07-31,2026-07-31,2026,4,Marketable,Bonds,912810TF5,2022-02-28,2042-02-15,2.375,56404.3664,503,0,08/15,02/15,null,null,22252.0759,31,07,3,2026,0,null,2.396
2026-07-31,2026-07-31,2026,4,Marketable,Bonds,912810TF5,2022-03-31,2042-02-15,2.375,null,504,0,08/15,02/15,null,null,18975.4948,31,07,3,2026,0,null,2.651
2026-07-31,2026-07-31,2026,4,Marketable,Bonds,912810TF5,2022-05-02,2042-02-15,2.375,null,505,0,08/15,02/15,null,null,18212.7957,31,07,3,2026,-3036,null,3.095
2026-07-31,2026-07-31,2026,4,Marketable,Bonds,912810QW1,2012-05-15,2042-05-15,3,43918.6856,506,0,11/15,05/15,null,null,17001.0186,31,07,3,2026,0,null,3.09
2026-07-31,2026-07-31,2026,4,Marketable,Bonds,912810QW1,2012-06-15,2042-05-15,3,null,507,0,11/15,05/15,null,null,13917.7567,31,07,3,2026,0,null,2.72
2026-07-31,2026-07-31,2026,4,Marketable,Bonds,912810QW1,2012-07-16,2042-05-15,3,null,508,0,11/15,05/15,null,null,12999.9103,31,07,3,2026,0,null,2.58
2026-07-31,2026-07-31,2026,4,Marketable,Bonds,912810TH1,2022-05-31,2042-05-15,3.25,42599.8382,509,0,11/15,05/15,null,null,19555.7451,31,07,3,2026,0,null,3.29
2026-07-31,2026-07-31,2026,4,Marketable,Bills Maturity Value,912797UJ4,2026-07-09,2026-10-08,null,null,51,0,10/26,null,null,null,96884.4054,31,07,3,2026,0,null,3.735
2026-07-31,2026-07-31,2026,4,Marketable,Bonds,912810TH1,2022-06-30,2042-05-15,3.25,null,510,0,11/15,05/15,null,null,15070.4468,31,07,3,2026,0,null,3.488
2026-07-31,2026-07-31,2026,4,Marketable,Bonds,912810TH1,2022-08-01,2042-05-15,3.25,null,511,0,11/15,05/15,null,null,15209.6463,31,07,3,2026,-7236,null,3.42
2026-07-31,2026-07-31,2026,4,Marketable,Bonds,912810QX9,2012-08-15,2042-08-15,2.75,41795.4323,512,0,02/15,08/15,null,null,16000.2196,31,07,3,2026,0,null,2.825
2026-07-31,2026-07-31,2026,4,Marketable,Bonds,912810QX9,2012-09-17,2042-08-15,2.75,null,513,0,02/15,08/15,null,null,12995.1937,31,07,3,2026,0,null,2.896
2026-07-31,2026-07-31,2026,4,Marketable,Bonds,912810QX9,2012-10-15,2042-08-15,2.75,null,514,0,02/15,08/15,null,null,13000.019,31,07,3,2026,-200,null,2.904
2026-07-31,2026-07-31,2026,4,Marketable,Bonds,912810TK4,2022-08-31,2042-08-15,3.375,40154.8734,515,0,02/15,08/15,null,null,16951.7991,31,07,3,2026,0,null,3.38
2026-07-31,2026-07-31,2026,4,Marketable,Bonds,912810TK4,2022-09-30,2042-08-15,3.375,null,516,0,02/15,08/15,null,null,11999.5947,31,07,3,2026,0,null,3.82
2026-07-31,2026-07-31,2026,4,Marketable,Bonds,912810TK4,2022-10-31,2042-08-15,3.375,null,517,0,02/15,08/15,null,null,11988.4796,31,07,3,2026,-785,null,4.395
2026-07-31,2026-07-31,2026,4,Marketable,Bonds,912810QY7,2012-11-15,2042-11-15,2.75,41944.0093,518,0,05/15,11/15,null,null,15995.0058,31,07,3,2026,0,null,2.82
2026-07-31,2026-07-31,2026,4,Marketable,Bonds,912810QY7,2012-12-17,2042-11-15,2.75,null,519,0,05/15,11/15,null,null,12999.0028,31,07,3,2026,0,null,2.917
2026-07-31,2026-07-31,2026,4,Marketable,Bills Maturity Value,912797VL8,2026-06-16,2026-10-13,null,73614.589,52,0,10/26,null,null,null,73614.589,31,07,3,2026,0,null,3.665
2026-07-31,2026-07-31,2026,4,Marketable,Bonds,912810QY7,2013-01-15,2042-11-15,2.75,null,520,0,05/15,11/15,null,null,13000.0007,31,07,3,2026,-50,null,3.07
2026-07-31,2026-07-31,2026,4,Marketable,Bonds,912810TM0,2022-11-30,2042-11-15,4,40587.2837,521,0,05/15,11/15,null,null,16617.352,31,07,3,2026,0,null,4.072
2026-07-31,2026-07-31,2026,4,Marketable,Bonds,912810TM0,2023-01-03,2042-11-15,4,null,522,0,05/15,11/15,null,null,11988.0811,31,07,3,2026,0,null,3.935
2026-07-31,2026-07-31,2026,4,Marketable,Bonds,912810TM0,2023-01-31,2042-11-15,4,null,523,0,05/15,11/15,null,null,11999.8506,31,07,3,2026,-18,null,3.678
2026-07-31,2026-07-31,2026,4,Marketable,Bonds,912810QZ4,2013-02-15,2043-02-15,3.125,41999.7585,524,0,08/15,02/15,null,null,15999.8365,31,07,3,2026,0,null,3.18
2026-07-31,2026-07-31,2026,4,Marketable,Bonds,912810QZ4,2013-03-15,2043-02-15,3.125,null,525,0,08/15,02/15,null,null,13000.0354,31,07,3,2026,0,null,3.248
2026-07-31,2026-07-31,2026,4,Marketable,Bonds,912810QZ4,2013-04-15,2043-02-15,3.125,null,526,0,08/15,02/15,null,null,12999.8866,31,07,3,2026,0,null,2.998
2026-07-31,2026-07-31,2026,4,Marketable,Bonds,912810TQ1,2023-02-28,2043-02-15,3.875,42060.0195,527,0,08/15,02/15,null,null,18408.0483,31,07,3,2026,0,null,3.977
2026-07-31,2026-07-31,2026,4,Marketable,Bonds,912810TQ1,2023-03-31,2043-02-15,3.875,null,528,0,08/15,02/15,null,null,11990.6048,31,07,3,2026,0,null,3.909
2026-07-31,2026-07-31,2026,4,Marketable,Bonds,912810TQ1,2023-05-01,2043-02-15,3.875,null,529,0,08/15,02/15,null,null,13161.3664,31,07,3,2026,-1500,null,3.92
2026-07-31,2026-07-31,2026,4,Marketable,Bills Maturity Value,912797UK1,2026-04-16,2026-10-15,null,175764.2292,53,0,10/26,null,null,null,80039.56,31,07,3,2026,0,null,3.61
2026-07-31,2026-07-31,2026,4,Marketable,Bonds,912810RB6,2013-05-15,2043-05-15,2.875,41799.3186,530,0,11/15,05/15,null,null,16000.0296,31,07,3,2026,0,null,2.98
2026-07-31,2026-07-31,2026,4,Marketable,Bonds,912810RB6,2013-06-17,2043-05-15,2.875,null,531,0,11/15,05/15,null,null,13000.0033,31,07,3,2026,0,null,3.355
2026-07-31,2026-07-31,2026,4,Marketable,Bonds,912810RB6,2013-07-15,2043-05-15,2.875,null,532,0,11/15,05/15,null,null,12999.2857,31,07,3,2026,-200,null,3.66
2026-07-31,2026-07-31,2026,4,Marketable,Bonds,912810TS7,2023-05-31,2043-05-15,3.875,41058.4109,533,0,11/15,05/15,null,null,17805.7796,31,07,3,2026,0,null,3.954
2026-07-31,2026-07-31,2026,4,Marketable,Bonds,912810TS7,2023-06-30,2043-05-15,3.875,null,534,0,11/15,05/15,null,null,11998.6551,31,07,3,2026,0,null,4.01
2026-07-31,2026-07-31,2026,4,Marketable,Bonds,912810TS7,2023-07-31,2043-05-15,3.875,null,535,0,11/15,05/15,null,null,11848.9762,31,07,3,2026,-595,null,4.036
2026-07-31,2026-07-31,2026,4,Marketable,Bonds,912810RC4,2013-08-15,2043-08-15,3.625,41903.9684,536,0,02/15,08/15,null,null,15998.8569,31,07,3,2026,0,null,3.652
2026-07-31,2026-07-31,2026,4,Marketable,Bonds,912810RC4,2013-09-16,2043-08-15,3.625,null,537,0,02/15,08/15,null,null,13000.0197,31,07,3,2026,0,null,3.82
2026-07-31,2026-07-31,2026,4,Marketable,Bonds,912810RC4,2013-10-15,2043-08-15,3.625,null,538,0,02/15,08/15,null,null,13000.0918,31,07,3,2026,-95,null,3.758
2026-07-31,2026-07-31,2026,4,Marketable,Bonds,912810TU2,2023-08-31,2043-08-15,4.375,43651.3723,539,0,02/15,08/15,null,null,17652.3537,31,07,3,2026,0,null,4.499
2026-07-31,2026-07-31,2026,4,Marketable,Bills Maturity Value,912797UK1,2026-07-16,2026-10-15,null,null,54,0,10/26,null,null,null,95724.6692,31,07,3,2026,0,null,3.76
2026-07-31,2026-07-31,2026,4,Marketable,Bonds,912810TU2,2023-10-02,2043-08-15,4.375,null,540,0,02/15,08/15,null,null,12999.3369,31,07,3,2026,0,null,4.592
2026-07-31,2026-07-31,2026,4,Marketable,Bonds,912810TU2,2023-10-31,2043-08-15,4.375,null,541,0,02/15,08/15,null,null,12999.6817,31,07,3,2026,0,null,5.245
2026-07-31,2026-07-31,2026,4,Marketable,Bonds,912810RD2,2013-11-15,2043-11-15,3.75,41994.7869,542,0,05/15,11/15,null,null,15995.0431,31,07,3,2026,0,null,3.81
2026-07-31,2026-07-31,2026,4,Marketable,Bonds,912810RD2,2013-12-16,2043-11-15,3.75,null,543,0,05/15,11/15,null,null,12999.7067,31,07,3,2026,0,null,3.9
2026-07-31,2026-07-31,2026,4,Marketable,Bonds,912810RD2,2014-01-15,2043-11-15,3.75,null,544,0,05/15,11/15,null,null,13000.0371,31,07,3,2026,0,null,3.899
2026-07-31,2026-07-31,2026,4,Marketable,Bonds,912810TW8,2023-11-30,2043-11-15,4.75,42177.9155,545,0,05/15,11/15,null,null,16182.2245,31,07,3,2026,0,null,4.78
2026-07-31,2026-07-31,2026,4,Marketable,Bonds,912810TW8,2024-01-02,2043-11-15,4.75,null,546,0,05/15,11/15,null,null,12997.1982,31,07,3,2026,0,null,4.213
2026-07-31,2026-07-31,2026,4,Marketable,Bonds,912810TW8,2024-01-31,2043-11-15,4.75,null,547,0,05/15,11/15,null,null,12998.4928,31,07,3,2026,0,null,4.423
2026-07-31,2026-07-31,2026,4,Marketable,Bonds,912810RE0,2014-02-18,2044-02-15,3.625,41844.8793,548,0,08/15,02/15,null,null,15999.7548,31,07,3,2026,0,null,3.69
2026-07-31,2026-07-31,2026,4,Marketable,Bonds,912810RE0,2014-03-17,2044-02-15,3.625,null,549,0,08/15,02/15,null,null,13000.1118,31,07,3,2026,0,null,3.63
2026-07-31,2026-07-31,2026,4,Marketable,Bills Maturity Value,912797VM6,2026-06-23,2026-10-20,null,73272.0754,55,0,10/26,null,null,null,73272.0754,31,07,3,2026,0,null,3.67
2026-07-31,2026-07-31,2026,4,Marketable,Bonds,912810RE0,2014-04-15,2044-02-15,3.625,null,550,0,08/15,02/15,null,null,13000.0127,31,07,3,2026,-155,null,3.525
2026-07-31,2026-07-31,2026,4,Marketable,Bonds,912810TZ1,2024-02-29,2044-02-15,4.5,42722.0477,551,0,08/15,02/15,null,null,16673.428,31,07,3,2026,0,null,4.595
2026-07-31,2026-07-31,2026,4,Marketable,Bonds,912810TZ1,2024-04-01,2044-02-15,4.5,null,552,0,08/15,02/15,null,null,12987.526,31,07,3,2026,0,null,4.542
2026-07-31,2026-07-31,2026,4,Marketable,Bonds,912810TZ1,2024-04-30,2044-02-15,4.5,null,553,0,08/15,02/15,null,null,13061.0937,31,07,3,2026,0,null,4.818
2026-07-31,2026-07-31,2026,4,Marketable,Bonds,912810RG5,2014-05-15,2044-05-15,3.375,41988.1145,554,0,11/15,05/15,null,null,15995.1467,31,07,3,2026,0,null,3.44
2026-07-31,2026-07-31,2026,4,Marketable,Bonds,912810RG5,2014-06-16,2044-05-15,3.375,null,555,0,11/15,05/15,null,null,12999.9971,31,07,3,2026,0,null,3.444
2026-07-31,2026-07-31,2026,4,Marketable,Bonds,912810RG5,2014-07-15,2044-05-15,3.375,null,556,0,11/15,05/15,null,null,12996.9707,31,07,3,2026,-4,null,3.369
2026-07-31,2026-07-31,2026,4,Marketable,Bonds,912810UB2,2024-05-31,2044-05-15,4.625,44114.703,557,0,11/15,05/15,null,null,16947.1942,31,07,3,2026,0,null,4.635
2026-07-31,2026-07-31,2026,4,Marketable,Bonds,912810UB2,2024-07-01,2044-05-15,4.625,null,558,0,11/15,05/15,null,null,13451.7413,31,07,3,2026,0,null,4.452
2026-07-31,2026-07-31,2026,4,Marketable,Bonds,912810UB2,2024-07-31,2044-05-15,4.625,null,559,0,11/15,05/15,null,null,13715.7675,31,07,3,2026,0,null,4.466
2026-07-31,2026-07-31,2026,4,Marketable,Bills Maturity Value,912797UL9,2026-04-23,2026-10-22,null,180130.0211,56,0,10/26,null,null,null,82529.538,31,07,3,2026,0,null,3.59
2026-07-31,2026-07-31,2026,4,Marketable,Bonds,912810RH3,2014-08-15,2044-08-15,3.125,42000.0298,560,0,02/15,08/15,null,null,15999.9999,31,07,3,2026,0,null,3.224
2026-07-31,2026-07-31,2026,4,Marketable,Bonds,912810RH3,2014-09-15,2044-08-15,3.125,null,561,0,02/15,08/15,null,null,13000.0509,31,07,3,2026,0,null,3.24
2026-07-31,2026-07-31,2026,4,Marketable,Bonds,912810RH3,2014-10-15,2044-08-15,3.125,null,562,0,02/15,08/15,null,null,12999.979,31,07,3,2026,0,null,3.074
2026-07-31,2026-07-31,2026,4,Marketable,Bonds,912810UD8,2024-09-03,2044-08-15,4.125,43757.344,563,0,02/15,08/15,null,null,17272.689,31,07,3,2026,0,null,4.16
2026-07-31,2026-07-31,2026,4,Marketable,Bonds,912810UD8,2024-09-30,2044-08-15,4.125,null,564,0,02/15,08/15,null,null,13266.6896,31,07,3,2026,0,null,4.039
2026-07-31,2026-07-31,2026,4,Marketable,Bonds,912810UD8,2024-10-31,2044-08-15,4.125,null,565,0,02/15,08/15,null,null,13217.9654,31,07,3,2026,0,null,4.59
2026-07-31,2026-07-31,2026,4,Marketable,Bonds,912810RJ9,2014-11-17,2044-11-15,3,41474.8915,566,0,05/15,11/15,null,null,16021.3911,31,07,3,2026,0,null,3.092
2026-07-31,2026-07-31,2026,4,Marketable,Bonds,912810RJ9,2014-12-15,2044-11-15,3,null,567,0,05/15,11/15,null,null,13000.0093,31,07,3,2026,0,null,2.848
2026-07-31,2026-07-31,2026,4,Marketable,Bonds,912810RJ9,2015-01-15,2044-11-15,3,null,568,0,05/15,11/15,null,null,12999.4911,31,07,3,2026,-546,null,2.43
2026-07-31,2026-07-31,2026,4,Marketable,Bonds,912810UF3,2024-12-02,2044-11-15,4.625,43920.3344,569,0,05/15,11/15,null,null,17088.2739,31,07,3,2026,0,null,4.68
2026-07-31,2026-07-31,2026,4,Marketable,Bills Maturity Value,912797UL9,2026-07-23,2026-10-22,null,null,57,0,10/26,null,null,null,97600.4831,31,07,3,2026,0,null,3.73
2026-07-31,2026-07-31,2026,4,Marketable,Bonds,912810UF3,2024-12-31,2044-11-15,4.625,null,570,0,05/15,11/15,null,null,13126.8009,31,07,3,2026,0,null,4.686
2026-07-31,2026-07-31,2026,4,Marketable,Bonds,912810UF3,2025-01-31,2044-11-15,4.625,null,571,0,05/15,11/15,null,null,13705.2596,31,07,3,2026,0,null,4.9
2026-07-31,2026-07-31,2026,4,Marketable,Bonds,912810RK6,2015-02-17,2045-02-15,2.5,42000.609,572,0,08/15,02/15,null,null,16000.5989,31,07,3,2026,0,null,2.56
2026-07-31,2026-07-31,2026,4,Marketable,Bonds,912810RK6,2015-03-16,2045-02-15,2.5,null,573,0,08/15,02/15,null,null,13000.0013,31,07,3,2026,0,null,2.681
2026-07-31,2026-07-31,2026,4,Marketable,Bonds,912810RK6,2015-04-15,2045-02-15,2.5,null,574,0,08/15,02/15,null,null,13000.0088,31,07,3,2026,0,null,2.597
2026-07-31,2026-07-31,2026,4,Marketable,Bonds,912810UJ5,2025-02-28,2045-02-15,4.75,44864.9406,575,0,08/15,02/15,null,null,17610.6903,31,07,3,2026,0,null,4.83
2026-07-31,2026-07-31,2026,4,Marketable,Bonds,912810UJ5,2025-03-31,2045-02-15,4.75,null,576,0,08/15,02/15,null,null,13374.3095,31,07,3,2026,0,null,4.632
2026-07-31,2026-07-31,2026,4,Marketable,Bonds,912810UJ5,2025-04-30,2045-02-15,4.75,null,577,0,08/15,02/15,null,null,13879.9408,31,07,3,2026,0,null,4.81
2026-07-31,2026-07-31,2026,4,Marketable,Bonds,912810RM2,2015-05-15,2045-05-15,3,41285.7146,578,0,11/15,05/15,null,null,16361.9009,31,07,3,2026,0,null,3.044
2026-07-31,2026-07-31,2026,4,Marketable,Bonds,912810RM2,2015-06-15,2045-05-15,3,null,579,0,11/15,05/15,null,null,12999.8126,31,07,3,2026,0,null,3.138
2026-07-31,2026-07-31,2026,4,Marketable,Bills Maturity Value,912797VN4,2026-06-30,2026-10-27,null,74410.4452,58,0,10/26,null,null,null,74410.4452,31,07,3,2026,0,null,3.77
2026-07-31,2026-07-31,2026,4,Marketable,Bonds,912810RM2,2015-07-15,2045-05-15,3,null,580,0,11/15,05/15,null,null,13000.0011,31,07,3,2026,-1076,null,3.084
2026-07-31,2026-07-31,2026,4,Marketable,Bonds,912810UL0,2025-06-02,2045-05-15,5,46364.0169,581,0,11/15,05/15,null,null,18188.7909,31,07,3,2026,0,null,5.047
2026-07-31,2026-07-31,2026,4,Marketable,Bonds,912810UL0,2025-06-30,2045-05-15,5,null,582,0,11/15,05/15,null,null,14291.8834,31,07,3,2026,0,null,4.942
2026-07-31,2026-07-31,2026,4,Marketable,Bonds,912810UL0,2025-07-31,2045-05-15,5,null,583,0,11/15,05/15,null,null,13883.3426,31,07,3,2026,0,null,4.935
2026-07-31,2026-07-31,2026,4,Marketable,Bonds,912810RN0,2015-08-17,2045-08-15,2.875,40300.9862,584,0,02/15,08/15,null,null,16321.6472,31,07,3,2026,0,null,2.88
2026-07-31,2026-07-31,2026,4,Marketable,Bonds,912810RN0,2015-09-15,2045-08-15,2.875,null,585,0,02/15,08/15,null,null,12999.3338,31,07,3,2026,0,null,2.98
2026-07-31,2026-07-31,2026,4,Marketable,Bonds,912810RN0,2015-10-15,2045-08-15,2.875,null,586,0,02/15,08/15,null,null,13000.0052,31,07,3,2026,-2020,null,2.914
2026-07-31,2026-07-31,2026,4,Marketable,Bonds,912810UN6,2025-09-02,2045-08-15,4.875,45374.751,587,0,02/15,08/15,null,null,17928.618,31,07,3,2026,0,null,4.876
2026-07-31,2026-07-31,2026,4,Marketable,Bonds,912810UN6,2025-09-30,2045-08-15,4.875,null,588,0,02/15,08/15,null,null,13701.4456,31,07,3,2026,0,null,4.613
2026-07-31,2026-07-31,2026,4,Marketable,Bonds,912810UN6,2025-10-31,2045-08-15,4.875,null,589,0,02/15,08/15,null,null,13744.6874,31,07,3,2026,0,null,4.506
2026-07-31,2026-07-31,2026,4,Marketable,Bills Maturity Value,912797SK4,2025-10-30,2026-10-29,null,233607.4263,59,0,10/26,null,null,null,52802.4346,31,07,3,2026,0,null,3.445
2026-07-31,2026-07-31,2026,4,Marketable,Bonds,912810RP5,2015-11-16,2045-11-15,3,41791.6697,590,0,05/15,11/15,null,null,16081.6808,31,07,3,2026,0,null,3.07
2026-07-31,2026-07-31,2026,4,Marketable,Bonds,912810RP5,2015-12-15,2045-11-15,3,null,591,0,05/15,11/15,null,null,13000.0033,31,07,3,2026,0,null,2.978
2026-07-31,2026-07-31,2026,4,Marketable,Bonds,912810RP5,2016-01-15,2045-11-15,3,null,592,0,05/15,11/15,null,null,12994.9856,31,07,3,2026,-285,null,2.905
2026-07-31,2026-07-31,2026,4,Marketable,Bonds,912810UQ9,2025-12-01,2045-11-15,4.625,46130.2612,593,0,05/15,11/15,null,null,17829.4668,31,07,3,2026,0,null,4.706
2026-07-31,2026-07-31,2026,4,Marketable,Bonds,912810UQ9,2025-12-31,2045-11-15,4.625,null,594,0,05/15,11/15,null,null,14385.2655,31,07,3,2026,0,null,4.798
2026-07-31,2026-07-31,2026,4,Marketable,Bonds,912810UQ9,2026-02-02,2045-11-15,4.625,null,595,0,05/15,11/15,null,null,13915.5289,31,07,3,2026,0,null,4.846
2026-07-31,2026-07-31,2026,4,Marketable,Bonds,912810RQ3,2016-02-16,2046-02-15,2.5,37660.1694,596,0,08/15,02/15,null,null,16172.8217,31,07,3,2026,0,null,2.5
2026-07-31,2026-07-31,2026,4,Marketable,Bonds,912810RQ3,2016-03-15,2046-02-15,2.5,null,597,0,08/15,02/15,null,null,11999.9,31,07,3,2026,0,null,2.72
2026-07-31,2026-07-31,2026,4,Marketable,Bonds,912810RQ3,2016-04-15,2046-02-15,2.5,null,598,0,08/15,02/15,null,null,12079.4477,31,07,3,2026,-2592,null,2.596
2026-07-31,2026-07-31,2026,4,Marketable,Bonds,912810UT3,2026-03-02,2046-02-15,4.625,46894.121,599,0,08/15,02/15,null,null,17915.9708,31,07,3,2026,0,null,4.664
2026-07-31,2026-07-31,2026,4,Marketable,Bills Maturity Value,912797RG4,2026-05-07,2026-08-06,null,null,6,0,08/26,null,null,null,94643.3125,31,07,3,2026,0,null,3.61
2026-07-31,2026-07-31,2026,4,Marketable,Bills Maturity Value,912797SK4,2026-04-30,2026-10-29,null,null,60,0,10/26,null,null,null,82343.122,31,07,3,2026,0,null,3.59
2026-07-31,2026-07-31,2026,4,Marketable,Bonds,912810UT3,2026-03-31,2046-02-15,4.625,null,600,0,08/15,02/15,null,null,14342.4459,31,07,3,2026,0,null,4.817
2026-07-31,2026-07-31,2026,4,Marketable,Bonds,912810UT3,2026-04-30,2046-02-15,4.625,null,601,0,08/15,02/15,null,null,14635.7043,31,07,3,2026,0,null,4.883
2026-07-31,2026-07-31,2026,4,Marketable,Bonds,912810RS9,2016-05-16,2046-05-15,2.5,40477.5347,602,0,11/15,05/15,null,null,18392.2459,31,07,3,2026,0,null,2.615
2026-07-31,2026-07-31,2026,4,Marketable,Bonds,912810RS9,2016-06-15,2046-05-15,2.5,null,603,0,11/15,05/15,null,null,11999.9822,31,07,3,2026,0,null,2.475
2026-07-31,2026-07-31,2026,4,Marketable,Bonds,912810RS9,2016-07-15,2046-05-15,2.5,null,604,0,11/15,05/15,null,null,12781.3066,31,07,3,2026,-2696,null,2.172
2026-07-31,2026-07-31,2026,4,Marketable,Bonds,912810UV8,2026-06-01,2046-05-15,5,44344.056,605,0,11/15,05/15,null,null,18360.1146,31,07,3,2026,0,null,5.122
2026-07-31,2026-07-31,2026,4,Marketable,Bonds,912810UV8,2026-06-22,2046-05-15,5,null,606,0,11/15,05/15,null,null,12998.8382,31,07,3,2026,0,null,4.927
2026-07-31,2026-07-31,2026,4,Marketable,Bonds,912810UV8,2026-07-24,2046-05-15,5,null,607,0,11/15,05/15,null,null,12985.1032,31,07,3,2026,0,null,5.163
2026-07-31,2026-07-31,2026,4,Marketable,Bonds,912810RT7,2016-08-15,2046-08-15,2.25,39646.4068,608,0,02/15,08/15,null,null,16536.3595,31,07,3,2026,0,null,2.274
2026-07-31,2026-07-31,2026,4,Marketable,Bonds,912810RT7,2016-09-15,2046-08-15,2.25,null,609,0,02/15,08/15,null,null,12000.0163,31,07,3,2026,0,null,2.475
2026-07-31,2026-07-31,2026,4,Marketable,Bills Maturity Value,912797SK4,2026-07-30,2026-10-29,null,null,61,0,10/26,null,null,null,98461.8697,31,07,3,2026,0,null,3.815
2026-07-31,2026-07-31,2026,4,Marketable,Bonds,912810RT7,2016-10-17,2046-08-15,2.25,null,610,0,02/15,08/15,null,null,12000.031,31,07,3,2026,-890,null,2.47
2026-07-31,2026-07-31,2026,4,Marketable,Bonds,912810RU4,2016-11-15,2046-11-15,2.875,40064.7745,611,0,05/15,11/15,null,null,18283.8168,31,07,3,2026,0,null,2.902
2026-07-31,2026-07-31,2026,4,Marketable,Bonds,912810RU4,2016-12-15,2046-11-15,2.875,null,612,0,05/15,11/15,null,null,12000.0298,31,07,3,2026,0,null,3.152
2026-07-31,2026-07-31,2026,4,Marketable,Bonds,912810RU4,2017-01-17,2046-11-15,2.875,null,613,0,05/15,11/15,null,null,12664.9279,31,07,3,2026,-2884,null,2.914
2026-07-31,2026-07-31,2026,4,Marketable,Bonds,912810RV2,2017-02-15,2047-02-15,3,33906.504,614,0,08/15,02/15,null,null,16731.8897,31,07,3,2026,0,null,3.005
2026-07-31,2026-07-31,2026,4,Marketable,Bonds,912810RV2,2017-03-15,2047-02-15,3,null,615,0,08/15,02/15,null,null,11999.9942,31,07,3,2026,0,null,3.17
2026-07-31,2026-07-31,2026,4,Marketable,Bonds,912810RV2,2017-04-17,2047-02-15,3,null,616,0,08/15,02/15,null,null,12098.6201,31,07,3,2026,-6924,null,2.938
2026-07-31,2026-07-31,2026,4,Marketable,Bonds,912810RX8,2017-05-15,2047-05-15,3,40685.115,617,0,11/15,05/15,null,null,19950.6049,31,07,3,2026,0,null,3.05
2026-07-31,2026-07-31,2026,4,Marketable,Bonds,912810RX8,2017-06-15,2047-05-15,3,null,618,0,11/15,05/15,null,null,11999.5917,31,07,3,2026,0,null,2.87
2026-07-31,2026-07-31,2026,4,Marketable,Bonds,912810RX8,2017-07-17,2047-05-15,3,null,619,0,11/15,05/15,null,null,12273.9184,31,07,3,2026,-3539,null,2.936
2026-07-31,2026-07-31,2026,4,Marketable,Bills Maturity Value,912797VP9,2026-07-07,2026-11-03,null,74702.8362,62,0,11/26,null,null,null,74702.8362,31,07,3,2026,0,null,3.795
2026-07-31,2026-07-31,2026,4,Marketable,Bonds,912810RY6,2017-08-15,2047-08-15,2.75,41476.3307,620,0,02/15,08/15,null,null,19513.2736,31,07,3,2026,0,null,2.818
2026-07-31,2026-07-31,2026,4,Marketable,Bonds,912810RY6,2017-09-15,2047-08-15,2.75,null,621,0,02/15,08/15,null,null,11999.8802,31,07,3,2026,0,null,2.79
2026-07-31,2026-07-31,2026,4,Marketable,Bonds,912810RY6,2017-10-16,2047-08-15,2.75,null,622,0,02/15,08/15,null,null,11999.1769,31,07,3,2026,-2036,null,2.87
2026-07-31,2026-07-31,2026,4,Marketable,Bonds,912810RZ3,2017-11-15,2047-11-15,2.75,39288.7507,623,0,05/15,11/15,null,null,16823.7432,31,07,3,2026,0,null,2.801
2026-07-31,2026-07-31,2026,4,Marketable,Bonds,912810RZ3,2017-12-15,2047-11-15,2.75,null,624,0,05/15,11/15,null,null,11999.0648,31,07,3,2026,0,null,2.804
2026-07-31,2026-07-31,2026,4,Marketable,Bonds,912810RZ3,2018-01-16,2047-11-15,2.75,null,625,0,05/15,11/15,null,null,12405.9427,31,07,3,2026,-1940,null,2.867
2026-07-31,2026-07-31,2026,4,Marketable,Bonds,912810SA7,2018-02-15,2048-02-15,3,44124.5056,626,0,08/15,02/15,null,null,19022.2402,31,07,3,2026,0,null,3.121
2026-07-31,2026-07-31,2026,4,Marketable,Bonds,912810SA7,2018-03-15,2048-02-15,3,null,627,0,08/15,02/15,null,null,12999.9921,31,07,3,2026,0,null,3.109
2026-07-31,2026-07-31,2026,4,Marketable,Bonds,912810SA7,2018-04-16,2048-02-15,3,null,628,0,08/15,02/15,null,null,13022.2733,31,07,3,2026,-920,null,3.044
2026-07-31,2026-07-31,2026,4,Marketable,Bonds,912810SC3,2018-05-15,2048-05-15,3.125,47147.624,629,0,11/15,05/15,null,null,21098.1838,31,07,3,2026,0,null,3.13
2026-07-31,2026-07-31,2026,4,Marketable,Bills Maturity Value,912797UM7,2026-05-07,2026-11-05,null,81880.5683,63,0,11/26,null,null,null,81880.5683,31,07,3,2026,0,null,3.61
2026-07-31,2026-07-31,2026,4,Marketable,Bonds,912810SC3,2018-06-15,2048-05-15,3.125,null,630,0,11/15,05/15,null,null,14000.0293,31,07,3,2026,0,null,3.1
2026-07-31,2026-07-31,2026,4,Marketable,Bonds,912810SC3,2018-07-16,2048-05-15,3.125,null,631,0,11/15,05/15,null,null,14053.4109,31,07,3,2026,-2004,null,2.958
2026-07-31,2026-07-31,2026,4,Marketable,Bonds,912810SD1,2018-08-15,2048-08-15,3,49977.7811,632,0,02/15,08/15,null,null,20414.8055,31,07,3,2026,0,null,3.09
2026-07-31,2026-07-31,2026,4,Marketable,Bonds,912810SD1,2018-09-17,2048-08-15,3,null,633,0,02/15,08/15,null,null,15000.0231,31,07,3,2026,0,null,3.088
2026-07-31,2026-07-31,2026,4,Marketable,Bonds,912810SD1,2018-10-15,2048-08-15,3,null,634,0,02/15,08/15,null,null,14999.9525,31,07,3,2026,-437,null,3.344
2026-07-31,2026-07-31,2026,4,Marketable,Bonds,912810SE9,2018-11-15,2048-11-15,3.375,52578.2813,635,0,05/15,11/15,null,null,22873.5907,31,07,3,2026,0,null,3.418
2026-07-31,2026-07-31,2026,4,Marketable,Bonds,912810SE9,2018-12-17,2048-11-15,3.375,null,636,0,05/15,11/15,null,null,15999.9919,31,07,3,2026,0,null,3.165
2026-07-31,2026-07-31,2026,4,Marketable,Bonds,912810SE9,2019-01-15,2048-11-15,3.375,null,637,0,05/15,11/15,null,null,15994.6987,31,07,3,2026,-2290,null,3.035
2026-07-31,2026-07-31,2026,4,Marketable,Bonds,912810SF6,2019-02-15,2049-02-15,3,54200.5118,638,0,08/15,02/15,null,null,23574.6037,31,07,3,2026,0,null,3.022
2026-07-31,2026-07-31,2026,4,Marketable,Bonds,912810SF6,2019-03-15,2049-02-15,3,null,639,0,08/15,02/15,null,null,15999.8837,31,07,3,2026,0,null,3.014
2026-07-31,2026-07-31,2026,4,Marketable,Bills Maturity Value,912797VW4,2026-07-14,2026-11-10,null,76455.5521,64,0,11/26,null,null,null,76455.5521,31,07,3,2026,0,null,3.79
2026-07-31,2026-07-31,2026,4,Marketable,Bonds,912810SF6,2019-04-15,2049-02-15,3,null,640,0,08/15,02/15,null,null,16002.0244,31,07,3,2026,-1376,null,2.93
2026-07-31,2026-07-31,2026,4,Marketable,Bonds,912810SH2,2019-05-15,2049-05-15,2.875,55597.3687,641,0,11/15,05/15,null,null,25472.4889,31,07,3,2026,0,null,2.892
2026-07-31,2026-07-31,2026,4,Marketable,Bonds,912810SH2,2019-06-17,2049-05-15,2.875,null,642,0,11/15,05/15,null,null,15999.6485,31,07,3,2026,0,null,2.607
2026-07-31,2026-07-31,2026,4,Marketable,Bonds,912810SH2,2019-07-15,2049-05-15,2.875,null,643,0,11/15,05/15,null,null,16136.2313,31,07,3,2026,-2011,null,2.644
2026-07-31,2026-07-31,2026,4,Marketable,Bonds,912810SJ8,2019-08-15,2049-08-15,2.25,63236.3568,644,0,02/15,08/15,null,null,31398.5093,31,07,3,2026,0,null,2.335
2026-07-31,2026-07-31,2026,4,Marketable,Bonds,912810SJ8,2019-09-16,2049-08-15,2.25,null,645,0,02/15,08/15,null,null,15997.8287,31,07,3,2026,0,null,2.27
2026-07-31,2026-07-31,2026,4,Marketable,Bonds,912810SJ8,2019-10-15,2049-08-15,2.25,null,646,0,02/15,08/15,null,null,16000.0188,31,07,3,2026,-160,null,2.17
2026-07-31,2026-07-31,2026,4,Marketable,Bonds,912810SK5,2019-11-15,2049-11-15,2.375,58170.7488,647,0,05/15,11/15,null,null,27993.8267,31,07,3,2026,0,null,2.43
2026-07-31,2026-07-31,2026,4,Marketable,Bonds,912810SK5,2019-12-16,2049-11-15,2.375,null,648,0,05/15,11/15,null,null,15998.9551,31,07,3,2026,0,null,2.307
2026-07-31,2026-07-31,2026,4,Marketable,Bonds,912810SK5,2020-01-15,2049-11-15,2.375,null,649,0,05/15,11/15,null,null,16511.967,31,07,3,2026,-2334,null,2.341
2026-07-31,2026-07-31,2026,4,Marketable,Bills Maturity Value,912797UY1,2026-05-14,2026-11-12,null,81825.9415,65,0,11/26,null,null,null,81825.9415,31,07,3,2026,0,null,3.615
2026-07-31,2026-07-31,2026,4,Marketable,Bonds,912810SL3,2020-02-18,2050-02-15,2,59121.8597,650,0,08/15,02/15,null,null,27449.7799,31,07,3,2026,0,null,2.061
2026-07-31,2026-07-31,2026,4,Marketable,Bonds,912810SL3,2020-03-16,2050-02-15,2,null,651,0,08/15,02/15,null,null,16015.1411,31,07,3,2026,0,null,1.32
2026-07-31,2026-07-31,2026,4,Marketable,Bonds,912810SL3,2020-04-15,2050-02-15,2,null,652,0,08/15,02/15,null,null,17055.9387,31,07,3,2026,-1399,null,1.325
2026-07-31,2026-07-31,2026,4,Marketable,Bonds,912810SN9,2020-05-15,2050-05-15,1.25,73566.7975,653,0,11/15,05/15,null,null,33634.7555,31,07,3,2026,0,null,1.342
2026-07-31,2026-07-31,2026,4,Marketable,Bonds,912810SN9,2020-06-15,2050-05-15,1.25,null,654,0,11/15,05/15,null,null,19270.143,31,07,3,2026,0,null,1.45
2026-07-31,2026-07-31,2026,4,Marketable,Bonds,912810SN9,2020-07-15,2050-05-15,1.25,null,655,0,11/15,05/15,null,null,20666.899,31,07,3,2026,-5,null,1.33
2026-07-31,2026-07-31,2026,4,Marketable,Bonds,912810SP4,2020-08-17,2050-08-15,1.375,89018.5089,656,0,02/15,08/15,null,null,41463.5671,31,07,3,2026,0,null,1.406
2026-07-31,2026-07-31,2026,4,Marketable,Bonds,912810SP4,2020-09-15,2050-08-15,1.375,null,657,0,02/15,08/15,null,null,23945.5682,31,07,3,2026,0,null,1.473
2026-07-31,2026-07-31,2026,4,Marketable,Bonds,912810SP4,2020-10-15,2050-08-15,1.375,null,658,0,02/15,08/15,null,null,23643.3736,31,07,3,2026,-34,null,1.578
2026-07-31,2026-07-31,2026,4,Marketable,Bonds,912810SS8,2020-11-16,2050-11-15,1.625,85458.2569,659,0,05/15,11/15,null,null,34403.3897,31,07,3,2026,0,null,1.68
2026-07-31,2026-07-31,2026,4,Marketable,Bills Maturity Value,912797VX2,2026-07-21,2026-11-17,null,76223.0164,66,0,11/26,null,null,null,76223.0164,31,07,3,2026,0,null,3.745
2026-07-31,2026-07-31,2026,4,Marketable,Bonds,912810SS8,2020-12-15,2050-11-15,1.625,null,660,0,05/15,11/15,null,null,25022.2459,31,07,3,2026,0,null,1.665
2026-07-31,2026-07-31,2026,4,Marketable,Bonds,912810SS8,2021-01-15,2050-11-15,1.625,null,661,0,05/15,11/15,null,null,26412.6213,31,07,3,2026,-380,null,1.825
2026-07-31,2026-07-31,2026,4,Marketable,Bonds,912810SU3,2021-02-16,2051-02-15,1.875,88366.4911,662,0,08/15,02/15,null,null,36794.6651,31,07,3,2026,0,null,1.933
2026-07-31,2026-07-31,2026,4,Marketable,Bonds,912810SU3,2021-03-15,2051-02-15,1.875,null,663,0,08/15,02/15,null,null,25487.4006,31,07,3,2026,0,null,2.295
2026-07-31,2026-07-31,2026,4,Marketable,Bonds,912810SU3,2021-04-15,2051-02-15,1.875,null,664,0,08/15,02/15,null,null,27684.4254,31,07,3,2026,-1600,null,2.32
2026-07-31,2026-07-31,2026,4,Marketable,Bonds,912810SX7,2021-05-17,2051-05-15,2.375,93553.5868,665,0,11/15,05/15,null,null,41323.6408,31,07,3,2026,0,null,2.395
2026-07-31,2026-07-31,2026,4,Marketable,Bonds,912810SX7,2021-06-15,2051-05-15,2.375,null,666,0,11/15,05/15,null,null,26206.0006,31,07,3,2026,0,null,2.172
2026-07-31,2026-07-31,2026,4,Marketable,Bonds,912810SX7,2021-07-15,2051-05-15,2.375,null,667,0,11/15,05/15,null,null,27950.9454,31,07,3,2026,-1927,null,2
2026-07-31,2026-07-31,2026,4,Marketable,Bonds,912810SZ2,2021-08-16,2051-08-15,2,90036.6626,668,0,02/15,08/15,null,null,39045.8235,31,07,3,2026,0,null,2.04
2026-07-31,2026-07-31,2026,4,Marketable,Bonds,912810SZ2,2021-09-15,2051-08-15,2,null,669,0,02/15,08/15,null,null,26555.4562,31,07,3,2026,0,null,1.91
2026-07-31,2026-07-31,2026,4,Marketable,Bills Maturity Value,912797UZ8,2026-05-21,2026-11-19,null,81643.31,67,0,11/26,null,null,null,81643.31,31,07,3,2026,0,null,3.615
2026-07-31,2026-07-31,2026,4,Marketable,Bonds,912810SZ2,2021-10-15,2051-08-15,2,null,670,0,02/15,08/15,null,null,25805.3829,31,07,3,2026,-1370,null,2.049
2026-07-31,2026-07-31,2026,4,Marketable,Bonds,912810TB4,2021-11-15,2051-11-15,1.875,90235.3073,671,0,05/15,11/15,null,null,39461.4257,31,07,3,2026,0,null,1.94
2026-07-31,2026-07-31,2026,4,Marketable,Bonds,912810TB4,2021-12-15,2051-11-15,1.875,null,672,0,05/15,11/15,null,null,25244.0001,31,07,3,2026,0,null,1.895
2026-07-31,2026-07-31,2026,4,Marketable,Bonds,912810TB4,2022-01-18,2051-11-15,1.875,null,673,0,05/15,11/15,null,null,25529.8815,31,07,3,2026,0,null,2.075
2026-07-31,2026-07-31,2026,4,Marketable,Bonds,912810TD0,2022-02-15,2052-02-15,2.25,85019.3815,674,0,08/15,02/15,null,null,36914.1181,31,07,3,2026,0,null,2.34
2026-07-31,2026-07-31,2026,4,Marketable,Bonds,912810TD0,2022-03-15,2052-02-15,2.25,null,675,0,08/15,02/15,null,null,23360.3952,31,07,3,2026,0,null,2.375
2026-07-31,2026-07-31,2026,4,Marketable,Bonds,912810TD0,2022-04-18,2052-02-15,2.25,null,676,0,08/15,02/15,null,null,24770.8682,31,07,3,2026,-26,null,2.815
2026-07-31,2026-07-31,2026,4,Marketable,Bonds,912810TG3,2022-05-16,2052-05-15,2.875,78301.1696,677,0,11/15,05/15,null,null,37386.3303,31,07,3,2026,0,null,2.997
2026-07-31,2026-07-31,2026,4,Marketable,Bonds,912810TG3,2022-06-15,2052-05-15,2.875,null,678,0,11/15,05/15,null,null,20117.1762,31,07,3,2026,0,null,3.185
2026-07-31,2026-07-31,2026,4,Marketable,Bonds,912810TG3,2022-07-15,2052-05-15,2.875,null,679,0,11/15,05/15,null,null,21421.6631,31,07,3,2026,-624,null,3.115
2026-07-31,2026-07-31,2026,4,Marketable,Bills Maturity Value,912797VY0,2026-07-28,2026-11-24,null,76314.3735,68,0,11/26,null,null,null,76314.3735,31,07,3,2026,0,null,3.845
2026-07-31,2026-07-31,2026,4,Marketable,Bonds,912810TJ7,2022-08-15,2052-08-15,3,69938.9171,680,0,02/15,08/15,null,null,34277.0536,31,07,3,2026,0,null,3.106
2026-07-31,2026-07-31,2026,4,Marketable,Bonds,912810TJ7,2022-09-15,2052-08-15,3,null,681,0,02/15,08/15,null,null,17999.8732,31,07,3,2026,0,null,3.511
2026-07-31,2026-07-31,2026,4,Marketable,Bonds,912810TJ7,2022-10-17,2052-08-15,3,null,682,0,02/15,08/15,null,null,17999.9903,31,07,3,2026,-338,null,3.93
2026-07-31,2026-07-31,2026,4,Marketable,Bonds,912810TL2,2022-11-15,2052-11-15,4,64339.912,683,0,05/15,11/15,null,null,28353.3102,31,07,3,2026,0,null,4.08
2026-07-31,2026-07-31,2026,4,Marketable,Bonds,912810TL2,2022-12-15,2052-11-15,4,null,684,0,05/15,11/15,null,null,17986.576,31,07,3,2026,0,null,3.513
2026-07-31,2026-07-31,2026,4,Marketable,Bonds,912810TL2,2023-01-17,2052-11-15,4,null,685,0,05/15,11/15,null,null,18000.0258,31,07,3,2026,0,null,3.585
2026-07-31,2026-07-31,2026,4,Marketable,Bonds,912810TN8,2023-02-15,2053-02-15,3.625,65983.0277,686,0,08/15,02/15,null,null,29206.5431,31,07,3,2026,0,null,3.686
2026-07-31,2026-07-31,2026,4,Marketable,Bonds,912810TN8,2023-03-15,2053-02-15,3.625,null,687,0,08/15,02/15,null,null,17999.8265,31,07,3,2026,0,null,3.877
2026-07-31,2026-07-31,2026,4,Marketable,Bonds,912810TN8,2023-04-17,2053-02-15,3.625,null,688,0,08/15,02/15,null,null,19140.6581,31,07,3,2026,-364,null,3.661
2026-07-31,2026-07-31,2026,4,Marketable,Bonds,912810TR9,2023-05-15,2053-05-15,3.625,62593.0728,689,0,11/15,05/15,null,null,26711.2213,31,07,3,2026,0,null,3.741
2026-07-31,2026-07-31,2026,4,Marketable,Bills Maturity Value,912797SU2,2025-11-28,2026-11-27,null,132258.3209,69,0,11/26,null,null,null,52302.1033,31,07,3,2026,0,null,3.46
2026-07-31,2026-07-31,2026,4,Marketable,Bonds,912810TR9,2023-06-15,2053-05-15,3.625,null,690,0,11/15,05/15,null,null,17999.8809,31,07,3,2026,0,null,3.908
2026-07-31,2026-07-31,2026,4,Marketable,Bonds,912810TR9,2023-07-17,2053-05-15,3.625,null,691,0,11/15,05/15,null,null,17999.9706,31,07,3,2026,-118,null,3.91
2026-07-31,2026-07-31,2026,4,Marketable,Bonds,912810TT5,2023-08-15,2053-08-15,4.125,71564.3014,692,0,02/15,08/15,null,null,31583.9265,31,07,3,2026,0,null,4.189
2026-07-31,2026-07-31,2026,4,Marketable,Bonds,912810TT5,2023-09-15,2053-08-15,4.125,null,693,0,02/15,08/15,null,null,19999.1874,31,07,3,2026,0,null,4.345
2026-07-31,2026-07-31,2026,4,Marketable,Bonds,912810TT5,2023-10-16,2053-08-15,4.125,null,694,0,02/15,08/15,null,null,20000.1875,31,07,3,2026,-19,null,4.837
2026-07-31,2026-07-31,2026,4,Marketable,Bonds,912810TV0,2023-11-15,2053-11-15,4.75,66443.6445,695,0,05/15,11/15,null,null,24456.6379,31,07,3,2026,0,null,4.769
2026-07-31,2026-07-31,2026,4,Marketable,Bonds,912810TV0,2023-12-15,2053-11-15,4.75,null,696,0,05/15,11/15,null,null,20988.8122,31,07,3,2026,0,null,4.344
2026-07-31,2026-07-31,2026,4,Marketable,Bonds,912810TV0,2024-01-16,2053-11-15,4.75,null,697,0,05/15,11/15,null,null,20998.1944,31,07,3,2026,0,null,4.229
2026-07-31,2026-07-31,2026,4,Marketable,Bonds,912810TX6,2024-02-15,2054-02-15,4.25,71197.7912,698,0,08/15,02/15,null,null,26846.2775,31,07,3,2026,0,null,4.36
2026-07-31,2026-07-31,2026,4,Marketable,Bonds,912810TX6,2024-03-15,2054-02-15,4.25,null,699,0,08/15,02/15,null,null,21989.8058,31,07,3,2026,0,null,4.331
2026-07-31,2026-07-31,2026,4,Marketable,Bills Maturity Value,912797RG4,2026-06-25,2026-08-06,null,null,7,0,08/26,null,null,null,69454.3406,31,07,3,2026,0,null,3.62
2026-07-31,2026-07-31,2026,4,Marketable,Bills Maturity Value,912797SU2,2026-05-28,2026-11-27,null,null,70,0,11/26,null,null,null,79956.2176,31,07,3,2026,0,null,3.65
2026-07-31,2026-07-31,2026,4,Marketable,Bonds,912810TX6,2024-04-15,2054-02-15,4.25,null,700,0,08/15,02/15,null,null,22362.7079,31,07,3,2026,-1,null,4.671
2026-07-31,2026-07-31,2026,4,Marketable,Bonds,912810UA4,2024-05-15,2054-05-15,4.625,76420.8035,701,0,11/15,05/15,null,null,28141.8875,31,07,3,2026,0,null,4.635
2026-07-31,2026-07-31,2026,4,Marketable,Bonds,912810UA4,2024-06-17,2054-05-15,4.625,null,702,0,11/15,05/15,null,null,22708.1721,31,07,3,2026,0,null,4.403
2026-07-31,2026-07-31,2026,4,Marketable,Bonds,912810UA4,2024-07-15,2054-05-15,4.625,null,703,0,11/15,05/15,null,null,25570.7439,31,07,3,2026,0,null,4.405
2026-07-31,2026-07-31,2026,4,Marketable,Bonds,912810UC0,2024-08-15,2054-08-15,4.25,74266.8051,704,0,02/15,08/15,null,null,29755.0689,31,07,3,2026,0,null,4.314
2026-07-31,2026-07-31,2026,4,Marketable,Bonds,912810UC0,2024-09-16,2054-08-15,4.25,null,705,0,02/15,08/15,null,null,22209.8224,31,07,3,2026,0,null,4.015
2026-07-31,2026-07-31,2026,4,Marketable,Bonds,912810UC0,2024-10-15,2054-08-15,4.25,null,706,0,02/15,08/15,null,null,22301.9138,31,07,3,2026,0,null,4.389
2026-07-31,2026-07-31,2026,4,Marketable,Bonds,912810UE6,2024-11-15,2054-11-15,4.5,80062.8573,707,0,05/15,11/15,null,null,31073.0324,31,07,3,2026,0,null,4.608
2026-07-31,2026-07-31,2026,4,Marketable,Bonds,912810UE6,2024-12-16,2054-11-15,4.5,null,708,0,05/15,11/15,null,null,22155.5881,31,07,3,2026,0,null,4.535
2026-07-31,2026-07-31,2026,4,Marketable,Bonds,912810UE6,2025-01-15,2054-11-15,4.5,null,709,0,05/15,11/15,null,null,26834.2368,31,07,3,2026,0,null,4.913
2026-07-31,2026-07-31,2026,4,Marketable,Bills Maturity Value,912797VA2,2026-06-04,2026-12-03,null,81874.8975,71,0,12/26,null,null,null,81874.8975,31,07,3,2026,0,null,3.665
2026-07-31,2026-07-31,2026,4,Marketable,Bonds,912810UG1,2025-02-18,2055-02-15,4.625,79901.3282,710,0,08/15,02/15,null,null,31867.586,31,07,3,2026,0,null,4.748
2026-07-31,2026-07-31,2026,4,Marketable,Bonds,912810UG1,2025-03-17,2055-02-15,4.625,null,711,0,08/15,02/15,null,null,22362.8024,31,07,3,2026,0,null,4.623
2026-07-31,2026-07-31,2026,4,Marketable,Bonds,912810UG1,2025-04-15,2055-02-15,4.625,null,712,0,08/15,02/15,null,null,25671.9398,31,07,3,2026,-1,null,4.813
2026-07-31,2026-07-31,2026,4,Marketable,Bonds,912810UK2,2025-05-15,2055-05-15,4.75,80802.6776,713,0,11/15,05/15,null,null,33804.6671,31,07,3,2026,0,null,4.819
2026-07-31,2026-07-31,2026,4,Marketable,Bonds,912810UK2,2025-06-16,2055-05-15,4.75,null,714,0,11/15,05/15,null,null,22395.4739,31,07,3,2026,0,null,4.844
2026-07-31,2026-07-31,2026,4,Marketable,Bonds,912810UK2,2025-07-15,2055-05-15,4.75,null,715,0,11/15,05/15,null,null,24602.5366,31,07,3,2026,0,null,4.889
2026-07-31,2026-07-31,2026,4,Marketable,Bonds,912810UM8,2025-08-15,2055-08-15,4.75,77832.944,716,0,02/15,08/15,null,null,33484.2836,31,07,3,2026,0,null,4.813
2026-07-31,2026-07-31,2026,4,Marketable,Bonds,912810UM8,2025-09-15,2055-08-15,4.75,null,717,0,02/15,08/15,null,null,21996.7019,31,07,3,2026,0,null,4.651
2026-07-31,2026-07-31,2026,4,Marketable,Bonds,912810UM8,2025-10-15,2055-08-15,4.75,null,718,0,02/15,08/15,null,null,22397.9585,31,07,3,2026,-46,null,4.734
2026-07-31,2026-07-31,2026,4,Marketable,Bonds,912810UP1,2025-11-17,2055-11-15,4.625,79277.9636,719,0,05/15,11/15,null,null,28885.3226,31,07,3,2026,0,null,4.694
2026-07-31,2026-07-31,2026,4,Marketable,Bills Maturity Value,912797VG9,2026-06-11,2026-12-10,null,81950.5205,72,0,12/26,null,null,null,81950.5205,31,07,3,2026,0,null,3.69
2026-07-31,2026-07-31,2026,4,Marketable,Bonds,912810UP1,2025-12-15,2055-11-15,4.625,null,720,0,05/15,11/15,null,null,21988.9509,31,07,3,2026,0,null,4.773
2026-07-31,2026-07-31,2026,4,Marketable,Bonds,912810UP1,2026-01-15,2055-11-15,4.625,null,721,0,05/15,11/15,null,null,28403.6901,31,07,3,2026,0,null,4.825
2026-07-31,2026-07-31,2026,4,Marketable,Bonds,912810UR7,2026-02-17,2056-02-15,4.75,79988.5481,722,0,08/15,02/15,null,null,32081.5581,31,07,3,2026,0,null,4.75
2026-07-31,2026-07-31,2026,4,Marketable,Bonds,912810UR7,2026-03-16,2056-02-15,4.75,null,723,0,08/15,02/15,null,null,22005.5705,31,07,3,2026,0,null,4.871
2026-07-31,2026-07-31,2026,4,Marketable,Bonds,912810UR7,2026-04-15,2056-02-15,4.75,null,724,0,08/15,02/15,null,null,25901.4195,31,07,3,2026,0,null,4.876
2026-07-31,2026-07-31,2026,4,Marketable,Bonds,912810UU0,2026-05-15,2056-05-15,5,77212.8515,725,0,11/15,05/15,null,null,30936.2292,31,07,3,2026,0,null,5.046
2026-07-31,2026-07-31,2026,4,Marketable,Bonds,912810UU0,2026-06-15,2056-05-15,5,null,726,0,11/15,05/15,null,null,21999.1624,31,07,3,2026,0,null,5.02
2026-07-31,2026-07-31,2026,4,Marketable,Bonds,912810UU0,2026-07-15,2056-05-15,5,null,727,0,11/15,05/15,null,null,24277.4599,31,07,3,2026,0,null,5.058
2026-07-31,2026-07-31,2026,4,Marketable,Bonds,Total Unmatured Treasury Bonds,null,null,null,5488689.9303,728,0,null,null,null,null,5589591.6303,31,07,3,2026,-100901.7,null,null
2026-07-31,2026-07-31,2026,4,Marketable,Bonds,Total Matured Treasury Bonds,null,null,null,27.2727,729,0,null,null,null,null,27.2727,31,07,3,2026,0,null,null
2026-07-31,2026-07-31,2026,4,Marketable,Bills Maturity Value,912797VH7,2026-06-18,2026-12-17,null,83445.4293,73,0,12/26,null,null,null,83445.4293,31,07,3,2026,0,null,3.68
2026-07-31,2026-07-31,2026,4,Marketable,Bonds,Total Treasury Bonds,null,null,null,5488717.203,730,0,null,null,null,null,5589618.903,31,07,3,2026,-100901.7,null,null
2026-07-31,2026-07-31,2026,4,Marketable,Inflation-Protected Securities,91282CDC2,2021-10-29,2026-10-15,0.125,46905.44716613,731,4296.63074758,04/15,10/15,null,null,18999.0305,31,07,3,2026,0,null,-1.685
2026-07-31,2026-07-31,2026,4,Marketable,Inflation-Protected Securities,91282CDC2,2021-12-31,2026-10-15,0.125,null,732,4354.56761855,04/15,10/15,null,null,19305.2183,31,07,3,2026,-50,null,-1.508
2026-07-31,2026-07-31,2026,4,Marketable,Inflation-Protected Securities,912810PS1,2007-01-31,2027-01-15,2.375,27203.50401895,733,6077.72869485,07/15,01/15,null,null,9188.493,31,07,3,2026,0,null,2.42
2026-07-31,2026-07-31,2026,4,Marketable,Inflation-Protected Securities,912810PS1,2007-07-31,2027-01-15,2.375,null,734,4752.4243241,07/15,01/15,null,null,7293.858,31,07,3,2026,-109,null,2.6
2026-07-31,2026-07-31,2026,4,Marketable,Inflation-Protected Securities,912828V49,2017-01-31,2027-01-15,0.375,52465.88390968,735,5350.74036762,07/15,01/15,null,null,13824.4164,31,07,3,2026,0,null,0.436
2026-07-31,2026-07-31,2026,4,Marketable,Inflation-Protected Securities,912828V49,2017-03-31,2027-01-15,0.375,null,736,4773.00321823,07/15,01/15,null,null,12331.7484,31,07,3,2026,0,null,0.466
2026-07-31,2026-07-31,2026,4,Marketable,Inflation-Protected Securities,912828V49,2017-05-31,2027-01-15,0.375,null,737,4516.62292383,07/15,01/15,null,null,12322.3526,31,07,3,2026,-653,null,0.42
2026-07-31,2026-07-31,2026,4,Marketable,Inflation-Protected Securities,91282CEJ6,2022-04-29,2027-04-15,0.125,46718.20852445,738,3733.06923142,10/15,04/15,null,null,19997.1568,31,07,3,2026,0,null,-0.34
2026-07-31,2026-07-31,2026,4,Marketable,Inflation-Protected Securities,91282CEJ6,2022-06-30,2027-04-15,0.125,null,739,3616.30479303,10/15,04/15,null,null,19371.6777,31,07,3,2026,0,null,0.362
2026-07-31,2026-07-31,2026,4,Marketable,Bills Maturity Value,912797TC1,2025-12-26,2026-12-24,null,134572.7102,74,0,12/26,null,null,null,52285.4122,31,07,3,2026,0,null,3.38
2026-07-31,2026-07-31,2026,4,Marketable,Inflation-Protected Securities,9128282L3,2017-07-31,2027-07-15,0.375,50239.13615475,740,5294.90169761,01/15,07/15,null,null,14321.7703,31,07,3,2026,0,null,0.489
2026-07-31,2026-07-31,2026,4,Marketable,Inflation-Protected Securities,9128282L3,2017-09-29,2027-07-15,0.375,null,741,4066.21513662,01/15,07/15,null,null,10998.391,31,07,3,2026,0,null,0.45
2026-07-31,2026-07-31,2026,4,Marketable,Inflation-Protected Securities,9128282L3,2017-11-30,2027-07-15,0.375,null,742,4199.35292052,01/15,07/15,null,null,11596.5051,31,07,3,2026,-238,null,0.512
2026-07-31,2026-07-31,2026,4,Marketable,Inflation-Protected Securities,91282CFR7,2022-10-31,2027-10-15,1.625,45211.13037932,743,2751.62305187,04/15,10/15,null,null,20993.5382,31,07,3,2026,0,null,1.732
2026-07-31,2026-07-31,2026,4,Marketable,Inflation-Protected Securities,91282CFR7,2022-12-30,2027-10-15,1.625,null,744,2487.50702745,04/15,10/15,null,null,18978.4621,31,07,3,2026,0,null,1.504
2026-07-31,2026-07-31,2026,4,Marketable,Inflation-Protected Securities,912810PV4,2008-01-31,2028-01-15,1.75,24758.44324762,745,5378.626995,07/15,01/15,null,null,8974.25,31,07,3,2026,0,null,1.807
2026-07-31,2026-07-31,2026,4,Marketable,Inflation-Protected Securities,912810PV4,2008-07-31,2028-01-15,1.75,null,746,3899.40355262,07/15,01/15,null,null,6660.1627,31,07,3,2026,-154,null,2.219
2026-07-31,2026-07-31,2026,4,Marketable,Inflation-Protected Securities,9128283R9,2018-01-31,2028-01-15,0.5,52481.9432405,747,5343.06662571,07/15,01/15,null,null,14910.6062,31,07,3,2026,0,null,0.548
2026-07-31,2026-07-31,2026,4,Marketable,Inflation-Protected Securities,9128283R9,2018-03-29,2028-01-15,0.5,null,748,3941.34088091,07/15,01/15,null,null,10998.8862,31,07,3,2026,0,null,0.764
2026-07-31,2026-07-31,2026,4,Marketable,Inflation-Protected Securities,9128283R9,2018-05-31,2028-01-15,0.5,null,749,4560.71193388,07/15,01/15,null,null,12910.3314,31,07,3,2026,-183,null,0.934
2026-07-31,2026-07-31,2026,4,Marketable,Bills Maturity Value,912797TC1,2026-06-25,2026-12-24,null,null,75,0,12/26,null,null,null,82287.298,31,07,3,2026,0,null,3.84
2026-07-31,2026-07-31,2026,4,Marketable,Inflation-Protected Securities,912810FD5,1998-04-15,2028-04-15,3.625,34629.35433046,750,8978.6957457,10/15,04/15,null,null,8404.01,31,07,3,2026,-25,null,3.74
2026-07-31,2026-07-31,2026,4,Marketable,Inflation-Protected Securities,912810FD5,1998-07-15,2028-04-15,3.625,null,751,8934.18058476,10/15,04/15,null,null,8404.468,31,07,3,2026,-67,null,3.68
2026-07-31,2026-07-31,2026,4,Marketable,Inflation-Protected Securities,91282CGW5,2023-04-28,2028-04-15,1.25,44559.001844,752,2455.53367999,10/15,04/15,null,null,20980.2946,31,07,3,2026,0,null,1.32
2026-07-31,2026-07-31,2026,4,Marketable,Inflation-Protected Securities,91282CGW5,2023-06-30,2028-04-15,1.25,null,753,2213.22086401,10/15,04/15,null,null,18989.9527,31,07,3,2026,-80,null,1.832
2026-07-31,2026-07-31,2026,4,Marketable,Inflation-Protected Securities,912828Y38,2018-07-31,2028-07-15,0.75,48584.41081055,754,4588.59916494,01/15,07/15,null,null,13705.9027,31,07,3,2026,0,null,0.762
2026-07-31,2026-07-31,2026,4,Marketable,Inflation-Protected Securities,912828Y38,2018-09-28,2028-07-15,0.75,null,755,3682.65565055,01/15,07/15,null,null,10999.8974,31,07,3,2026,0,null,0.91
2026-07-31,2026-07-31,2026,4,Marketable,Inflation-Protected Securities,912828Y38,2018-11-30,2028-07-15,0.75,null,756,3914.61329506,01/15,07/15,null,null,11965.7426,31,07,3,2026,-273,null,1.109
2026-07-31,2026-07-31,2026,4,Marketable,Inflation-Protected Securities,91282CJH5,2023-10-31,2028-10-15,2.375,45869.99587968,757,2065.69090698,04/15,10/15,null,null,21998.8382,31,07,3,2026,0,null,2.44
2026-07-31,2026-07-31,2026,4,Marketable,Inflation-Protected Securities,91282CJH5,2023-12-29,2028-10-15,2.375,null,758,1871.7737727,04/15,10/15,null,null,19998.693,31,07,3,2026,-65,null,1.71
2026-07-31,2026-07-31,2026,4,Marketable,Inflation-Protected Securities,912810PZ5,2009-01-30,2029-01-15,2.5,22008.09099829,759,4484.6287884,07/15,01/15,null,null,7999.98,31,07,3,2026,0,null,2.5
2026-07-31,2026-07-31,2026,4,Marketable,Bills Maturity Value,912797VJ3,2026-07-02,2026-12-31,null,84117.2794,76,0,12/26,null,null,null,84117.2794,31,07,3,2026,0,null,3.84
2026-07-31,2026-07-31,2026,4,Marketable,Inflation-Protected Securities,912810PZ5,2009-07-31,2029-01-15,2.5,null,760,3420.95480989,07/15,01/15,null,null,6150.5274,31,07,3,2026,-48,null,2.387
2026-07-31,2026-07-31,2026,4,Marketable,Inflation-Protected Securities,9128285W6,2019-01-31,2029-01-15,0.875,47975.78068992,761,4250.22199433,07/15,01/15,null,null,13000.0061,31,07,3,2026,0,null,0.919
2026-07-31,2026-07-31,2026,4,Marketable,Inflation-Protected Securities,9128285W6,2019-03-29,2029-01-15,0.875,null,762,3596.27484086,07/15,01/15,null,null,10999.8007,31,07,3,2026,0,null,0.578
2026-07-31,2026-07-31,2026,4,Marketable,Inflation-Protected Securities,9128285W6,2019-05-31,2029-01-15,0.875,null,763,3974.08415473,07/15,01/15,null,null,12155.3929,31,07,3,2026,0,null,0.567
2026-07-31,2026-07-31,2026,4,Marketable,Inflation-Protected Securities,912810FH6,1999-04-15,2029-04-15,3.875,39278.64569952,764,7397.52544034,10/15,04/15,null,null,7351.018,31,07,3,2026,-225.2,null,3.899
2026-07-31,2026-07-31,2026,4,Marketable,Inflation-Protected Securities,912810FH6,1999-10-15,2029-04-15,3.875,null,765,7651.30670014,10/15,04/15,null,null,7370.278,31,07,3,2026,0,null,4.138
2026-07-31,2026-07-31,2026,4,Marketable,Inflation-Protected Securities,912810FH6,2000-10-16,2029-04-15,3.875,null,766,4957.90955904,10/15,04/15,null,null,5000.808,31,07,3,2026,-225,null,3.953
2026-07-31,2026-07-31,2026,4,Marketable,Inflation-Protected Securities,91282CKL4,2024-04-30,2029-04-15,2.125,46514.53509861,767,1922.80825674,10/15,04/15,null,null,23099.5706,31,07,3,2026,0,null,2.242
2026-07-31,2026-07-31,2026,4,Marketable,Inflation-Protected Securities,91282CKL4,2024-06-28,2029-04-15,2.125,null,768,1651.53344187,10/15,04/15,null,null,20999.6228,31,07,3,2026,-1159,null,2.05
2026-07-31,2026-07-31,2026,4,Marketable,Inflation-Protected Securities,9128287D6,2019-07-31,2029-07-15,0.25,52069.54568196,769,4510.20444418,01/15,07/15,null,null,14555.6201,31,07,3,2026,0,null,0.282
2026-07-31,2026-07-31,2026,4,Marketable,Bills Maturity Value,912797VS3,2026-07-09,2027-01-07,null,83180.851,77,0,01/27,null,null,null,83180.851,31,07,3,2026,0,null,3.83
2026-07-31,2026-07-31,2026,4,Marketable,Inflation-Protected Securities,9128287D6,2019-09-30,2029-07-15,0.25,null,770,4104.57607596,01/15,07/15,null,null,13246.5503,31,07,3,2026,0,null,0.174
2026-07-31,2026-07-31,2026,4,Marketable,Inflation-Protected Securities,9128287D6,2019-11-29,2029-07-15,0.25,null,771,3702.77206182,01/15,07/15,null,null,11999.8227,31,07,3,2026,-50,null,0.149
2026-07-31,2026-07-31,2026,4,Marketable,Inflation-Protected Securities,91282CLV1,2024-10-31,2029-10-15,1.625,49359.33767481,772,1582.15783552,04/15,10/15,null,null,24404.7175,31,07,3,2026,0,null,1.67
2026-07-31,2026-07-31,2026,4,Marketable,Inflation-Protected Securities,91282CLV1,2024-12-31,2029-10-15,1.625,null,773,1422.98463929,04/15,10/15,null,null,22204.4777,31,07,3,2026,-255,null,2.121
2026-07-31,2026-07-31,2026,4,Marketable,Inflation-Protected Securities,912828Z37,2020-01-31,2030-01-15,0.125,53391.60406566,774,4668.78763085,07/15,01/15,null,null,15445.2416,31,07,3,2026,0,null,0.036
2026-07-31,2026-07-31,2026,4,Marketable,Inflation-Protected Securities,912828Z37,2020-03-31,2030-01-15,0.125,null,775,4115.03346276,07/15,01/15,null,null,13613.317,31,07,3,2026,0,null,0.68
2026-07-31,2026-07-31,2026,4,Marketable,Inflation-Protected Securities,912828Z37,2020-05-29,2030-01-15,0.125,null,776,3609.22347205,07/15,01/15,null,null,12000.0009,31,07,3,2026,-60,null,-0.47
2026-07-31,2026-07-31,2026,4,Marketable,Inflation-Protected Securities,91282CNB3,2025-04-30,2030-04-15,1.625,54140.4314779,777,1403.39021314,10/15,04/15,null,null,26710.891,31,07,3,2026,0,null,1.702
2026-07-31,2026-07-31,2026,4,Marketable,Inflation-Protected Securities,91282CNB3,2025-06-30,2030-04-15,1.625,null,778,1299.15626476,10/15,04/15,null,null,25287.994,31,07,3,2026,-561,null,1.65
2026-07-31,2026-07-31,2026,4,Marketable,Inflation-Protected Securities,912828ZZ6,2020-07-31,2030-07-15,0.125,54862.66194738,779,4783.2397549,01/15,07/15,null,null,15590.2342,31,07,3,2026,0,null,-0.93
2026-07-31,2026-07-31,2026,4,Marketable,Bills Maturity Value,912797VT1,2026-07-16,2027-01-14,null,82201.2707,78,0,01/27,null,null,null,82201.2707,31,07,3,2026,0,null,3.86
2026-07-31,2026-07-31,2026,4,Marketable,Inflation-Protected Securities,912828ZZ6,2020-09-30,2030-07-15,0.125,null,780,4185.5903506,01/15,07/15,null,null,13642.2879,31,07,3,2026,0,null,-0.966
2026-07-31,2026-07-31,2026,4,Marketable,Inflation-Protected Securities,912828ZZ6,2020-11-30,2030-07-15,0.125,null,781,3911.70594188,01/15,07/15,null,null,13664.6038,31,07,3,2026,-915,null,-0.867
2026-07-31,2026-07-31,2026,4,Marketable,Inflation-Protected Securities,91282CPH8,2025-10-31,2030-10-15,1.125,55913.30775244,782,984.41789878,04/15,10/15,null,null,27482.3534,31,07,3,2026,0,null,1.182
2026-07-31,2026-07-31,2026,4,Marketable,Inflation-Protected Securities,91282CPH8,2025-12-31,2030-10-15,1.125,null,783,949.13685366,04/15,10/15,null,null,26557.3996,31,07,3,2026,-60,null,1.433
2026-07-31,2026-07-31,2026,4,Marketable,Inflation-Protected Securities,91282CBF7,2021-01-29,2031-01-15,0.125,55259.17777321,784,4306.43262902,07/15,01/15,null,null,14999.2429,31,07,3,2026,0,null,-0.987
2026-07-31,2026-07-31,2026,4,Marketable,Inflation-Protected Securities,91282CBF7,2021-03-31,2031-01-15,0.125,null,785,4402.4452851,07/15,01/15,null,null,15333.6536,31,07,3,2026,0,null,-0.58
2026-07-31,2026-07-31,2026,4,Marketable,Inflation-Protected Securities,91282CBF7,2021-05-28,2031-01-15,0.125,null,786,3617.54525909,07/15,01/15,null,null,12999.8581,31,07,3,2026,-400,null,-0.805
2026-07-31,2026-07-31,2026,4,Marketable,Inflation-Protected Securities,91282CQP9,2026-04-30,2031-04-15,1.25,58449.7520276,787,816.09996421,10/15,04/15,null,null,29271.8782,31,07,3,2026,0,null,1.367
2026-07-31,2026-07-31,2026,4,Marketable,Inflation-Protected Securities,91282CQP9,2026-06-30,2031-04-15,1.25,null,788,769.27876339,10/15,04/15,null,null,27592.4951,31,07,3,2026,0,null,1.955
2026-07-31,2026-07-31,2026,4,Marketable,Inflation-Protected Securities,91282CCM1,2021-07-30,2031-07-15,0.125,57406.83185668,789,4001.6847419,01/15,07/15,null,null,15999.6991,31,07,3,2026,0,null,-1.016
2026-07-31,2026-07-31,2026,4,Marketable,Bills Maturity Value,912797TM9,2026-01-22,2027-01-21,null,135964.8415,79,0,01/27,null,null,null,52160.0614,31,07,3,2026,0,null,3.39
2026-07-31,2026-07-31,2026,4,Marketable,Inflation-Protected Securities,91282CCM1,2021-09-30,2031-07-15,0.125,null,790,3923.03835271,01/15,07/15,null,null,15685.2519,31,07,3,2026,0,null,-0.939
2026-07-31,2026-07-31,2026,4,Marketable,Inflation-Protected Securities,91282CCM1,2021-11-30,2031-07-15,0.125,null,791,3560.68436207,01/15,07/15,null,null,15153.4734,31,07,3,2026,-917,null,-1.145
2026-07-31,2026-07-31,2026,4,Marketable,Inflation-Protected Securities,91282CDX6,2022-01-31,2032-01-15,0.125,60575.29803945,792,3838.05350213,07/15,01/15,null,null,18390.2899,31,07,3,2026,0,null,-0.54
2026-07-31,2026-07-31,2026,4,Marketable,Inflation-Protected Securities,91282CDX6,2022-03-31,2032-01-15,0.125,null,793,3465.56695259,07/15,01/15,null,null,16605.4957,31,07,3,2026,0,null,-0.589
2026-07-31,2026-07-31,2026,4,Marketable,Inflation-Protected Securities,91282CDX6,2022-05-31,2032-01-15,0.125,null,794,3155.60408473,07/15,01/15,null,null,16104.2879,31,07,3,2026,-984,null,0.232
2026-07-31,2026-07-31,2026,4,Marketable,Inflation-Protected Securities,912810FQ6,2001-10-15,2032-04-15,3.375,9461.24515305,795,4449.01015305,04/15,10/15,null,null,5012.235,31,07,3,2026,0,null,3.465
2026-07-31,2026-07-31,2026,4,Marketable,Inflation-Protected Securities,91282CEZ0,2022-07-29,2032-07-15,0.625,54850.73351165,796,2603.21387963,01/15,07/15,null,null,16994.4763,31,07,3,2026,0,null,0.63
2026-07-31,2026-07-31,2026,4,Marketable,Inflation-Protected Securities,91282CEZ0,2022-09-30,2032-07-15,0.625,null,797,2296.14321634,01/15,07/15,null,null,14989.8369,31,07,3,2026,0,null,1.248
2026-07-31,2026-07-31,2026,4,Marketable,Inflation-Protected Securities,91282CEZ0,2022-11-30,2032-07-15,0.625,null,798,2386.61331568,01/15,07/15,null,null,16620.4499,31,07,3,2026,-1040,null,1.485
2026-07-31,2026-07-31,2026,4,Marketable,Inflation-Protected Securities,91282CGK1,2023-01-31,2033-01-15,1.125,55618.67758665,799,2120.4776923,07/15,01/15,null,null,16989.6458,31,07,3,2026,0,null,1.22
2026-07-31,2026-07-31,2026,4,Marketable,Bills Maturity Value,912797UT2,2026-04-14,2026-08-11,null,255989.3575,8,0,08/26,null,null,null,69768.487,31,07,3,2026,0,null,3.6
2026-07-31,2026-07-31,2026,4,Marketable,Bills Maturity Value,912797TM9,2026-07-23,2027-01-21,null,null,80,0,01/27,null,null,null,83804.7801,31,07,3,2026,0,null,3.835
2026-07-31,2026-07-31,2026,4,Marketable,Inflation-Protected Securities,91282CGK1,2023-03-31,2033-01-15,1.125,null,800,1872.10777678,07/15,01/15,null,null,14999.6617,31,07,3,2026,0,null,1.182
2026-07-31,2026-07-31,2026,4,Marketable,Inflation-Protected Securities,91282CGK1,2023-05-31,2033-01-15,1.125,null,801,2178.91651757,07/15,01/15,null,null,17816.8681,31,07,3,2026,-359,null,1.395
2026-07-31,2026-07-31,2026,4,Marketable,Inflation-Protected Securities,91282CHP9,2023-07-31,2033-07-15,1.375,51550.63139851,802,1740.09678946,01/15,07/15,null,null,16859.7693,31,07,3,2026,0,null,1.495
2026-07-31,2026-07-31,2026,4,Marketable,Inflation-Protected Securities,91282CHP9,2023-09-29,2033-07-15,1.375,null,803,1547.11572227,01/15,07/15,null,null,14989.9789,31,07,3,2026,0,null,2.094
2026-07-31,2026-07-31,2026,4,Marketable,Inflation-Protected Securities,91282CHP9,2023-11-30,2033-07-15,1.375,null,804,1535.56888678,01/15,07/15,null,null,15163.1018,31,07,3,2026,-285,null,2.18
2026-07-31,2026-07-31,2026,4,Marketable,Inflation-Protected Securities,91282CJY8,2024-01-31,2034-01-15,1.75,55478.30988,805,1619.978706,07/15,01/15,null,null,17999.7634,31,07,3,2026,0,null,1.81
2026-07-31,2026-07-31,2026,4,Marketable,Inflation-Protected Securities,91282CJY8,2024-03-28,2034-01-15,1.75,null,806,1439.918046,07/15,01/15,null,null,15999.0894,31,07,3,2026,0,null,1.932
2026-07-31,2026-07-31,2026,4,Marketable,Inflation-Protected Securities,91282CJY8,2024-05-31,2034-01-15,1.75,null,807,1520.881128,07/15,01/15,null,null,16948.6792,31,07,3,2026,-50,null,2.184
2026-07-31,2026-07-31,2026,4,Marketable,Inflation-Protected Securities,91282CLE9,2024-07-31,2034-07-15,1.875,58014.18466066,808,1357.66059146,01/15,07/15,null,null,20027.4464,31,07,3,2026,0,null,1.883
2026-07-31,2026-07-31,2026,4,Marketable,Inflation-Protected Securities,91282CLE9,2024-09-30,2034-07-15,1.875,null,809,1176.20215656,01/15,07/15,null,null,17350.6735,31,07,3,2026,0,null,1.592
2026-07-31,2026-07-31,2026,4,Marketable,Bills Maturity Value,912797VU8,2026-07-30,2027-01-28,null,84549.7629,81,0,01/27,null,null,null,84549.7629,31,07,3,2026,0,null,3.945
2026-07-31,2026-07-31,2026,4,Marketable,Inflation-Protected Securities,91282CLE9,2024-11-29,2034-07-15,1.875,null,810,1149.24121264,01/15,07/15,null,null,16989.9608,31,07,3,2026,-37,null,2.071
2026-07-31,2026-07-31,2026,4,Marketable,Inflation-Protected Securities,91282CML2,2025-01-31,2035-01-15,2.125,61039.94213071,811,1302.31043406,07/15,01/15,null,null,21110.5598,31,07,3,2026,0,null,2.243
2026-07-31,2026-07-31,2026,4,Marketable,Inflation-Protected Securities,91282CML2,2025-03-31,2035-01-15,2.125,null,812,1143.19746393,07/15,01/15,null,null,18531.3254,31,07,3,2026,0,null,1.935
2026-07-31,2026-07-31,2026,4,Marketable,Inflation-Protected Securities,91282CML2,2025-05-30,2035-01-15,2.125,null,813,1101.24683272,07/15,01/15,null,null,17983.3022,31,07,3,2026,-132,null,2.22
2026-07-31,2026-07-31,2026,4,Marketable,Inflation-Protected Securities,91282CNS6,2025-07-31,2035-07-15,1.875,64003.43698907,814,975.02967003,01/15,07/15,null,null,22429.9441,31,07,3,2026,0,null,1.985
2026-07-31,2026-07-31,2026,4,Marketable,Inflation-Protected Securities,91282CNS6,2025-09-30,2035-07-15,1.875,null,815,871.52349211,01/15,07/15,null,null,20048.8496,31,07,3,2026,0,null,1.734
2026-07-31,2026-07-31,2026,4,Marketable,Inflation-Protected Securities,91282CNS6,2025-11-28,2035-07-15,1.875,null,816,819.77112693,01/15,07/15,null,null,18996.319,31,07,3,2026,-138,null,1.843
2026-07-31,2026-07-31,2026,4,Marketable,Inflation-Protected Securities,91282CPU9,2026-01-30,2036-01-15,1.875,62861.10148378,817,654.14287912,07/15,01/15,null,null,20999.7714,31,07,3,2026,0,null,1.94
2026-07-31,2026-07-31,2026,4,Marketable,Inflation-Protected Securities,91282CPU9,2026-03-31,2036-01-15,1.875,null,818,652.97436162,07/15,01/15,null,null,20962.2588,31,07,3,2026,0,null,1.896
2026-07-31,2026-07-31,2026,4,Marketable,Inflation-Protected Securities,91282CPU9,2026-05-29,2036-01-15,1.875,null,819,591.85314304,07/15,01/15,null,null,19000.1009,31,07,3,2026,0,null,2.169
2026-07-31,2026-07-31,2026,4,Marketable,Bills Maturity Value,912797TV9,2026-02-19,2027-02-18,null,52280.1746,82,0,02/27,null,null,null,52280.1746,31,07,3,2026,0,null,3.345
2026-07-31,2026-07-31,2026,4,Marketable,Inflation-Protected Securities,91282CRE3,2026-07-31,2036-07-15,2.375,23397.25374176,820,75.79474176,01/15,07/15,null,null,23321.459,31,07,3,2026,0,null,2.438
2026-07-31,2026-07-31,2026,4,Marketable,Inflation-Protected Securities,912810QF8,2010-02-26,2040-02-15,2.125,23246.93348542,821,4401.40814458,08/15,02/15,null,null,7999.9421,31,07,3,2026,0,null,2.229
2026-07-31,2026-07-31,2026,4,Marketable,Inflation-Protected Securities,912810QF8,2010-08-31,2040-02-15,2.125,null,822,3849.24524084,08/15,02/15,null,null,7171.338,31,07,3,2026,-175,null,1.768
2026-07-31,2026-07-31,2026,4,Marketable,Inflation-Protected Securities,912810QP6,2011-02-28,2041-02-15,2.125,36665.925363,823,5032.062104,08/15,02/15,null,null,9494.4568,31,07,3,2026,0,null,2.19
2026-07-31,2026-07-31,2026,4,Marketable,Inflation-Protected Securities,912810QP6,2011-06-30,2041-02-15,2.125,null,824,3829.253551,08/15,02/15,null,null,7225.0067,31,07,3,2026,0,null,1.744
2026-07-31,2026-07-31,2026,4,Marketable,Inflation-Protected Securities,912810QP6,2011-10-31,2041-02-15,2.125,null,825,3839.952608,08/15,02/15,null,null,7265.1936,31,07,3,2026,-20,null,0.999
2026-07-31,2026-07-31,2026,4,Marketable,Inflation-Protected Securities,912810QV3,2012-02-29,2042-02-15,0.75,33621.99578276,826,4406.80281772,08/15,02/15,null,null,9127.5949,31,07,3,2026,0,null,0.77
2026-07-31,2026-07-31,2026,4,Marketable,Inflation-Protected Securities,912810QV3,2012-06-29,2042-02-15,0.75,null,827,3379.60661436,08/15,02/15,null,null,7000.0137,31,07,3,2026,0,null,0.52
2026-07-31,2026-07-31,2026,4,Marketable,Inflation-Protected Securities,912810QV3,2012-10-31,2042-02-15,0.75,null,828,3160.91965068,08/15,02/15,null,null,7000.0581,31,07,3,2026,-453,null,0.479
2026-07-31,2026-07-31,2026,4,Marketable,Inflation-Protected Securities,912810RA8,2013-02-28,2043-02-15,0.625,33446.89723359,829,4115.98893347,08/15,02/15,null,null,9000.0414,31,07,3,2026,0,null,0.639
2026-07-31,2026-07-31,2026,4,Marketable,Bills Maturity Value,912797UD7,2026-03-19,2027-03-18,null,54006.5571,83,0,03/27,null,null,null,54006.5571,31,07,3,2026,0,null,3.485
2026-07-31,2026-07-31,2026,4,Marketable,Inflation-Protected Securities,912810RA8,2013-06-28,2043-02-15,0.625,null,830,3201.30853654,08/15,02/15,null,null,6999.9968,31,07,3,2026,0,null,1.42
2026-07-31,2026-07-31,2026,4,Marketable,Inflation-Protected Securities,912810RA8,2013-10-31,2043-02-15,0.625,null,831,3178.79436358,08/15,02/15,null,null,6999.7672,31,07,3,2026,-49,null,1.33
2026-07-31,2026-07-31,2026,4,Marketable,Inflation-Protected Securities,912810RF7,2014-02-28,2044-02-15,1.375,32945.98169592,832,3949.83977565,08/15,02/15,null,null,9025.3171,31,07,3,2026,0,null,1.495
2026-07-31,2026-07-31,2026,4,Marketable,Inflation-Protected Securities,912810RF7,2014-06-30,2044-02-15,1.375,null,833,3063.2178974,08/15,02/15,null,null,6999.4011,31,07,3,2026,0,null,1.116
2026-07-31,2026-07-31,2026,4,Marketable,Inflation-Protected Securities,912810RF7,2014-10-31,2044-02-15,1.375,null,834,3016.21212287,08/15,02/15,null,null,6992.9937,31,07,3,2026,-101,null,0.985
2026-07-31,2026-07-31,2026,4,Marketable,Inflation-Protected Securities,912810RL4,2015-02-27,2045-02-15,0.75,32547.68379007,835,3805.65059199,08/15,02/15,null,null,9000.0014,31,07,3,2026,0,null,0.842
2026-07-31,2026-07-31,2026,4,Marketable,Inflation-Protected Securities,912810RL4,2015-06-30,2045-02-15,0.75,null,836,2959.9463635,08/15,02/15,null,null,6999.9914,31,07,3,2026,0,null,1.142
2026-07-31,2026-07-31,2026,4,Marketable,Inflation-Protected Securities,912810RL4,2015-10-30,2045-02-15,0.75,null,837,2907.09383458,08/15,02/15,null,null,7000.0002,31,07,3,2026,-125,null,1.2
2026-07-31,2026-07-31,2026,4,Marketable,Inflation-Protected Securities,912810RR1,2016-02-29,2046-02-15,1,28642.97062866,838,3869.91188431,08/15,02/15,null,null,9346.033,31,07,3,2026,0,null,1.12
2026-07-31,2026-07-31,2026,4,Marketable,Inflation-Protected Securities,912810RR1,2016-06-30,2046-02-15,1,null,839,2372.3726166,08/15,02/15,null,null,5729.3999,31,07,3,2026,0,null,0.905
2026-07-31,2026-07-31,2026,4,Marketable,Bills Maturity Value,912797UE5,2026-04-16,2027-04-15,null,51972.9225,84,0,04/27,null,null,null,51972.9225,31,07,3,2026,0,null,3.56
2026-07-31,2026-07-31,2026,4,Marketable,Inflation-Protected Securities,912810RR1,2016-10-31,2046-02-15,1,null,840,2144.99112775,08/15,02/15,null,null,5302.2621,31,07,3,2026,-122,null,0.666
2026-07-31,2026-07-31,2026,4,Marketable,Inflation-Protected Securities,912810RW0,2017-02-28,2047-02-15,0.875,25817.42627676,841,3091.88426368,08/15,02/15,null,null,7968.5685,31,07,3,2026,0,null,0.923
2026-07-31,2026-07-31,2026,4,Marketable,Inflation-Protected Securities,912810RW0,2017-06-30,2047-02-15,0.875,null,842,2175.83545118,08/15,02/15,null,null,5607.6788,31,07,3,2026,0,null,0.88
2026-07-31,2026-07-31,2026,4,Marketable,Inflation-Protected Securities,912810RW0,2017-10-31,2047-02-15,0.875,null,843,1949.3893619,08/15,02/15,null,null,5125.0699,31,07,3,2026,-101,null,0.908
2026-07-31,2026-07-31,2026,4,Marketable,Inflation-Protected Securities,912810SB5,2018-02-28,2048-02-15,1,25275.65795885,844,3123.22297859,08/15,02/15,null,null,8706.5761,31,07,3,2026,0,null,1.003
2026-07-31,2026-07-31,2026,4,Marketable,Inflation-Protected Securities,912810SB5,2018-06-29,2048-02-15,1,null,845,1793.5898841,08/15,02/15,null,null,4999.9718,31,07,3,2026,0,null,0.934
2026-07-31,2026-07-31,2026,4,Marketable,Inflation-Protected Securities,912810SB5,2018-10-31,2048-02-15,1,null,846,1756.29419616,08/15,02/15,null,null,5000.003,31,07,3,2026,-104,null,1.235
2026-07-31,2026-07-31,2026,4,Marketable,Inflation-Protected Securities,912810SG4,2019-02-28,2049-02-15,1,20021.93664156,847,2779.71158206,08/15,02/15,null,null,8385.0007,31,07,3,2026,0,null,1.093
2026-07-31,2026-07-31,2026,4,Marketable,Inflation-Protected Securities,912810SG4,2019-08-30,2049-02-15,1,null,848,2205.2094595,08/15,02/15,null,null,7000.0149,31,07,3,2026,-348,null,0.501
2026-07-31,2026-07-31,2026,4,Marketable,Inflation-Protected Securities,912810SM1,2020-02-28,2050-02-15,0.25,20136.27580119,849,2425.84069743,08/15,02/15,null,null,8000.0023,31,07,3,2026,0,null,0.261
2026-07-31,2026-07-31,2026,4,Marketable,Bills Maturity Value,912797UX3,2026-05-14,2027-05-13,null,53134.4717,85,0,05/27,null,null,null,53134.4717,31,07,3,2026,0,null,3.65
2026-07-31,2026-07-31,2026,4,Marketable,Inflation-Protected Securities,912810SM1,2020-08-31,2050-02-15,0.25,null,850,2259.38210376,08/15,02/15,null,null,7608.0507,31,07,3,2026,-157,null,-0.272
2026-07-31,2026-07-31,2026,4,Marketable,Inflation-Protected Securities,912810SV1,2021-02-26,2051-02-15,0.125,22558.6475759,851,2580.93391535,08/15,02/15,null,null,8994.995,31,07,3,2026,0,null,-0.04
2026-07-31,2026-07-31,2026,4,Marketable,Inflation-Protected Securities,912810SV1,2021-08-31,2051-02-15,0.125,null,852,2448.67356055,08/15,02/15,null,null,9004.0451,31,07,3,2026,-470,null,-0.292
2026-07-31,2026-07-31,2026,4,Marketable,Inflation-Protected Securities,912810TE8,2022-02-28,2052-02-15,0.125,23558.24396632,853,2145.18548277,08/15,02/15,null,null,10535.757,31,07,3,2026,0,null,0.195
2026-07-31,2026-07-31,2026,4,Marketable,Inflation-Protected Securities,912810TE8,2022-08-31,2052-02-15,0.125,null,854,1840.07058355,08/15,02/15,null,null,9041.2309,31,07,3,2026,-4,null,0.92
2026-07-31,2026-07-31,2026,4,Marketable,Inflation-Protected Securities,912810TP3,2023-02-28,2053-02-15,1.5,21400.38086263,855,1404.33298157,08/15,02/15,null,null,11042.9581,31,07,3,2026,0,null,1.55
2026-07-31,2026-07-31,2026,4,Marketable,Inflation-Protected Securities,912810TP3,2023-08-31,2053-02-15,1.5,null,856,1010.10888106,08/15,02/15,null,null,8820.9809,31,07,3,2026,-878,null,1.97
2026-07-31,2026-07-31,2026,4,Marketable,Inflation-Protected Securities,912810TY4,2024-02-29,2054-02-15,2.125,18879.59355696,857,860.30247292,08/15,02/15,null,null,9378.6381,31,07,3,2026,0,null,2.2
2026-07-31,2026-07-31,2026,4,Marketable,Inflation-Protected Securities,912810TY4,2024-08-30,2054-02-15,2.125,null,858,726.01018404,08/15,02/15,null,null,7989.6428,31,07,3,2026,-75,null,2.055
2026-07-31,2026-07-31,2026,4,Marketable,Inflation-Protected Securities,912810UH9,2025-02-28,2055-02-15,2.375,19012.93331125,859,612.44437254,08/15,02/15,null,null,9906.897,31,07,3,2026,0,null,2.403
2026-07-31,2026-07-31,2026,4,Marketable,Bills Maturity Value,912797VF1,2026-06-11,2027-06-10,null,53211.1805,86,0,06/27,null,null,null,53211.1805,31,07,3,2026,0,null,3.75
2026-07-31,2026-07-31,2026,4,Marketable,Inflation-Protected Securities,912810UH9,2025-08-29,2055-02-15,2.375,null,860,494.50363871,08/15,02/15,null,null,7999.0883,31,07,3,2026,0,null,2.65
2026-07-31,2026-07-31,2026,4,Marketable,Inflation-Protected Securities,912810US5,2026-02-27,2056-02-15,2.375,9304.51988701,861,304.55868701,08/15,02/15,null,null,8999.9612,31,07,3,2026,0,null,2.473
2026-07-31,2026-07-31,2026,4,Marketable,Inflation-Protected Securities,Total Treasury TIPS,null,null,null,2150190.98064321,862,394147.91764321,null,null,null,null,1769022.263,31,07,3,2026,-12979.2,null,null
2026-07-31,2026-07-31,2026,4,Marketable,Floating Rate Notes,91282CLT6,2024-10-31,2026-10-31,null,86502.1034,863,0,01/31,04/30,07/31,10/31,30504.0418,31,07,3,2026,0,null,0.205
2026-07-31,2026-07-31,2026,4,Marketable,Floating Rate Notes,91282CLT6,2024-11-29,2026-10-31,null,null,864,0,01/31,04/30,07/31,10/31,27999.8308,31,07,3,2026,0,null,0.17
2026-07-31,2026-07-31,2026,4,Marketable,Floating Rate Notes,91282CLT6,2024-12-27,2026-10-31,null,null,865,0,01/31,04/30,07/31,10/31,27998.2308,31,07,3,2026,0,null,0.14
2026-07-31,2026-07-31,2026,4,Marketable,Floating Rate Notes,91282CMJ7,2025-01-31,2027-01-31,null,90485.8761,866,0,04/30,07/31,10/31,01/31,31665.7578,31,07,3,2026,0,null,0.098
2026-07-31,2026-07-31,2026,4,Marketable,Floating Rate Notes,91282CMJ7,2025-02-28,2027-01-31,null,null,867,0,04/30,07/31,10/31,01/31,30821.6126,31,07,3,2026,0,null,0.09
2026-07-31,2026-07-31,2026,4,Marketable,Floating Rate Notes,91282CMJ7,2025-03-28,2027-01-31,null,null,868,0,04/30,07/31,10/31,01/31,27998.5057,31,07,3,2026,0,null,0.105
2026-07-31,2026-07-31,2026,4,Marketable,Floating Rate Notes,91282CMX6,2025-04-30,2027-04-30,null,88044.1355,869,0,07/31,10/31,01/31,04/30,32054.4308,31,07,3,2026,0,null,0.16
2026-07-31,2026-07-31,2026,4,Marketable,Bills Maturity Value,912797VQ7,2026-07-09,2027-07-08,null,54760.4049,87,0,07/27,null,null,null,54760.4049,31,07,3,2026,0,null,3.86
2026-07-31,2026-07-31,2026,4,Marketable,Floating Rate Notes,91282CMX6,2025-05-30,2027-04-30,null,null,870,0,07/31,10/31,01/31,04/30,27989.8686,31,07,3,2026,0,null,0.144
2026-07-31,2026-07-31,2026,4,Marketable,Floating Rate Notes,91282CMX6,2025-06-27,2027-04-30,null,null,871,0,07/31,10/31,01/31,04/30,27999.8361,31,07,3,2026,0,null,0.157
2026-07-31,2026-07-31,2026,4,Marketable,Floating Rate Notes,91282CNQ0,2025-07-31,2027-07-31,null,88040.9173,872,0,10/31,01/31,04/30,07/31,32042.8178,31,07,3,2026,0,null,0.159
2026-07-31,2026-07-31,2026,4,Marketable,Floating Rate Notes,91282CNQ0,2025-08-29,2027-07-31,null,null,873,0,10/31,01/31,04/30,07/31,27999.9758,31,07,3,2026,0,null,0.195
2026-07-31,2026-07-31,2026,4,Marketable,Floating Rate Notes,91282CNQ0,2025-09-26,2027-07-31,null,null,874,0,10/31,01/31,04/30,07/31,27998.1237,31,07,3,2026,0,null,0.2
2026-07-31,2026-07-31,2026,4,Marketable,Floating Rate Notes,91282CPG0,2025-10-31,2027-10-31,null,87722.0301,875,0,01/31,04/30,07/31,10/31,31722.3762,31,07,3,2026,0,null,0.19
2026-07-31,2026-07-31,2026,4,Marketable,Floating Rate Notes,91282CPG0,2025-11-28,2027-10-31,null,null,876,0,01/31,04/30,07/31,10/31,27999.9308,31,07,3,2026,0,null,0.168
2026-07-31,2026-07-31,2026,4,Marketable,Floating Rate Notes,91282CPG0,2025-12-26,2027-10-31,null,null,877,0,01/31,04/30,07/31,10/31,27999.7231,31,07,3,2026,0,null,0.139
2026-07-31,2026-07-31,2026,4,Marketable,Floating Rate Notes,91282CPX3,2026-02-02,2028-01-31,null,88107.3578,878,0,04/30,07/31,10/31,01/31,32113.6599,31,07,3,2026,0,null,0.099
2026-07-31,2026-07-31,2026,4,Marketable,Floating Rate Notes,91282CPX3,2026-02-27,2028-01-31,null,null,879,0,04/30,07/31,10/31,01/31,27998.8717,31,07,3,2026,0,null,0.099
2026-07-31,2026-07-31,2026,4,Marketable,Bills Maturity Value,Total Unmatured Treasury Bills,null,null,null,6988890.5479,88,0,null,null,null,null,6988890.5479,31,07,3,2026,0,null,null
2026-07-31,2026-07-31,2026,4,Marketable,Floating Rate Notes,91282CPX3,2026-03-27,2028-01-31,null,null,880,0,04/30,07/31,10/31,01/31,27994.8262,31,07,3,2026,0,null,0.115
2026-07-31,2026-07-31,2026,4,Marketable,Floating Rate Notes,91282CQM6,2026-04-30,2028-04-30,null,89756.8559,881,0,07/31,10/31,01/31,04/30,33775.5466,31,07,3,2026,0,null,0.103
2026-07-31,2026-07-31,2026,4,Marketable,Floating Rate Notes,91282CQM6,2026-05-29,2028-04-30,null,null,882,0,07/31,10/31,01/31,04/30,27995.6914,31,07,3,2026,0,null,0.089
2026-07-31,2026-07-31,2026,4,Marketable,Floating Rate Notes,91282CQM6,2026-06-26,2028-04-30,null,null,883,0,07/31,10/31,01/31,04/30,27985.6179,31,07,3,2026,0,null,0.079
2026-07-31,2026-07-31,2026,4,Marketable,Floating Rate Notes,91282CRD5,2026-07-31,2028-07-31,null,33316.7287,884,0,10/31,01/31,04/30,07/31,33316.7287,31,07,3,2026,0,null,0.05
2026-07-31,2026-07-31,2026,4,Marketable,Floating Rate Notes,Total Treasury Floating Rate Notes,null,null,null,651976.0048,885,0,null,null,null,null,651976.0048,31,07,3,2026,0,null,null
2026-07-31,2026-07-31,2026,4,Marketable,Federal Financing Bank,null,null,null,null,3590.9655,886,0,null,null,null,null,3590.9655,31,07,3,2026,0,null,null
2026-07-31,2026-07-31,2026,4,Marketable,Total Marketable,null,null,null,null,31455078.3191432,887,394147.91764321,null,null,null,null,31369241.3015,31,07,3,2026,-308310.9,null,null
2026-07-31,2026-07-31,2026,4,Marketable,Bills Maturity Value,Total Matured Treasury Bills,null,null,null,*,89,0,null,null,null,null,*,31,07,3,2026,0,null,null
2026-07-31,2026-07-31,2026,4,Marketable,Bills Maturity Value,912797UT2,2026-06-16,2026-08-11,null,null,9,0,08/26,null,null,null,80020.3257,31,07,3,2026,0,null,3.61
2026-07-31,2026-07-31,2026,4,Marketable,Bills Maturity Value,Total Treasury Bills,null,null,null,6988890.9629,90,0,null,null,null,null,6988890.9629,31,07,3,2026,0,null,null
2026-07-31,2026-07-31,2026,4,Marketable,Notes,9128282A7,2016-08-15,2026-08-15,1.5,64404.2405,91,0,02/15,08/15,null,null,25355.9764,31,07,3,2026,0,null,1.503
2026-07-31,2026-07-31,2026,4,Marketable,Notes,9128282A7,2016-09-15,2026-08-15,1.5,null,92,0,02/15,08/15,null,null,20000.043,31,07,3,2026,0,null,1.699
2026-07-31,2026-07-31,2026,4,Marketable,Notes,9128282A7,2016-10-17,2026-08-15,1.5,null,93,0,02/15,08/15,null,null,20000.2211,31,07,3,2026,-952,null,1.793
2026-07-31,2026-07-31,2026,4,Marketable,Notes,91282CHU8,2023-08-15,2026-08-15,4.375,54669.848,94,0,02/15,08/15,null,null,57701.848,31,07,3,2026,-3032,null,4.398
2026-07-31,2026-07-31,2026,4,Marketable,Notes,912828YD6,2019-09-03,2026-08-31,1.375,33396.3821,95,0,02/29,08/31,null,null,36155.3821,31,07,3,2026,-2759,null,1.489
2026-07-31,2026-07-31,2026,4,Marketable,Notes,91282CCW9,2021-08-31,2026-08-31,0.75,59156.147,96,0,02/28,08/31,null,null,68664.147,31,07,3,2026,-9508,null,0.831
2026-07-31,2026-07-31,2026,4,Marketable,Notes,91282CLH2,2024-09-03,2026-08-31,3.75,66428.6428,97,0,02/28,08/31,null,null,74480.6428,31,07,3,2026,-8052,null,3.874
2026-07-31,2026-07-31,2026,4,Marketable,Notes,91282CHY0,2023-09-15,2026-09-15,4.625,43080.6988,98,0,03/15,09/15,null,null,43999.6988,31,07,3,2026,-919,null,4.66
2026-07-31,2026-07-31,2026,4,Marketable,Notes,912828YG9,2019-09-30,2026-09-30,1.625,35324.2104,99,0,03/31,09/30,null,null,35324.2104,31,07,3,2026,0,null,1.633
