snapshot_requested,record_date,record_fiscal_year,record_fiscal_quarter,record_calendar_year,record_calendar_quarter,security_type_desc,security_class1_desc,security_class2_desc,issue_date,maturity_date,interest_rate_pct,outstanding_amt,inflation_adj_amt,interest_pay_date_1,interest_pay_date_2,interest_pay_date_3,interest_pay_date_4,issued_amt,record_calendar_day,record_calendar_month,redeemed_amt,series_cd,src_line_nbr,yield_pct
2021-09-30,2021-09-30,2021,4,2021,3,Marketable,Notes,9128285J5,2018-10-31,2025-10-31,3,30999.9987,0,04/30,10/31,null,null,30999.9987,30,09,0,null,291,3.074
2021-09-30,2021-09-30,2021,4,2021,3,Marketable,Notes,91282CAT8,2020-11-02,2025-10-31,0.25,60834.976,0,04/30,10/31,null,null,60834.976,30,09,0,null,292,0.33
2021-09-30,2021-09-30,2021,4,2021,3,Marketable,Bills Maturity Value,912796J59,2021-09-09,2021-12-09,null,null,0,12/21,null,null,null,56129.0036,30,09,0,null,47,0.045
2021-09-30,2021-09-30,2021,4,2021,3,Marketable,Bills Maturity Value,912796M22,2021-06-08,2021-10-05,null,101114.8624,0,10/21,null,null,null,35001.6009,30,09,0,null,1,0.03
2021-09-30,2021-09-30,2021,4,2021,3,Marketable,Bills Maturity Value,912796M22,2021-08-10,2021-10-05,null,null,0,10/21,null,null,null,38046.5857,30,09,0,null,2,0.05
2021-09-30,2021-09-30,2021,4,2021,3,Marketable,Bills Maturity Value,912796M22,2021-09-07,2021-10-05,null,null,0,10/21,null,null,null,28066.6758,30,09,0,null,3,0.035
2021-09-30,2021-09-30,2021,4,2021,3,Marketable,Bills Maturity Value,9127964V8,2020-10-08,2021-10-07,null,164545.0342,0,10/21,null,null,null,39164.8242,30,09,0,null,4,0.14
2021-09-30,2021-09-30,2021,4,2021,3,Marketable,Bills Maturity Value,9127964V8,2021-04-08,2021-10-07,null,null,0,10/21,null,null,null,61144.307,30,09,0,null,5,0.035
2021-09-30,2021-09-30,2021,4,2021,3,Marketable,Bills Maturity Value,9127964V8,2021-07-08,2021-10-07,null,null,0,10/21,null,null,null,64235.903,30,09,0,null,6,0.05
2021-09-30,2021-09-30,2021,4,2021,3,Marketable,Bills Maturity Value,912796M30,2021-06-15,2021-10-12,null,94780.4968,0,10/21,null,null,null,35002.1179,30,09,0,null,7,0.03
2021-09-30,2021-09-30,2021,4,2021,3,Marketable,Bills Maturity Value,912796M30,2021-08-17,2021-10-12,null,null,0,10/21,null,null,null,37593.073,30,09,0,null,8,0.055
2021-09-30,2021-09-30,2021,4,2021,3,Marketable,Bills Maturity Value,912796M30,2021-09-14,2021-10-12,null,null,0,10/21,null,null,null,22185.3059,30,09,0,null,9,0.06
2021-09-30,2021-09-30,2021,4,2021,3,Marketable,Bills Maturity Value,912796G52,2021-04-15,2021-10-14,null,120536.7167,0,10/21,null,null,null,59916.596,30,09,0,null,10,0.04
2021-09-30,2021-09-30,2021,4,2021,3,Marketable,Bills Maturity Value,912796G52,2021-07-15,2021-10-14,null,null,0,10/21,null,null,null,60620.1207,30,09,0,null,11,0.05
2021-09-30,2021-09-30,2021,4,2021,3,Marketable,Bills Maturity Value,912796ZB8,2021-08-19,2021-10-15,null,50000.4983,0,10/21,null,null,null,50000.4983,30,09,0,null,12,0.065
2021-09-30,2021-09-30,2021,4,2021,3,Marketable,Bills Maturity Value,912796M48,2021-06-22,2021-10-19,null,85274.6827,0,10/21,null,null,null,35002.3773,30,09,0,null,13,0.035
2021-09-30,2021-09-30,2021,4,2021,3,Marketable,Bills Maturity Value,912796M48,2021-08-24,2021-10-19,null,null,0,10/21,null,null,null,33076.728,30,09,0,null,14,0.055
2021-09-30,2021-09-30,2021,4,2021,3,Marketable,Bills Maturity Value,912796M48,2021-09-21,2021-10-19,null,null,0,10/21,null,null,null,17195.5774,30,09,0,null,15,0.055
2021-09-30,2021-09-30,2021,4,2021,3,Marketable,Bills Maturity Value,912796G60,2021-04-22,2021-10-21,null,121533.0527,0,10/21,null,null,null,60369.0877,30,09,0,null,16,0.04
2021-09-30,2021-09-30,2021,4,2021,3,Marketable,Bills Maturity Value,912796G60,2021-07-22,2021-10-21,null,null,0,10/21,null,null,null,61163.965,30,09,0,null,17,0.05
2021-09-30,2021-09-30,2021,4,2021,3,Marketable,Bills Maturity Value,912796M55,2021-06-29,2021-10-26,null,80030.6669,0,10/21,null,null,null,35000.605,30,09,0,null,18,0.05
2021-09-30,2021-09-30,2021,4,2021,3,Marketable,Bills Maturity Value,912796M55,2021-08-31,2021-10-26,null,null,0,10/21,null,null,null,33260.4555,30,09,0,null,19,0.06
2021-09-30,2021-09-30,2021,4,2021,3,Marketable,Bills Maturity Value,912796M55,2021-09-28,2021-10-26,null,null,0,10/21,null,null,null,11769.6064,30,09,0,null,20,0.05
2021-09-30,2021-09-30,2021,4,2021,3,Marketable,Bills Maturity Value,912796G78,2021-04-29,2021-10-28,null,120565.1781,0,10/21,null,null,null,59823.2267,30,09,0,null,21,0.035
2021-09-30,2021-09-30,2021,4,2021,3,Marketable,Bills Maturity Value,912796G78,2021-07-29,2021-10-28,null,null,0,10/21,null,null,null,60741.9514,30,09,0,null,22,0.05
2021-09-30,2021-09-30,2021,4,2021,3,Marketable,Bills Maturity Value,912796ZC6,2021-08-26,2021-11-01,null,40000.336,0,11/21,null,null,null,40000.336,30,09,0,null,23,0.06
2021-09-30,2021-09-30,2021,4,2021,3,Marketable,Bills Maturity Value,912796M63,2021-07-06,2021-11-02,null,68678.1188,0,11/21,null,null,null,35002.0615,30,09,0,null,24,0.05
2021-09-30,2021-09-30,2021,4,2021,3,Marketable,Bills Maturity Value,912796M63,2021-09-07,2021-11-02,null,null,0,11/21,null,null,null,33676.0573,30,09,0,null,25,0.065
2021-09-30,2021-09-30,2021,4,2021,3,Marketable,Bills Maturity Value,9127964W6,2020-11-05,2021-11-04,null,162428.2728,0,11/21,null,null,null,39377.1234,30,09,0,null,26,0.135
2021-09-30,2021-09-30,2021,4,2021,3,Marketable,Bills Maturity Value,9127964W6,2021-05-06,2021-11-04,null,null,0,11/21,null,null,null,61462.4367,30,09,0,null,27,0.035
2021-09-30,2021-09-30,2021,4,2021,3,Marketable,Bills Maturity Value,9127964W6,2021-08-05,2021-11-04,null,null,0,11/21,null,null,null,61588.7127,30,09,0,null,28,0.05
2021-09-30,2021-09-30,2021,4,2021,3,Marketable,Bills Maturity Value,912796N54,2021-07-13,2021-11-09,null,68282.7838,0,11/21,null,null,null,35000.5345,30,09,0,null,29,0.05
2021-09-30,2021-09-30,2021,4,2021,3,Marketable,Bills Maturity Value,912796N54,2021-09-14,2021-11-09,null,null,0,11/21,null,null,null,33282.2493,30,09,0,null,30,0.065
2021-09-30,2021-09-30,2021,4,2021,3,Marketable,Bills Maturity Value,912796H51,2021-05-13,2021-11-12,null,119768.7583,0,11/21,null,null,null,59658.6836,30,09,0,null,31,0.035
2021-09-30,2021-09-30,2021,4,2021,3,Marketable,Bills Maturity Value,912796H51,2021-08-12,2021-11-12,null,null,0,11/21,null,null,null,60110.0747,30,09,0,null,32,0.05
2021-09-30,2021-09-30,2021,4,2021,3,Marketable,Bills Maturity Value,912796N62,2021-07-20,2021-11-16,null,64396.6101,0,11/21,null,null,null,30003.019,30,09,0,null,33,0.05
2021-09-30,2021-09-30,2021,4,2021,3,Marketable,Bills Maturity Value,912796N62,2021-09-21,2021-11-16,null,null,0,11/21,null,null,null,34393.5911,30,09,0,null,34,0.055
2021-09-30,2021-09-30,2021,4,2021,3,Marketable,Bills Maturity Value,912796H69,2021-05-20,2021-11-18,null,118905.0922,0,11/21,null,null,null,60765.4459,30,09,0,null,35,0.03
2021-09-30,2021-09-30,2021,4,2021,3,Marketable,Bills Maturity Value,912796H69,2021-08-19,2021-11-18,null,null,0,11/21,null,null,null,58139.6463,30,09,0,null,36,0.07
2021-09-30,2021-09-30,2021,4,2021,3,Marketable,Bills Maturity Value,912796N70,2021-07-27,2021-11-23,null,59428.175,0,11/21,null,null,null,30000.811,30,09,0,null,37,0.05
2021-09-30,2021-09-30,2021,4,2021,3,Marketable,Bills Maturity Value,912796N70,2021-09-28,2021-11-23,null,null,0,11/21,null,null,null,29427.364,30,09,0,null,38,0.035
2021-09-30,2021-09-30,2021,4,2021,3,Marketable,Bills Maturity Value,912796H77,2021-05-27,2021-11-26,null,115660.6622,0,11/21,null,null,null,59015.4913,30,09,0,null,39,0.03
2021-09-30,2021-09-30,2021,4,2021,3,Marketable,Bills Maturity Value,912796H77,2021-08-26,2021-11-26,null,null,0,11/21,null,null,null,56645.1709,30,09,0,null,40,0.055
2021-09-30,2021-09-30,2021,4,2021,3,Marketable,Bills Maturity Value,912796N88,2021-08-03,2021-11-30,null,30001.229,0,11/21,null,null,null,30001.229,30,09,0,null,41,0.05
2021-09-30,2021-09-30,2021,4,2021,3,Marketable,Bills Maturity Value,9127965G0,2020-12-03,2021-12-02,null,158574.455,0,12/21,null,null,null,38986.9374,30,09,0,null,42,0.11
2021-09-30,2021-09-30,2021,4,2021,3,Marketable,Bills Maturity Value,9127965G0,2021-06-03,2021-12-02,null,null,0,12/21,null,null,null,61164.3023,30,09,0,null,43,0.035
2021-09-30,2021-09-30,2021,4,2021,3,Marketable,Bills Maturity Value,9127965G0,2021-09-02,2021-12-02,null,null,0,12/21,null,null,null,58423.2153,30,09,0,null,44,0.045
2021-09-30,2021-09-30,2021,4,2021,3,Marketable,Bills Maturity Value,912796P52,2021-08-10,2021-12-07,null,30001.4885,0,12/21,null,null,null,30001.4885,30,09,0,null,45,0.05
2021-09-30,2021-09-30,2021,4,2021,3,Marketable,Bills Maturity Value,912796J59,2021-06-10,2021-12-09,null,114776.7298,0,12/21,null,null,null,58647.7262,30,09,0,null,46,0.04
2021-09-30,2021-09-30,2021,4,2021,3,Marketable,Bills Maturity Value,912796P60,2021-08-17,2021-12-14,null,30002.0385,0,12/21,null,null,null,30002.0385,30,09,0,null,48,0.045
2021-09-30,2021-09-30,2021,4,2021,3,Marketable,Bills Maturity Value,912796J67,2021-06-17,2021-12-16,null,112584.3505,0,12/21,null,null,null,59290.2822,30,09,0,null,49,0.04
2021-09-30,2021-09-30,2021,4,2021,3,Marketable,Bills Maturity Value,912796J67,2021-09-16,2021-12-16,null,null,0,12/21,null,null,null,53294.0683,30,09,0,null,50,0.04
2021-09-30,2021-09-30,2021,4,2021,3,Marketable,Bills Maturity Value,912796P78,2021-08-24,2021-12-21,null,30000.049,0,12/21,null,null,null,30000.049,30,09,0,null,51,0.045
2021-09-30,2021-09-30,2021,4,2021,3,Marketable,Bills Maturity Value,912796J75,2021-06-24,2021-12-23,null,102942.9486,0,12/21,null,null,null,55952.0265,30,09,0,null,52,0.055
2021-09-30,2021-09-30,2021,4,2021,3,Marketable,Bills Maturity Value,912796J75,2021-09-23,2021-12-23,null,null,0,12/21,null,null,null,46990.9221,30,09,0,null,53,0.035
2021-09-30,2021-09-30,2021,4,2021,3,Marketable,Bills Maturity Value,912796P86,2021-08-31,2021-12-28,null,30002.5834,0,12/21,null,null,null,30002.5834,30,09,0,null,54,0.05
2021-09-30,2021-09-30,2021,4,2021,3,Marketable,Bills Maturity Value,912796A90,2020-12-31,2021-12-30,null,150465.0607,0,12/21,null,null,null,39731.0913,30,09,0,null,55,0.11
2021-09-30,2021-09-30,2021,4,2021,3,Marketable,Bills Maturity Value,912796A90,2021-07-01,2021-12-30,null,null,0,12/21,null,null,null,61513.1694,30,09,0,null,56,0.055
2021-09-30,2021-09-30,2021,4,2021,3,Marketable,Bills Maturity Value,912796A90,2021-09-30,2021-12-30,null,null,0,12/21,null,null,null,49220.8,30,09,0,null,57,0.035
2021-09-30,2021-09-30,2021,4,2021,3,Marketable,Bills Maturity Value,912796Q51,2021-09-07,2022-01-04,null,30000.9785,0,01/22,null,null,null,30000.9785,30,09,0,null,58,0.045
2021-09-30,2021-09-30,2021,4,2021,3,Marketable,Bills Maturity Value,912796K65,2021-07-08,2022-01-06,null,60854.6811,0,01/22,null,null,null,60854.6811,30,09,0,null,59,0.05
2021-09-30,2021-09-30,2021,4,2021,3,Marketable,Bills Maturity Value,912796Q69,2021-09-14,2022-01-11,null,30001.6899,0,01/22,null,null,null,30001.6899,30,09,0,null,60,0.045
2021-09-30,2021-09-30,2021,4,2021,3,Marketable,Bills Maturity Value,912796K73,2021-07-15,2022-01-13,null,57248.9928,0,01/22,null,null,null,57248.9928,30,09,0,null,61,0.05
2021-09-30,2021-09-30,2021,4,2021,3,Marketable,Bills Maturity Value,912796Q77,2021-09-21,2022-01-18,null,30001.133,0,01/22,null,null,null,30001.133,30,09,0,null,62,0.045
2021-09-30,2021-09-30,2021,4,2021,3,Marketable,Bills Maturity Value,912796K81,2021-07-22,2022-01-20,null,57761.2154,0,01/22,null,null,null,57761.2154,30,09,0,null,63,0.05
2021-09-30,2021-09-30,2021,4,2021,3,Marketable,Bills Maturity Value,912796Q85,2021-09-28,2022-01-25,null,30000.6068,0,01/22,null,null,null,30000.6068,30,09,0,null,64,0.035
2021-09-30,2021-09-30,2021,4,2021,3,Marketable,Bills Maturity Value,912796C31,2021-01-28,2022-01-27,null,96000.9208,0,01/22,null,null,null,38635.931,30,09,0,null,65,0.09
2021-09-30,2021-09-30,2021,4,2021,3,Marketable,Bills Maturity Value,912796C31,2021-07-29,2022-01-27,null,null,0,01/22,null,null,null,57364.9898,30,09,0,null,66,0.05
2021-09-30,2021-09-30,2021,4,2021,3,Marketable,Bills Maturity Value,912796K99,2021-08-05,2022-02-03,null,58166.9337,0,02/22,null,null,null,58166.9337,30,09,0,null,67,0.055
2021-09-30,2021-09-30,2021,4,2021,3,Marketable,Bills Maturity Value,912796L72,2021-08-12,2022-02-10,null,56769.2612,0,02/22,null,null,null,56769.2612,30,09,0,null,68,0.05
2021-09-30,2021-09-30,2021,4,2021,3,Marketable,Bills Maturity Value,912796L80,2021-08-19,2022-02-17,null,54719.7043,0,02/22,null,null,null,54719.7043,30,09,0,null,69,0.05
2021-09-30,2021-09-30,2021,4,2021,3,Marketable,Bills Maturity Value,912796D30,2021-02-25,2022-02-24,null,91079.4928,0,02/22,null,null,null,37770.5517,30,09,0,null,70,0.07
2021-09-30,2021-09-30,2021,4,2021,3,Marketable,Bills Maturity Value,912796D30,2021-08-26,2022-02-24,null,null,0,02/22,null,null,null,53308.9411,30,09,0,null,71,0.05
2021-09-30,2021-09-30,2021,4,2021,3,Marketable,Bills Maturity Value,912796L98,2021-09-02,2022-03-03,null,54986.8163,0,03/22,null,null,null,54986.8163,30,09,0,null,72,0.055
2021-09-30,2021-09-30,2021,4,2021,3,Marketable,Bills Maturity Value,912796M97,2021-09-09,2022-03-10,null,52826.8691,0,03/22,null,null,null,52826.8691,30,09,0,null,73,0.05
2021-09-30,2021-09-30,2021,4,2021,3,Marketable,Bills Maturity Value,912796N21,2021-09-16,2022-03-17,null,49966.1742,0,03/22,null,null,null,49966.1742,30,09,0,null,74,0.05
2021-09-30,2021-09-30,2021,4,2021,3,Marketable,Bills Maturity Value,912796F38,2021-03-25,2022-03-24,null,82202.7842,0,03/22,null,null,null,35210.3411,30,09,0,null,75,0.07
2021-09-30,2021-09-30,2021,4,2021,3,Marketable,Bills Maturity Value,912796F38,2021-09-23,2022-03-24,null,null,0,03/22,null,null,null,46992.4431,30,09,0,null,76,0.045
2021-09-30,2021-09-30,2021,4,2021,3,Marketable,Bills Maturity Value,912796N39,2021-09-30,2022-03-31,null,49217.1587,0,03/22,null,null,null,49217.1587,30,09,0,null,77,0.05
2021-09-30,2021-09-30,2021,4,2021,3,Marketable,Bills Maturity Value,912796G45,2021-04-22,2022-04-21,null,38008.0588,0,04/22,null,null,null,38008.0588,30,09,0,null,78,0.065
2021-09-30,2021-09-30,2021,4,2021,3,Marketable,Bills Maturity Value,912796H44,2021-05-20,2022-05-19,null,38259.9686,0,05/22,null,null,null,38259.9686,30,09,0,null,79,0.055
2021-09-30,2021-09-30,2021,4,2021,3,Marketable,Bills Maturity Value,912796J42,2021-06-17,2022-06-16,null,37331.4037,0,06/22,null,null,null,37331.4037,30,09,0,null,80,0.07
2021-09-30,2021-09-30,2021,4,2021,3,Marketable,Bills Maturity Value,912796K57,2021-07-15,2022-07-14,null,38166.3081,0,07/22,null,null,null,38166.3081,30,09,0,null,81,0.075
2021-09-30,2021-09-30,2021,4,2021,3,Marketable,Bills Maturity Value,912796L64,2021-08-12,2022-08-11,null,37846.8257,0,08/22,null,null,null,37846.8257,30,09,0,null,82,0.08
2021-09-30,2021-09-30,2021,4,2021,3,Marketable,Bills Maturity Value,912796M71,2021-09-09,2022-09-08,null,37419.2446,0,09/22,null,null,null,37419.2446,30,09,0,null,83,0.075
2021-09-30,2021-09-30,2021,4,2021,3,Marketable,Bills Maturity Value,Total Unmatured Treasury Bills,null,null,null,3714118.1533,0,null,null,null,null,3714118.1533,30,09,0,null,84,null
2021-09-30,2021-09-30,2021,4,2021,3,Marketable,Bills Maturity Value,Total Matured Treasury Bills,null,null,null,*,0,null,null,null,null,*,30,09,0,null,85,null
2021-09-30,2021-09-30,2021,4,2021,3,Marketable,Bills Maturity Value,Total Treasury Bills,null,null,null,3714118.5683,0,null,null,null,null,3714118.5683,30,09,0,null,86,null
2021-09-30,2021-09-30,2021,4,2021,3,Marketable,Notes,9128285F3,2018-10-15,2021-10-15,2.875,35999.8025,0,04/15,10/15,null,null,35999.8025,30,09,0,null,87,2.989
2021-09-30,2021-09-30,2021,4,2021,3,Marketable,Notes,912828F96,2014-10-31,2021-10-31,2,29000.0218,0,04/30,10/31,null,null,29000.0218,30,09,0,null,88,2.018
2021-09-30,2021-09-30,2021,4,2021,3,Marketable,Notes,912828T67,2016-10-31,2021-10-31,1.25,36055.4555,0,04/30,10/31,null,null,36055.4555,30,09,0,null,89,1.303
2021-09-30,2021-09-30,2021,4,2021,3,Marketable,Notes,912828YP9,2019-10-31,2021-10-31,1.5,44182.017,0,04/30,10/31,null,null,44182.017,30,09,0,null,90,1.594
2021-09-30,2021-09-30,2021,4,2021,3,Marketable,Notes,912828RR3,2011-11-15,2021-11-15,2,70092.4875,0,05/15,11/15,null,null,25833.4171,30,09,0,null,91,2.03
2021-09-30,2021-09-30,2021,4,2021,3,Marketable,Notes,912828RR3,2011-12-15,2021-11-15,2,null,0,05/15,11/15,null,null,21768.614,30,09,0,null,92,2.02
2021-09-30,2021-09-30,2021,4,2021,3,Marketable,Notes,912828RR3,2012-01-17,2021-11-15,2,null,0,05/15,11/15,null,null,22490.4564,30,09,0,null,93,1.9
2021-09-30,2021-09-30,2021,4,2021,3,Marketable,Notes,9128285L0,2018-11-15,2021-11-15,2.875,44545.2186,0,05/15,11/15,null,null,44545.2186,30,09,0,null,94,2.983
2021-09-30,2021-09-30,2021,4,2021,3,Marketable,Notes,912828G53,2014-12-01,2021-11-30,1.875,29000.0761,0,05/31,11/30,null,null,29000.0761,30,09,0,null,95,1.96
2021-09-30,2021-09-30,2021,4,2021,3,Marketable,Notes,912828U65,2016-11-30,2021-11-30,1.75,37618.6285,0,05/31,11/30,null,null,37618.6285,30,09,0,null,96,1.76
2021-09-30,2021-09-30,2021,4,2021,3,Marketable,Notes,912828YT1,2019-12-02,2021-11-30,1.5,43174.7491,0,05/31,11/30,null,null,43174.7491,30,09,0,null,97,1.601
2021-09-30,2021-09-30,2021,4,2021,3,Marketable,Notes,9128285R7,2018-12-17,2021-12-15,2.625,37999.7464,0,06/15,12/15,null,null,37999.7464,30,09,0,null,98,2.748
2021-09-30,2021-09-30,2021,4,2021,3,Marketable,Notes,912828G87,2014-12-31,2021-12-31,2.125,29000.0051,0,06/30,12/31,null,null,29000.0051,30,09,0,null,99,2.125
2021-09-30,2021-09-30,2021,4,2021,3,Marketable,Notes,912828U81,2017-01-03,2021-12-31,2,38521.1685,0,06/30,12/31,null,null,38521.1685,30,09,0,null,100,2.057
2021-09-30,2021-09-30,2021,4,2021,3,Marketable,Notes,912828YZ7,2019-12-31,2021-12-31,1.625,43764.0357,0,06/30,12/31,null,null,43764.0357,30,09,0,null,101,1.653
2021-09-30,2021-09-30,2021,4,2021,3,Marketable,Notes,9128285V8,2019-01-15,2022-01-15,2.5,38000.0569,0,07/15,01/15,null,null,38000.0569,30,09,0,null,102,2.559
2021-09-30,2021-09-30,2021,4,2021,3,Marketable,Notes,912828H86,2015-02-02,2022-01-31,1.5,29000.0116,0,07/31,01/31,null,null,29000.0116,30,09,0,null,103,1.59
2021-09-30,2021-09-30,2021,4,2021,3,Marketable,Notes,912828V72,2017-01-31,2022-01-31,1.875,36156.202,0,07/31,01/31,null,null,36156.202,30,09,0,null,104,1.988
2021-09-30,2021-09-30,2021,4,2021,3,Marketable,Notes,912828Z60,2020-01-31,2022-01-31,1.375,44131.7556,0,07/31,01/31,null,null,44131.7556,30,09,0,null,105,1.44
2021-09-30,2021-09-30,2021,4,2021,3,Marketable,Notes,912828SF8,2012-02-15,2022-02-15,2,74200.2788,0,08/15,02/15,null,null,26921.026,30,09,0,null,106,2.02
2021-09-30,2021-09-30,2021,4,2021,3,Marketable,Notes,912828SF8,2012-03-15,2022-02-15,2,null,0,08/15,02/15,null,null,22458.1224,30,09,0,null,107,2.076
2021-09-30,2021-09-30,2021,4,2021,3,Marketable,Notes,912828SF8,2012-04-16,2022-02-15,2,null,0,08/15,02/15,null,null,24821.1304,30,09,0,null,108,2.043
2021-09-30,2021-09-30,2021,4,2021,3,Marketable,Notes,9128286C9,2019-02-15,2022-02-15,2.5,47150.7419,0,08/15,02/15,null,null,47150.7419,30,09,0,null,109,2.502
2021-09-30,2021-09-30,2021,4,2021,3,Marketable,Notes,912828J43,2015-03-02,2022-02-28,1.75,29000.0234,0,08/31,02/29,null,null,29000.0234,30,09,0,null,110,1.834
2021-09-30,2021-09-30,2021,4,2021,3,Marketable,Notes,912828W55,2017-02-28,2022-02-28,1.875,38715.2191,0,08/31,02/28,null,null,38715.2191,30,09,0,null,111,1.937
2021-09-30,2021-09-30,2021,4,2021,3,Marketable,Notes,912828ZA1,2020-03-02,2022-02-28,1.125,46045.0017,0,08/31,02/28,null,null,46045.0017,30,09,0,null,112,1.188
2021-09-30,2021-09-30,2021,4,2021,3,Marketable,Notes,9128286H8,2019-03-15,2022-03-15,2.375,37999.9893,0,09/15,03/15,null,null,37999.9893,30,09,0,null,113,2.448
2021-09-30,2021-09-30,2021,4,2021,3,Marketable,Notes,912828J76,2015-03-31,2022-03-31,1.75,29000.002,0,09/30,03/31,null,null,29000.002,30,09,0,null,114,1.792
2021-09-30,2021-09-30,2021,4,2021,3,Marketable,Notes,912828W89,2017-03-31,2022-03-31,1.875,38116.2062,0,09/30,03/31,null,null,38116.2062,30,09,0,null,115,1.95
2021-09-30,2021-09-30,2021,4,2021,3,Marketable,Notes,912828ZG8,2020-03-31,2022-03-31,0.375,45375.9651,0,09/30,03/31,null,null,45375.9651,30,09,0,null,116,0.398
2021-09-30,2021-09-30,2021,4,2021,3,Marketable,Notes,9128286M7,2019-04-15,2022-04-15,2.25,38005.6696,0,10/15,04/15,null,null,38005.6696,30,09,0,null,117,2.301
2021-09-30,2021-09-30,2021,4,2021,3,Marketable,Notes,912828WZ9,2015-04-30,2022-04-30,1.75,29106.1037,0,10/31,04/30,null,null,29106.1037,30,09,0,null,118,1.82
2021-09-30,2021-09-30,2021,4,2021,3,Marketable,Notes,912828X47,2017-05-01,2022-04-30,1.875,38640.8196,0,10/31,04/30,null,null,38640.8196,30,09,0,null,119,1.875
2021-09-30,2021-09-30,2021,4,2021,3,Marketable,Notes,912828ZM5,2020-04-30,2022-04-30,0.125,45647.1214,0,10/31,04/30,null,null,45647.1214,30,09,0,null,120,0.229
2021-09-30,2021-09-30,2021,4,2021,3,Marketable,Notes,912828SV3,2012-05-15,2022-05-15,1.75,68984.5486,0,11/15,05/15,null,null,25501.3226,30,09,0,null,121,1.855
2021-09-30,2021-09-30,2021,4,2021,3,Marketable,Notes,912828SV3,2012-06-15,2022-05-15,1.75,null,0,11/15,05/15,null,null,22482.7095,30,09,0,null,122,1.622
2021-09-30,2021-09-30,2021,4,2021,3,Marketable,Notes,912828SV3,2012-07-16,2022-05-15,1.75,null,0,11/15,05/15,null,null,21000.5165,30,09,0,null,123,1.459
2021-09-30,2021-09-30,2021,4,2021,3,Marketable,Notes,9128286U9,2019-05-15,2022-05-15,2.125,50944.8377,0,11/15,05/15,null,null,50944.8377,30,09,0,null,124,2.248
2021-09-30,2021-09-30,2021,4,2021,3,Marketable,Notes,912828XD7,2015-06-01,2022-05-31,1.875,28999.6811,0,11/30,05/31,null,null,28999.6811,30,09,0,null,125,1.888
2021-09-30,2021-09-30,2021,4,2021,3,Marketable,Notes,912828XR6,2017-05-31,2022-05-31,1.75,38090.1499,0,11/30,05/31,null,null,38090.1499,30,09,0,null,126,1.831
2021-09-30,2021-09-30,2021,4,2021,3,Marketable,Notes,912828ZR4,2020-06-01,2022-05-31,0.125,48618.5626,0,11/30,05/31,null,null,48618.5626,30,09,0,null,127,0.178
2021-09-30,2021-09-30,2021,4,2021,3,Marketable,Notes,9128286Y1,2019-06-17,2022-06-15,1.75,38000.1335,0,12/15,06/15,null,null,38000.1335,30,09,0,null,128,1.861
2021-09-30,2021-09-30,2021,4,2021,3,Marketable,Notes,912828XG0,2015-06-30,2022-06-30,2.125,29000.014,0,12/31,06/30,null,null,29000.014,30,09,0,null,129,2.153
2021-09-30,2021-09-30,2021,4,2021,3,Marketable,Notes,912828XW5,2017-06-30,2022-06-30,1.75,38132.7473,0,12/31,06/30,null,null,38132.7473,30,09,0,null,130,1.828
2021-09-30,2021-09-30,2021,4,2021,3,Marketable,Notes,912828ZX1,2020-06-30,2022-06-30,0.125,52291.3053,0,12/31,06/30,null,null,52291.3053,30,09,0,null,131,0.193
2021-09-30,2021-09-30,2021,4,2021,3,Marketable,Notes,9128287C8,2019-07-15,2022-07-15,1.75,38318.6017,0,01/15,07/15,null,null,38318.6017,30,09,0,null,132,1.857
2021-09-30,2021-09-30,2021,4,2021,3,Marketable,Notes,912828XQ8,2015-07-31,2022-07-31,2,29000.0076,0,01/31,07/31,null,null,29000.0076,30,09,0,null,133,2.021
2021-09-30,2021-09-30,2021,4,2021,3,Marketable,Notes,9128282P4,2017-07-31,2022-07-31,1.875,37457.0385,0,01/31,07/31,null,null,37457.0385,30,09,0,null,134,1.884
2021-09-30,2021-09-30,2021,4,2021,3,Marketable,Notes,91282CAC5,2020-07-31,2022-07-31,0.125,53453.5989,0,01/31,07/31,null,null,53453.5989,30,09,0,null,135,0.155
2021-09-30,2021-09-30,2021,4,2021,3,Marketable,Notes,912828TJ9,2012-08-15,2022-08-15,1.625,65994.8963,0,02/15,08/15,null,null,23999.8303,30,09,0,null,136,1.68
2021-09-30,2021-09-30,2021,4,2021,3,Marketable,Notes,912828TJ9,2012-09-17,2022-08-15,1.625,null,0,02/15,08/15,null,null,21000.0366,30,09,0,null,137,1.764
2021-09-30,2021-09-30,2021,4,2021,3,Marketable,Notes,912828TJ9,2012-10-15,2022-08-15,1.625,null,0,02/15,08/15,null,null,21000.0294,30,09,-5,null,138,1.7
2021-09-30,2021-09-30,2021,4,2021,3,Marketable,Notes,912828YA2,2019-08-15,2022-08-15,1.5,62796.9475,0,02/15,08/15,null,null,62796.9475,30,09,0,null,139,1.562
2021-09-30,2021-09-30,2021,4,2021,3,Marketable,Notes,912828L24,2015-08-31,2022-08-31,1.875,28999.9965,0,02/29,08/31,null,null,28999.9965,30,09,0,null,140,1.93
2021-09-30,2021-09-30,2021,4,2021,3,Marketable,Notes,9128282S8,2017-08-31,2022-08-31,1.625,35065.5286,0,02/28,08/31,null,null,35065.5286,30,09,0,null,141,1.742
2021-09-30,2021-09-30,2021,4,2021,3,Marketable,Notes,91282CAG6,2020-08-31,2022-08-31,0.125,54343.6424,0,02/28,08/31,null,null,54343.6424,30,09,0,null,142,0.155
2021-09-30,2021-09-30,2021,4,2021,3,Marketable,Notes,912828YF1,2019-09-16,2022-09-15,1.5,37999.913,0,03/15,09/15,null,null,37999.913,30,09,0,null,143,1.573
2021-09-30,2021-09-30,2021,4,2021,3,Marketable,Notes,912828L57,2015-09-30,2022-09-30,1.75,28995.0208,0,03/31,09/30,null,null,29000.0208,30,09,-5,null,144,1.813
2021-09-30,2021-09-30,2021,4,2021,3,Marketable,Notes,9128282W9,2017-10-02,2022-09-30,1.875,38229.3458,0,03/31,09/30,null,null,38229.3458,30,09,0,null,145,1.911
2021-09-30,2021-09-30,2021,4,2021,3,Marketable,Notes,91282CAN1,2020-09-30,2022-09-30,0.125,59118.5503,0,03/31,09/30,null,null,59118.5503,30,09,0,null,146,0.136
2021-09-30,2021-09-30,2021,4,2021,3,Marketable,Notes,912828YK0,2019-10-15,2022-10-15,1.375,38000.0107,0,04/15,10/15,null,null,38000.0107,30,09,0,null,147,1.413
2021-09-30,2021-09-30,2021,4,2021,3,Marketable,Notes,912828M49,2015-11-02,2022-10-31,1.875,28999.7634,0,04/30,10/31,null,null,28999.7634,30,09,0,null,148,1.885
2021-09-30,2021-09-30,2021,4,2021,3,Marketable,Notes,9128283C2,2017-10-31,2022-10-31,2,34850.2419,0,04/30,10/31,null,null,34850.2419,30,09,0,null,149,2.058
2021-09-30,2021-09-30,2021,4,2021,3,Marketable,Notes,91282CAR2,2020-11-02,2022-10-31,0.125,59727.8961,0,04/30,10/31,null,null,59727.8961,30,09,0,null,150,0.151
2021-09-30,2021-09-30,2021,4,2021,3,Marketable,Notes,912828TY6,2012-11-15,2022-11-15,1.625,121993.2641,0,05/15,11/15,null,null,23999.9239,30,09,0,null,151,1.675
2021-09-30,2021-09-30,2021,4,2021,3,Marketable,Notes,912828TY6,2012-12-17,2022-11-15,1.625,null,0,05/15,11/15,null,null,21000.0456,30,09,0,null,152,1.652
2021-09-30,2021-09-30,2021,4,2021,3,Marketable,Notes,912828TY6,2013-01-15,2022-11-15,1.625,null,0,05/15,11/15,null,null,21000.0056,30,09,0,null,153,1.863
2021-09-30,2021-09-30,2021,4,2021,3,Marketable,Notes,912828TY6,2019-11-15,2022-11-15,1.625,null,0,05/15,11/15,null,null,55993.289,30,09,0,null,154,1.63
2021-09-30,2021-09-30,2021,4,2021,3,Marketable,Notes,912828M80,2015-11-30,2022-11-30,2,64845.0129,0,05/31,11/30,null,null,29000.2481,30,09,0,null,155,2.013
2021-09-30,2021-09-30,2021,4,2021,3,Marketable,Notes,912828M80,2017-11-30,2022-11-30,2,null,0,05/31,11/30,null,null,35844.7648,30,09,0,null,156,2.066
2021-09-30,2021-09-30,2021,4,2021,3,Marketable,Notes,91282CAX9,2020-11-30,2022-11-30,0.125,63769.1809,0,05/31,11/30,null,null,63769.1809,30,09,0,null,157,0.165
2021-09-30,2021-09-30,2021,4,2021,3,Marketable,Notes,912828YW4,2019-12-16,2022-12-15,1.625,38000.1373,0,06/15,12/15,null,null,38000.1373,30,09,0,null,158,1.632
2021-09-30,2021-09-30,2021,4,2021,3,Marketable,Notes,912828N30,2015-12-31,2022-12-31,2.125,67444.6121,0,06/30,12/31,null,null,29000.0177,30,09,0,null,159,2.161
2021-09-30,2021-09-30,2021,4,2021,3,Marketable,Notes,912828N30,2018-01-02,2022-12-31,2.125,null,0,06/30,12/31,null,null,38444.5944,30,09,0,null,160,2.245
2021-09-30,2021-09-30,2021,4,2021,3,Marketable,Notes,91282CBD2,2020-12-31,2022-12-31,0.125,66824.1463,0,06/30,12/31,null,null,66824.1463,30,09,0,null,161,0.137
2021-09-30,2021-09-30,2021,4,2021,3,Marketable,Notes,912828Z29,2020-01-15,2023-01-15,1.5,39215.8752,0,07/15,01/15,null,null,39215.8752,30,09,0,null,162,1.567
2021-09-30,2021-09-30,2021,4,2021,3,Marketable,Notes,912828P38,2016-02-01,2023-01-31,1.75,29520.8654,0,07/31,01/31,null,null,29527.8654,30,09,-7,null,163,1.759
2021-09-30,2021-09-30,2021,4,2021,3,Marketable,Notes,9128283U2,2018-01-31,2023-01-31,2.375,38997.0432,0,07/31,01/31,null,null,38997.0432,30,09,0,null,164,2.434
2021-09-30,2021-09-30,2021,4,2021,3,Marketable,Notes,91282CBG5,2021-02-01,2023-01-31,0.125,68108.9233,0,07/31,01/31,null,null,68108.9233,30,09,0,null,165,0.125
2021-09-30,2021-09-30,2021,4,2021,3,Marketable,Notes,912828UN8,2013-02-15,2023-02-15,2,66000.8462,0,08/15,02/15,null,null,23999.877,30,09,0,null,166,2.046
2021-09-30,2021-09-30,2021,4,2021,3,Marketable,Notes,912828UN8,2013-03-15,2023-02-15,2,null,0,08/15,02/15,null,null,21000.0124,30,09,0,null,167,2.029
2021-09-30,2021-09-30,2021,4,2021,3,Marketable,Notes,912828UN8,2013-04-15,2023-02-15,2,null,0,08/15,02/15,null,null,21000.9568,30,09,0,null,168,1.795
2021-09-30,2021-09-30,2021,4,2021,3,Marketable,Notes,912828Z86,2020-02-18,2023-02-15,1.375,54899.7362,0,08/15,02/15,null,null,54899.7362,30,09,0,null,169,1.394
2021-09-30,2021-09-30,2021,4,2021,3,Marketable,Notes,912828P79,2016-02-29,2023-02-28,1.5,37376.1513,0,08/31,02/28,null,null,37384.1513,30,09,-8,null,170,1.568
2021-09-30,2021-09-30,2021,4,2021,3,Marketable,Notes,9128284A5,2018-02-28,2023-02-28,2.625,43532.5631,0,08/31,02/28,null,null,43532.5631,30,09,0,null,171,2.658
2021-09-30,2021-09-30,2021,4,2021,3,Marketable,Notes,91282CBN0,2021-03-01,2023-02-28,0.125,72990.8781,0,08/31,02/28,null,null,72990.8781,30,09,0,null,172,0.119
2021-09-30,2021-09-30,2021,4,2021,3,Marketable,Notes,912828ZD5,2020-03-16,2023-03-15,0.5,38036.5962,0,09/15,03/15,null,null,38036.5962,30,09,0,null,173,0.563
2021-09-30,2021-09-30,2021,4,2021,3,Marketable,Notes,912828Q29,2016-03-31,2023-03-31,1.5,34671.134,0,09/30,03/31,null,null,34671.134,30,09,0,null,174,1.606
2021-09-30,2021-09-30,2021,4,2021,3,Marketable,Notes,9128284D9,2018-04-02,2023-03-31,2.5,41165.5019,0,09/30,03/31,null,null,41165.5019,30,09,0,null,175,2.612
2021-09-30,2021-09-30,2021,4,2021,3,Marketable,Notes,91282CBU4,2021-03-31,2023-03-31,0.125,70769.3427,0,09/30,03/31,null,null,70769.3427,30,09,0,null,176,0.152
2021-09-30,2021-09-30,2021,4,2021,3,Marketable,Notes,912828ZH6,2020-04-15,2023-04-15,0.25,40131.4796,0,10/15,04/15,null,null,40131.4796,30,09,0,null,177,0.348
2021-09-30,2021-09-30,2021,4,2021,3,Marketable,Notes,912828R28,2016-05-02,2023-04-30,1.625,35440.7301,0,10/31,04/30,null,null,35440.7301,30,09,0,null,178,1.634
2021-09-30,2021-09-30,2021,4,2021,3,Marketable,Notes,9128284L1,2018-04-30,2023-04-30,2.75,39466.4397,0,10/31,04/30,null,null,39466.4397,30,09,0,null,179,2.837
2021-09-30,2021-09-30,2021,4,2021,3,Marketable,Notes,91282CBX8,2021-04-30,2023-04-30,0.125,71458.235,0,10/31,04/30,null,null,71458.235,30,09,0,null,180,0.175
2021-09-30,2021-09-30,2021,4,2021,3,Marketable,Notes,912828VB3,2013-05-15,2023-05-15,1.75,66000.7621,0,11/15,05/15,null,null,24000.2326,30,09,0,null,181,1.81
2021-09-30,2021-09-30,2021,4,2021,3,Marketable,Notes,912828VB3,2013-06-17,2023-05-15,1.75,null,0,11/15,05/15,null,null,21000.0164,30,09,0,null,182,2.209
2021-09-30,2021-09-30,2021,4,2021,3,Marketable,Notes,912828VB3,2013-07-15,2023-05-15,1.75,null,0,11/15,05/15,null,null,21000.5131,30,09,0,null,183,2.67
2021-09-30,2021-09-30,2021,4,2021,3,Marketable,Notes,912828ZP8,2020-05-15,2023-05-15,0.125,64211.6557,0,11/15,05/15,null,null,64211.6557,30,09,0,null,184,0.23
2021-09-30,2021-09-30,2021,4,2021,3,Marketable,Notes,912828R69,2016-05-31,2023-05-31,1.625,35132.5608,0,11/30,05/31,null,null,35135.5608,30,09,-3,null,185,1.652
2021-09-30,2021-09-30,2021,4,2021,3,Marketable,Notes,9128284S6,2018-05-31,2023-05-31,2.75,42253.1983,0,11/30,05/31,null,null,42253.1983,30,09,0,null,186,2.864
2021-09-30,2021-09-30,2021,4,2021,3,Marketable,Notes,91282CCD1,2021-06-01,2023-05-31,0.125,71645.8839,0,11/30,05/31,null,null,71645.8839,30,09,0,null,187,0.152
2021-09-30,2021-09-30,2021,4,2021,3,Marketable,Notes,912828ZU7,2020-06-15,2023-06-15,0.25,44625.5686,0,12/15,06/15,null,null,44625.5686,30,09,0,null,188,0.28
2021-09-30,2021-09-30,2021,4,2021,3,Marketable,Notes,912828S35,2016-06-30,2023-06-30,1.375,32084.5519,0,12/31,06/30,null,null,32084.5519,30,09,0,null,189,1.497
2021-09-30,2021-09-30,2021,4,2021,3,Marketable,Notes,9128284U1,2018-07-02,2023-06-30,2.625,40483.2539,0,12/31,06/30,null,null,40483.2539,30,09,0,null,190,2.719
2021-09-30,2021-09-30,2021,4,2021,3,Marketable,Notes,91282CCK5,2021-06-30,2023-06-30,0.125,69107.3757,0,12/31,06/30,null,null,69107.3757,30,09,0,null,191,0.249
2021-09-30,2021-09-30,2021,4,2021,3,Marketable,Notes,912828ZY9,2020-07-15,2023-07-15,0.125,50035.6254,0,01/15,07/15,null,null,50035.6254,30,09,0,null,192,0.19
2021-09-30,2021-09-30,2021,4,2021,3,Marketable,Notes,912828S92,2016-08-01,2023-07-31,1.25,29955.4305,0,01/31,07/31,null,null,29955.4305,30,09,0,null,193,1.34
2021-09-30,2021-09-30,2021,4,2021,3,Marketable,Notes,912828Y61,2018-07-31,2023-07-31,2.75,37954.9824,0,01/31,07/31,null,null,37954.9824,30,09,0,null,194,2.815
2021-09-30,2021-09-30,2021,4,2021,3,Marketable,Notes,91282CCN9,2021-08-02,2023-07-31,0.125,65745.2515,0,01/31,07/31,null,null,65745.2515,30,09,0,null,195,0.213
2021-09-30,2021-09-30,2021,4,2021,3,Marketable,Notes,912828VS6,2013-08-15,2023-08-15,2.5,65999.9164,0,02/15,08/15,null,null,23999.7591,30,09,0,null,196,2.62
2021-09-30,2021-09-30,2021,4,2021,3,Marketable,Notes,912828VS6,2013-09-16,2023-08-15,2.5,null,0,02/15,08/15,null,null,21000.204,30,09,0,null,197,2.946
2021-09-30,2021-09-30,2021,4,2021,3,Marketable,Notes,912828VS6,2013-10-15,2023-08-15,2.5,null,0,02/15,08/15,null,null,20999.9533,30,09,0,null,198,2.657
2021-09-30,2021-09-30,2021,4,2021,3,Marketable,Notes,91282CAF8,2020-08-17,2023-08-15,0.125,76547.9759,0,02/15,08/15,null,null,76547.9759,30,09,0,null,199,0.179
2021-09-30,2021-09-30,2021,4,2021,3,Marketable,Notes,9128282D1,2016-08-31,2023-08-31,1.375,29914.8926,0,02/28,08/31,null,null,29914.8926,30,09,0,null,200,1.423
2021-09-30,2021-09-30,2021,4,2021,3,Marketable,Notes,9128284X5,2018-08-31,2023-08-31,2.75,39607.8359,0,02/28,08/31,null,null,39607.8359,30,09,0,null,201,2.765
2021-09-30,2021-09-30,2021,4,2021,3,Marketable,Notes,91282CCU3,2021-08-31,2023-08-31,0.125,67538.6226,0,02/28,08/31,null,null,67538.6226,30,09,0,null,202,0.242
2021-09-30,2021-09-30,2021,4,2021,3,Marketable,Notes,91282CAK7,2020-09-15,2023-09-15,0.125,52055.6195,0,03/15,09/15,null,null,52055.6195,30,09,0,null,203,0.17
2021-09-30,2021-09-30,2021,4,2021,3,Marketable,Notes,912828T26,2016-09-30,2023-09-30,1.375,29706.8344,0,03/31,09/30,null,null,29706.8344,30,09,0,null,204,1.389
2021-09-30,2021-09-30,2021,4,2021,3,Marketable,Notes,9128285D8,2018-10-01,2023-09-30,2.875,37999.8662,0,03/31,09/30,null,null,37999.8662,30,09,0,null,205,2.997
2021-09-30,2021-09-30,2021,4,2021,3,Marketable,Notes,91282CDA6,2021-09-30,2023-09-30,0.25,67219.7784,0,03/31,09/30,null,null,67219.7784,30,09,0,null,206,0.31
2021-09-30,2021-09-30,2021,4,2021,3,Marketable,Notes,91282CAP6,2020-10-15,2023-10-15,0.125,53454.7287,0,04/15,10/15,null,null,53454.7287,30,09,0,null,207,0.193
2021-09-30,2021-09-30,2021,4,2021,3,Marketable,Notes,912828T91,2016-10-31,2023-10-31,1.625,29692.7105,0,04/30,10/31,null,null,29692.7105,30,09,0,null,208,1.653
2021-09-30,2021-09-30,2021,4,2021,3,Marketable,Notes,9128285K2,2018-10-31,2023-10-31,2.875,38999.89,0,04/30,10/31,null,null,38999.89,30,09,0,null,209,2.977
2021-09-30,2021-09-30,2021,4,2021,3,Marketable,Notes,912828WE6,2013-11-15,2023-11-15,2.75,65996.1091,0,05/15,11/15,null,null,24000.1608,30,09,0,null,210,2.75
2021-09-30,2021-09-30,2021,4,2021,3,Marketable,Notes,912828WE6,2013-12-16,2023-11-15,2.75,null,0,05/15,11/15,null,null,20996.9669,30,09,0,null,211,2.824
2021-09-30,2021-09-30,2021,4,2021,3,Marketable,Notes,912828WE6,2014-01-15,2023-11-15,2.75,null,0,05/15,11/15,null,null,20998.9814,30,09,0,null,212,3.009
2021-09-30,2021-09-30,2021,4,2021,3,Marketable,Notes,91282CAW1,2020-11-16,2023-11-15,0.25,68807.0847,0,05/15,11/15,null,null,68807.0847,30,09,0,null,213,0.25
2021-09-30,2021-09-30,2021,4,2021,3,Marketable,Notes,912828U57,2016-11-30,2023-11-30,2.125,30980.3627,0,05/31,11/30,null,null,30980.3627,30,09,0,null,214,2.215
2021-09-30,2021-09-30,2021,4,2021,3,Marketable,Notes,9128285P1,2018-11-30,2023-11-30,2.875,43512.5873,0,05/31,11/30,null,null,43512.5873,30,09,0,null,215,2.88
2021-09-30,2021-09-30,2021,4,2021,3,Marketable,Notes,91282CBA8,2020-12-15,2023-12-15,0.125,58385.3141,0,06/15,12/15,null,null,58385.3141,30,09,0,null,216,0.211
2021-09-30,2021-09-30,2021,4,2021,3,Marketable,Notes,912828V23,2017-01-03,2023-12-31,2.25,31723.4938,0,06/30,12/31,null,null,31723.4938,30,09,0,null,217,2.284
2021-09-30,2021-09-30,2021,4,2021,3,Marketable,Notes,9128285U0,2018-12-31,2023-12-31,2.625,40998.5386,0,06/30,12/31,null,null,40998.5386,30,09,0,null,218,2.652
2021-09-30,2021-09-30,2021,4,2021,3,Marketable,Notes,91282CBE0,2021-01-15,2024-01-15,0.125,63830.6511,0,07/15,01/15,null,null,63830.6511,30,09,0,null,219,0.234
2021-09-30,2021-09-30,2021,4,2021,3,Marketable,Notes,912828V80,2017-01-31,2024-01-31,2.25,29775.6841,0,07/31,01/31,null,null,29775.6841,30,09,0,null,220,2.335
2021-09-30,2021-09-30,2021,4,2021,3,Marketable,Notes,9128285Z9,2019-01-31,2024-01-31,2.5,41000.0387,0,07/31,01/31,null,null,41000.0387,30,09,0,null,221,2.576
2021-09-30,2021-09-30,2021,4,2021,3,Marketable,Notes,912828B66,2014-02-18,2024-02-15,2.75,65996.8241,0,08/15,02/15,null,null,23997.8161,30,09,0,null,222,2.795
2021-09-30,2021-09-30,2021,4,2021,3,Marketable,Notes,912828B66,2014-03-17,2024-02-15,2.75,null,0,08/15,02/15,null,null,20999.1395,30,09,0,null,223,2.729
2021-09-30,2021-09-30,2021,4,2021,3,Marketable,Notes,912828B66,2014-04-15,2024-02-15,2.75,null,0,08/15,02/15,null,null,20999.8685,30,09,0,null,224,2.72
2021-09-30,2021-09-30,2021,4,2021,3,Marketable,Notes,91282CBM2,2021-02-16,2024-02-15,0.125,79041.1543,0,08/15,02/15,null,null,79041.1543,30,09,0,null,225,0.196
2021-09-30,2021-09-30,2021,4,2021,3,Marketable,Notes,912828W48,2017-02-28,2024-02-29,2.125,31879.2515,0,08/31,02/28,null,null,31883.2515,30,09,-4,null,226,2.197
2021-09-30,2021-09-30,2021,4,2021,3,Marketable,Notes,9128286G0,2019-02-28,2024-02-29,2.375,42973.1639,0,08/31,02/29,null,null,42973.1639,30,09,0,null,227,2.489
2021-09-30,2021-09-30,2021,4,2021,3,Marketable,Notes,91282CBR1,2021-03-15,2024-03-15,0.25,61595.0993,0,09/15,03/15,null,null,61595.0993,30,09,0,null,228,0.355
2021-09-30,2021-09-30,2021,4,2021,3,Marketable,Notes,912828W71,2017-03-31,2024-03-31,2.125,72389.8053,0,09/30,03/31,null,null,31390.0049,30,09,0,null,229,2.215
2021-09-30,2021-09-30,2021,4,2021,3,Marketable,Notes,912828W71,2019-04-01,2024-03-31,2.125,null,0,09/30,03/31,null,null,40999.8004,30,09,0,null,230,2.172
2021-09-30,2021-09-30,2021,4,2021,3,Marketable,Notes,91282CBV2,2021-04-15,2024-04-15,0.375,66901.8431,0,10/15,04/15,null,null,66901.8431,30,09,0,null,231,0.376
2021-09-30,2021-09-30,2021,4,2021,3,Marketable,Notes,912828X70,2017-05-01,2024-04-30,2,31818.5956,0,10/31,04/30,null,null,31821.5956,30,09,-3,null,232,2.084
2021-09-30,2021-09-30,2021,4,2021,3,Marketable,Notes,9128286R6,2019-04-30,2024-04-30,2.25,41523.4045,0,10/31,04/30,null,null,41523.4045,30,09,0,null,233,2.315
2021-09-30,2021-09-30,2021,4,2021,3,Marketable,Notes,912828WJ5,2014-05-15,2024-05-15,2.5,65994.7948,0,11/15,05/15,null,null,23994.7053,30,09,0,null,234,2.612
2021-09-30,2021-09-30,2021,4,2021,3,Marketable,Notes,912828WJ5,2014-06-16,2024-05-15,2.5,null,0,11/15,05/15,null,null,21000.0632,30,09,0,null,235,2.648
2021-09-30,2021-09-30,2021,4,2021,3,Marketable,Notes,912828WJ5,2014-07-15,2024-05-15,2.5,null,0,11/15,05/15,null,null,21000.0263,30,09,0,null,236,2.597
2021-09-30,2021-09-30,2021,4,2021,3,Marketable,Notes,91282CCC3,2021-05-17,2024-05-15,0.25,88769.2718,0,11/15,05/15,null,null,88769.2718,30,09,0,null,237,0.329
2021-09-30,2021-09-30,2021,4,2021,3,Marketable,Notes,912828XT2,2017-05-31,2024-05-31,2,76675.6167,0,11/30,05/31,null,null,31368.5534,30,09,0,null,238,2.06
2021-09-30,2021-09-30,2021,4,2021,3,Marketable,Notes,912828XT2,2019-05-31,2024-05-31,2,null,0,11/30,05/31,null,null,45307.0633,30,09,0,null,239,2.065
2021-09-30,2021-09-30,2021,4,2021,3,Marketable,Notes,91282CCG4,2021-06-15,2024-06-15,0.25,63332.1057,0,12/15,06/15,null,null,63332.1057,30,09,0,null,240,0.325
2021-09-30,2021-09-30,2021,4,2021,3,Marketable,Notes,912828XX3,2017-06-30,2024-06-30,2,31403.5476,0,12/31,06/30,null,null,31403.5476,30,09,0,null,241,2.056
2021-09-30,2021-09-30,2021,4,2021,3,Marketable,Notes,9128286Z8,2019-07-01,2024-06-30,1.75,43344.8175,0,12/31,06/30,null,null,43344.8175,30,09,0,null,242,1.791
2021-09-30,2021-09-30,2021,4,2021,3,Marketable,Notes,91282CCL3,2021-07-15,2024-07-15,0.375,67548.0436,0,01/15,07/15,null,null,67548.0436,30,09,0,null,243,0.426
2021-09-30,2021-09-30,2021,4,2021,3,Marketable,Notes,9128282N9,2017-07-31,2024-07-31,2.125,30846.9073,0,01/31,07/31,null,null,30846.9073,30,09,0,null,244,2.126
2021-09-30,2021-09-30,2021,4,2021,3,Marketable,Notes,912828Y87,2019-07-31,2024-07-31,1.75,42627.4077,0,01/31,07/31,null,null,42627.4077,30,09,0,null,245,1.824
2021-09-30,2021-09-30,2021,4,2021,3,Marketable,Notes,912828D56,2014-08-15,2024-08-15,2.375,65998.6918,0,02/15,08/15,null,null,23999.933,30,09,0,null,246,2.439
2021-09-30,2021-09-30,2021,4,2021,3,Marketable,Notes,912828D56,2014-09-15,2024-08-15,2.375,null,0,02/15,08/15,null,null,20999.1211,30,09,0,null,247,2.535
2021-09-30,2021-09-30,2021,4,2021,3,Marketable,Notes,912828D56,2014-10-15,2024-08-15,2.375,null,0,02/15,08/15,null,null,20999.6377,30,09,0,null,248,2.381
2021-09-30,2021-09-30,2021,4,2021,3,Marketable,Notes,91282CCT6,2021-08-16,2024-08-15,0.375,83876.1783,0,02/15,08/15,null,null,83876.1783,30,09,0,null,249,0.465
2021-09-30,2021-09-30,2021,4,2021,3,Marketable,Notes,9128282U3,2017-08-31,2024-08-31,1.875,28877.6287,0,02/28,08/31,null,null,28877.6287,30,09,0,null,250,1.941
2021-09-30,2021-09-30,2021,4,2021,3,Marketable,Notes,912828YE4,2019-09-03,2024-08-31,1.25,46324.1027,0,02/29,08/31,null,null,46324.1027,30,09,0,null,251,1.365
2021-09-30,2021-09-30,2021,4,2021,3,Marketable,Notes,91282CCX7,2021-09-15,2024-09-15,0.375,64175.8783,0,03/15,09/15,null,null,64175.8783,30,09,0,null,252,0.447
2021-09-30,2021-09-30,2021,4,2021,3,Marketable,Notes,9128282Y5,2017-10-02,2024-09-30,2.125,31480.1,0,03/31,09/30,null,null,31480.1,30,09,0,null,253,2.13
2021-09-30,2021-09-30,2021,4,2021,3,Marketable,Notes,912828YH7,2019-09-30,2024-09-30,1.5,45258.96,0,03/31,09/30,null,null,45258.96,30,09,0,null,254,1.6
2021-09-30,2021-09-30,2021,4,2021,3,Marketable,Notes,9128283D0,2017-10-31,2024-10-31,2.25,28700.4899,0,04/30,10/31,null,null,28700.4899,30,09,0,null,255,2.28
2021-09-30,2021-09-30,2021,4,2021,3,Marketable,Notes,912828YM6,2019-10-31,2024-10-31,1.5,45286.6412,0,04/30,10/31,null,null,45286.6412,30,09,0,null,256,1.57
2021-09-30,2021-09-30,2021,4,2021,3,Marketable,Notes,912828G38,2014-11-17,2024-11-15,2.25,66031.9112,0,05/15,11/15,null,null,24032.1552,30,09,0,null,257,2.365
2021-09-30,2021-09-30,2021,4,2021,3,Marketable,Notes,912828G38,2014-12-15,2024-11-15,2.25,null,0,05/15,11/15,null,null,21000.0122,30,09,0,null,258,2.214
2021-09-30,2021-09-30,2021,4,2021,3,Marketable,Notes,912828G38,2015-01-15,2024-11-15,2.25,null,0,05/15,11/15,null,null,20999.7438,30,09,0,null,259,1.93
2021-09-30,2021-09-30,2021,4,2021,3,Marketable,Notes,9128283J7,2017-11-30,2024-11-30,2.125,29519.4578,0,05/31,11/30,null,null,29519.4578,30,09,0,null,260,2.23
2021-09-30,2021-09-30,2021,4,2021,3,Marketable,Notes,912828YV6,2019-12-02,2024-11-30,1.5,44254.9451,0,05/31,11/30,null,null,44254.9451,30,09,0,null,261,1.587
2021-09-30,2021-09-30,2021,4,2021,3,Marketable,Notes,9128283P3,2018-01-02,2024-12-31,2.25,31660.2996,0,06/30,12/31,null,null,31660.2996,30,09,0,null,262,2.37
2021-09-30,2021-09-30,2021,4,2021,3,Marketable,Notes,912828YY0,2019-12-31,2024-12-31,1.75,44858.7444,0,06/30,12/31,null,null,44858.7444,30,09,0,null,263,1.756
2021-09-30,2021-09-30,2021,4,2021,3,Marketable,Notes,9128283V0,2018-01-31,2025-01-31,2.5,32115.1813,0,07/31,01/31,null,null,32115.1813,30,09,0,null,264,2.565
2021-09-30,2021-09-30,2021,4,2021,3,Marketable,Notes,912828Z52,2020-01-31,2025-01-31,1.375,45231.8432,0,07/31,01/31,null,null,45231.8432,30,09,0,null,265,1.448
2021-09-30,2021-09-30,2021,4,2021,3,Marketable,Notes,912828J27,2015-02-17,2025-02-15,2,65988.28,0,08/15,02/15,null,null,24000.1354,30,09,0,null,266,2
2021-09-30,2021-09-30,2021,4,2021,3,Marketable,Notes,912828J27,2015-03-16,2025-02-15,2,null,0,08/15,02/15,null,null,20995.1344,30,09,0,null,267,2.139
2021-09-30,2021-09-30,2021,4,2021,3,Marketable,Notes,912828J27,2015-04-15,2025-02-15,2,null,0,08/15,02/15,null,null,21000.0102,30,09,-7,null,268,1.925
2021-09-30,2021-09-30,2021,4,2021,3,Marketable,Notes,9128283Z1,2018-02-28,2025-02-28,2.75,36070.1115,0,08/31,02/28,null,null,36070.1115,30,09,0,null,269,2.839
2021-09-30,2021-09-30,2021,4,2021,3,Marketable,Notes,912828ZC7,2020-03-02,2025-02-28,1.125,47196.5544,0,08/31,02/28,null,null,47196.5544,30,09,0,null,270,1.15
2021-09-30,2021-09-30,2021,4,2021,3,Marketable,Notes,9128284F4,2018-04-02,2025-03-31,2.625,34108.0894,0,09/30,03/31,null,null,34108.0894,30,09,0,null,271,2.72
2021-09-30,2021-09-30,2021,4,2021,3,Marketable,Notes,912828ZF0,2020-03-31,2025-03-31,0.5,46512.2835,0,09/30,03/31,null,null,46512.2835,30,09,0,null,272,0.535
2021-09-30,2021-09-30,2021,4,2021,3,Marketable,Notes,9128284M9,2018-04-30,2025-04-30,2.875,32701.4839,0,10/31,04/30,null,null,32701.4839,30,09,0,null,273,2.952
2021-09-30,2021-09-30,2021,4,2021,3,Marketable,Notes,912828ZL7,2020-04-30,2025-04-30,0.375,46734.3704,0,10/31,04/30,null,null,46734.3704,30,09,0,null,274,0.394
2021-09-30,2021-09-30,2021,4,2021,3,Marketable,Notes,912828XB1,2015-05-15,2025-05-15,2.125,66521.9894,0,11/15,05/15,null,null,24543.3321,30,09,0,null,275,2.237
2021-09-30,2021-09-30,2021,4,2021,3,Marketable,Notes,912828XB1,2015-06-15,2025-05-15,2.125,null,0,11/15,05/15,null,null,21000.0349,30,09,0,null,276,2.461
2021-09-30,2021-09-30,2021,4,2021,3,Marketable,Notes,912828XB1,2015-07-15,2025-05-15,2.125,null,0,11/15,05/15,null,null,20980.6224,30,09,-2,null,277,2.225
2021-09-30,2021-09-30,2021,4,2021,3,Marketable,Notes,9128284R8,2018-05-31,2025-05-31,2.875,35211.5971,0,11/30,05/31,null,null,35211.5971,30,09,0,null,278,2.93
2021-09-30,2021-09-30,2021,4,2021,3,Marketable,Notes,912828ZT0,2020-06-01,2025-05-31,0.25,49724.255,0,11/30,05/31,null,null,49724.255,30,09,0,null,279,0.334
2021-09-30,2021-09-30,2021,4,2021,3,Marketable,Notes,912828XZ8,2018-07-02,2025-06-30,2.75,33736.0984,0,12/31,06/30,null,null,33736.0984,30,09,0,null,280,2.809
2021-09-30,2021-09-30,2021,4,2021,3,Marketable,Notes,912828ZW3,2020-06-30,2025-06-30,0.25,53428.3934,0,12/31,06/30,null,null,53428.3934,30,09,0,null,281,0.33
2021-09-30,2021-09-30,2021,4,2021,3,Marketable,Notes,912828Y79,2018-07-31,2025-07-31,2.875,31629.1126,0,01/31,07/31,null,null,31629.1126,30,09,0,null,282,2.93
2021-09-30,2021-09-30,2021,4,2021,3,Marketable,Notes,91282CAB7,2020-07-31,2025-07-31,0.25,54568.1181,0,01/31,07/31,null,null,54568.1181,30,09,0,null,283,0.288
2021-09-30,2021-09-30,2021,4,2021,3,Marketable,Notes,912828K74,2015-08-17,2025-08-15,2,66479.5188,0,02/15,08/15,null,null,24482.4264,30,09,0,null,284,2.115
2021-09-30,2021-09-30,2021,4,2021,3,Marketable,Notes,912828K74,2015-09-15,2025-08-15,2,null,0,02/15,08/15,null,null,21000.0917,30,09,0,null,285,2.235
2021-09-30,2021-09-30,2021,4,2021,3,Marketable,Notes,912828K74,2015-10-15,2025-08-15,2,null,0,02/15,08/15,null,null,21000.0007,30,09,-3,null,286,2.066
2021-09-30,2021-09-30,2021,4,2021,3,Marketable,Notes,9128284Z0,2018-08-31,2025-08-31,2.75,33184.893,0,02/28,08/31,null,null,33184.893,30,09,0,null,287,2.844
2021-09-30,2021-09-30,2021,4,2021,3,Marketable,Notes,91282CAJ0,2020-08-31,2025-08-31,0.25,55430.9286,0,02/28,08/31,null,null,55430.9286,30,09,0,null,288,0.298
2021-09-30,2021-09-30,2021,4,2021,3,Marketable,Notes,9128285C0,2018-10-01,2025-09-30,3,31000,0,03/31,09/30,null,null,31000,30,09,0,null,289,3.034
2021-09-30,2021-09-30,2021,4,2021,3,Marketable,Notes,91282CAM3,2020-09-30,2025-09-30,0.25,60256.0271,0,03/31,09/30,null,null,60256.0271,30,09,0,null,290,0.275
2021-09-30,2021-09-30,2021,4,2021,3,Marketable,Notes,912828M56,2015-11-16,2025-11-15,2.25,66120.8194,0,05/15,11/15,null,null,24122.0698,30,09,0,null,293,2.304
2021-09-30,2021-09-30,2021,4,2021,3,Marketable,Notes,912828M56,2015-12-15,2025-11-15,2.25,null,0,05/15,11/15,null,null,21000.1102,30,09,0,null,294,2.233
2021-09-30,2021-09-30,2021,4,2021,3,Marketable,Notes,912828M56,2016-01-15,2025-11-15,2.25,null,0,05/15,11/15,null,null,20998.6394,30,09,0,null,295,2.09
2021-09-30,2021-09-30,2021,4,2021,3,Marketable,Notes,9128285N6,2018-11-30,2025-11-30,2.875,34809.1908,0,05/31,11/30,null,null,34809.1908,30,09,0,null,296,2.974
2021-09-30,2021-09-30,2021,4,2021,3,Marketable,Notes,91282CAZ4,2020-11-30,2025-11-30,0.375,64907.5887,0,05/31,11/30,null,null,64907.5887,30,09,0,null,297,0.397
2021-09-30,2021-09-30,2021,4,2021,3,Marketable,Notes,9128285T3,2018-12-31,2025-12-31,2.625,32000.157,0,06/30,12/31,null,null,32000.157,30,09,0,null,298,2.68
2021-09-30,2021-09-30,2021,4,2021,3,Marketable,Notes,91282CBC4,2020-12-31,2025-12-31,0.375,67976.5429,0,06/30,12/31,null,null,67976.5429,30,09,0,null,299,0.394
2021-09-30,2021-09-30,2021,4,2021,3,Marketable,Notes,9128286A3,2019-01-31,2026-01-31,2.625,32000.1042,0,07/31,01/31,null,null,32000.1042,30,09,0,null,300,2.625
2021-09-30,2021-09-30,2021,4,2021,3,Marketable,Notes,91282CBH3,2021-02-01,2026-01-31,0.375,69244.7058,0,07/31,01/31,null,null,69244.7058,30,09,0,null,301,0.424
2021-09-30,2021-09-30,2021,4,2021,3,Marketable,Notes,912828P46,2016-02-16,2026-02-15,1.625,64940.6599,0,08/15,02/15,null,null,24805.84,30,09,0,null,302,1.73
2021-09-30,2021-09-30,2021,4,2021,3,Marketable,Notes,912828P46,2016-03-15,2026-02-15,1.625,null,0,08/15,02/15,null,null,20000.0618,30,09,0,null,303,1.895
2021-09-30,2021-09-30,2021,4,2021,3,Marketable,Notes,912828P46,2016-04-15,2026-02-15,1.625,null,0,08/15,02/15,null,null,20140.7581,30,09,-6,null,304,1.765
2021-09-30,2021-09-30,2021,4,2021,3,Marketable,Notes,9128286F2,2019-02-28,2026-02-28,2.5,33540.1011,0,08/31,02/29,null,null,33540.1011,30,09,0,null,305,2.538
2021-09-30,2021-09-30,2021,4,2021,3,Marketable,Notes,91282CBQ3,2021-03-01,2026-02-28,0.5,74214.4683,0,08/31,02/28,null,null,74214.4683,30,09,0,null,306,0.621
2021-09-30,2021-09-30,2021,4,2021,3,Marketable,Notes,9128286L9,2019-04-01,2026-03-31,2.25,31999.9707,0,09/30,03/31,null,null,31999.9707,30,09,0,null,307,2.281
2021-09-30,2021-09-30,2021,4,2021,3,Marketable,Notes,91282CBT7,2021-03-31,2026-03-31,0.75,71953.7456,0,09/30,03/31,null,null,71953.7456,30,09,0,null,308,0.85
2021-09-30,2021-09-30,2021,4,2021,3,Marketable,Notes,9128286S4,2019-04-30,2026-04-30,2.375,32408.2418,0,10/31,04/30,null,null,32408.2418,30,09,0,null,309,2.426
2021-09-30,2021-09-30,2021,4,2021,3,Marketable,Notes,91282CBW0,2021-04-30,2026-04-30,0.75,72649.3797,0,10/31,04/30,null,null,72649.3797,30,09,0,null,310,0.849
2021-09-30,2021-09-30,2021,4,2021,3,Marketable,Notes,912828R36,2016-05-16,2026-05-15,1.625,69496.7591,0,11/15,05/15,null,null,28201.0181,30,09,0,null,311,1.71
2021-09-30,2021-09-30,2021,4,2021,3,Marketable,Notes,912828R36,2016-06-15,2026-05-15,1.625,null,0,11/15,05/15,null,null,20000.0406,30,09,0,null,312,1.702
2021-09-30,2021-09-30,2021,4,2021,3,Marketable,Notes,912828R36,2016-07-15,2026-05-15,1.625,null,0,11/15,05/15,null,null,21302.7004,30,09,-7,null,313,1.516
2021-09-30,2021-09-30,2021,4,2021,3,Marketable,Notes,9128286X3,2019-05-31,2026-05-31,2.125,35361.5669,0,11/30,05/31,null,null,35361.5669,30,09,0,null,314,2.144
2021-09-30,2021-09-30,2021,4,2021,3,Marketable,Notes,91282CCF6,2021-06-01,2026-05-31,0.75,72840.141,0,11/30,05/31,null,null,72840.141,30,09,0,null,315,0.788
2021-09-30,2021-09-30,2021,4,2021,3,Marketable,Notes,9128287B0,2019-07-01,2026-06-30,1.875,33828.1221,0,12/31,06/30,null,null,33828.1221,30,09,0,null,316,1.889
2021-09-30,2021-09-30,2021,4,2021,3,Marketable,Notes,91282CCJ8,2021-06-30,2026-06-30,0.875,70259.2718,0,12/31,06/30,null,null,70259.2718,30,09,0,null,317,0.904
2021-09-30,2021-09-30,2021,4,2021,3,Marketable,Notes,912828Y95,2019-07-31,2026-07-31,1.875,33271.1323,0,01/31,07/31,null,null,33271.1323,30,09,0,null,318,1.967
2021-09-30,2021-09-30,2021,4,2021,3,Marketable,Notes,91282CCP4,2021-08-02,2026-07-31,0.625,66841.5919,0,01/31,07/31,null,null,66841.5919,30,09,0,null,319,0.71
2021-09-30,2021-09-30,2021,4,2021,3,Marketable,Notes,9128282A7,2016-08-15,2026-08-15,1.5,65349.2405,0,02/15,08/15,null,null,25355.9764,30,09,0,null,320,1.503
2021-09-30,2021-09-30,2021,4,2021,3,Marketable,Notes,9128282A7,2016-09-15,2026-08-15,1.5,null,0,02/15,08/15,null,null,20000.043,30,09,0,null,321,1.699
2021-09-30,2021-09-30,2021,4,2021,3,Marketable,Notes,9128282A7,2016-10-17,2026-08-15,1.5,null,0,02/15,08/15,null,null,20000.2211,30,09,-7,null,322,1.793
2021-09-30,2021-09-30,2021,4,2021,3,Marketable,Notes,912828YD6,2019-09-03,2026-08-31,1.375,36155.3821,0,02/29,08/31,null,null,36155.3821,30,09,0,null,323,1.489
2021-09-30,2021-09-30,2021,4,2021,3,Marketable,Notes,91282CCW9,2021-08-31,2026-08-31,0.75,68664.147,0,02/28,08/31,null,null,68664.147,30,09,0,null,324,0.831
2021-09-30,2021-09-30,2021,4,2021,3,Marketable,Notes,912828YG9,2019-09-30,2026-09-30,1.625,35324.2104,0,03/31,09/30,null,null,35324.2104,30,09,0,null,325,1.633
2021-09-30,2021-09-30,2021,4,2021,3,Marketable,Notes,91282CCZ2,2021-09-30,2026-09-30,0.875,68346.4353,0,03/31,09/30,null,null,68346.4353,30,09,0,null,326,0.99
2021-09-30,2021-09-30,2021,4,2021,3,Marketable,Notes,912828YQ7,2019-10-31,2026-10-31,1.625,35345.6666,0,04/30,10/31,null,null,35345.6666,30,09,0,null,327,1.657
2021-09-30,2021-09-30,2021,4,2021,3,Marketable,Notes,912828U24,2016-11-15,2026-11-15,2,69134.5749,0,05/15,11/15,null,null,28035.2779,30,09,0,null,328,2.02
2021-09-30,2021-09-30,2021,4,2021,3,Marketable,Notes,912828U24,2016-12-15,2026-11-15,2,null,0,05/15,11/15,null,null,20000.0197,30,09,0,null,329,2.485
2021-09-30,2021-09-30,2021,4,2021,3,Marketable,Notes,912828U24,2017-01-17,2026-11-15,2,null,0,05/15,11/15,null,null,21107.2773,30,09,-8,null,330,2.342
2021-09-30,2021-09-30,2021,4,2021,3,Marketable,Notes,912828YU8,2019-12-02,2026-11-30,1.625,34540.4881,0,05/31,11/30,null,null,34540.4881,30,09,0,null,331,1.719
2021-09-30,2021-09-30,2021,4,2021,3,Marketable,Notes,912828YX2,2019-12-31,2026-12-31,1.75,35011.7014,0,06/30,12/31,null,null,35011.7014,30,09,0,null,332,1.835
2021-09-30,2021-09-30,2021,4,2021,3,Marketable,Notes,912828Z78,2020-01-31,2027-01-31,1.5,35304.3009,0,07/31,01/31,null,null,35304.3009,30,09,0,null,333,1.57
2021-09-30,2021-09-30,2021,4,2021,3,Marketable,Notes,912828V98,2017-02-15,2027-02-15,2.25,65815.8684,0,08/15,02/15,null,null,25655.7885,30,09,0,null,334,2.333
2021-09-30,2021-09-30,2021,4,2021,3,Marketable,Notes,912828V98,2017-03-15,2027-02-15,2.25,null,0,08/15,02/15,null,null,20000.7616,30,09,0,null,335,2.56
2021-09-30,2021-09-30,2021,4,2021,3,Marketable,Notes,912828V98,2017-04-17,2027-02-15,2.25,null,0,08/15,02/15,null,null,20164.3183,30,09,-5,null,336,2.332
2021-09-30,2021-09-30,2021,4,2021,3,Marketable,Notes,912828ZB9,2020-03-02,2027-02-28,1.125,36836.3239,0,08/31,02/28,null,null,36836.3239,30,09,0,null,337,1.247
2021-09-30,2021-09-30,2021,4,2021,3,Marketable,Notes,912828ZE3,2020-03-31,2027-03-31,0.625,36302.5047,0,09/30,03/31,null,null,36302.5047,30,09,0,null,338,0.68
2021-09-30,2021-09-30,2021,4,2021,3,Marketable,Notes,912828ZN3,2020-04-30,2027-04-30,0.5,38039.5902,0,10/31,04/30,null,null,38039.5902,30,09,0,null,339,0.525
2021-09-30,2021-09-30,2021,4,2021,3,Marketable,Notes,912828X88,2017-05-15,2027-05-15,2.375,71050.2206,0,11/15,05/15,null,null,30593.7355,30,09,0,null,340,2.4
2021-09-30,2021-09-30,2021,4,2021,3,Marketable,Notes,912828X88,2017-06-15,2027-05-15,2.375,null,0,11/15,05/15,null,null,19999.9223,30,09,0,null,341,2.195
2021-09-30,2021-09-30,2021,4,2021,3,Marketable,Notes,912828X88,2017-07-17,2027-05-15,2.375,null,0,11/15,05/15,null,null,20456.5628,30,09,0,null,342,2.325
2021-09-30,2021-09-30,2021,4,2021,3,Marketable,Notes,912828ZS2,2020-06-01,2027-05-31,0.5,41989.3545,0,11/30,05/31,null,null,41989.3545,30,09,0,null,343,0.553
2021-09-30,2021-09-30,2021,4,2021,3,Marketable,Notes,912828ZV5,2020-06-30,2027-06-30,0.5,46607.7319,0,12/31,06/30,null,null,46607.7319,30,09,0,null,344,0.511
2021-09-30,2021-09-30,2021,4,2021,3,Marketable,Notes,91282CAD3,2020-07-31,2027-07-31,0.375,49000.1011,0,01/31,07/31,null,null,49000.1011,30,09,0,null,345,0.446
2021-09-30,2021-09-30,2021,4,2021,3,Marketable,Notes,9128282R0,2017-08-15,2027-08-15,2.25,69915.3604,0,02/15,08/15,null,null,29920.4635,30,09,0,null,346,2.25
2021-09-30,2021-09-30,2021,4,2021,3,Marketable,Notes,9128282R0,2017-09-15,2027-08-15,2.25,null,0,02/15,08/15,null,null,19999.9057,30,09,0,null,347,2.18
2021-09-30,2021-09-30,2021,4,2021,3,Marketable,Notes,9128282R0,2017-10-16,2027-08-15,2.25,null,0,02/15,08/15,null,null,19999.9912,30,09,-5,null,348,2.346
2021-09-30,2021-09-30,2021,4,2021,3,Marketable,Notes,91282CAH4,2020-08-31,2027-08-31,0.5,51083.0757,0,02/28,08/31,null,null,51083.0757,30,09,0,null,349,0.519
2021-09-30,2021-09-30,2021,4,2021,3,Marketable,Notes,91282CAL5,2020-09-30,2027-09-30,0.375,56845.2943,0,03/31,09/30,null,null,56845.2943,30,09,0,null,350,0.462
2021-09-30,2021-09-30,2021,4,2021,3,Marketable,Notes,91282CAU5,2020-11-02,2027-10-31,0.5,58622.9768,0,04/30,10/31,null,null,58622.9768,30,09,0,null,351,0.6
2021-09-30,2021-09-30,2021,4,2021,3,Marketable,Notes,9128283F5,2017-11-15,2027-11-15,2.25,66474.1106,0,05/15,11/15,null,null,25796.7611,30,09,0,null,352,2.314
2021-09-30,2021-09-30,2021,4,2021,3,Marketable,Notes,9128283F5,2017-12-15,2027-11-15,2.25,null,0,05/15,11/15,null,null,19999.9963,30,09,0,null,353,2.384
2021-09-30,2021-09-30,2021,4,2021,3,Marketable,Notes,9128283F5,2018-01-16,2027-11-15,2.25,null,0,05/15,11/15,null,null,20677.3532,30,09,0,null,354,2.579
2021-09-30,2021-09-30,2021,4,2021,3,Marketable,Notes,91282CAY7,2020-11-30,2027-11-30,0.625,63768.8862,0,05/31,11/30,null,null,63768.8862,30,09,0,null,355,0.653
2021-09-30,2021-09-30,2021,4,2021,3,Marketable,Notes,91282CBB6,2020-12-31,2027-12-31,0.625,67976.5168,0,06/30,12/31,null,null,67976.5168,30,09,0,null,356,0.662
2021-09-30,2021-09-30,2021,4,2021,3,Marketable,Notes,91282CBJ9,2021-02-01,2028-01-31,0.75,70379.8497,0,07/31,01/31,null,null,70379.8497,30,09,0,null,357,0.754
2021-09-30,2021-09-30,2021,4,2021,3,Marketable,Notes,9128283W8,2018-02-15,2028-02-15,2.75,70572.1045,0,08/15,02/15,null,null,28536.05,30,09,0,null,358,2.811
2021-09-30,2021-09-30,2021,4,2021,3,Marketable,Notes,9128283W8,2018-03-15,2028-02-15,2.75,null,0,08/15,02/15,null,null,21000.0038,30,09,0,null,359,2.889
2021-09-30,2021-09-30,2021,4,2021,3,Marketable,Notes,9128283W8,2018-04-16,2028-02-15,2.75,null,0,08/15,02/15,null,null,21036.0507,30,09,0,null,360,2.795
2021-09-30,2021-09-30,2021,4,2021,3,Marketable,Notes,91282CBP5,2021-03-01,2028-02-29,1.125,75431.1485,0,08/31,02/28,null,null,75431.1485,30,09,0,null,361,1.195
2021-09-30,2021-09-30,2021,4,2021,3,Marketable,Notes,91282CBS9,2021-03-31,2028-03-31,1.25,73132.916,0,09/30,03/31,null,null,73132.916,30,09,0,null,362,1.3
2021-09-30,2021-09-30,2021,4,2021,3,Marketable,Notes,91282CBZ3,2021-04-30,2028-04-30,1.25,73840.2701,0,10/31,04/30,null,null,73840.2701,30,09,0,null,363,1.306
2021-09-30,2021-09-30,2021,4,2021,3,Marketable,Notes,9128284N7,2018-05-15,2028-05-15,2.875,75112.2308,0,11/15,05/15,null,null,31026.682,30,09,0,null,364,2.995
2021-09-30,2021-09-30,2021,4,2021,3,Marketable,Notes,9128284N7,2018-06-15,2028-05-15,2.875,null,0,11/15,05/15,null,null,22000.0172,30,09,0,null,365,2.962
2021-09-30,2021-09-30,2021,4,2021,3,Marketable,Notes,9128284N7,2018-07-16,2028-05-15,2.875,null,0,11/15,05/15,null,null,22085.5316,30,09,0,null,366,2.859
2021-09-30,2021-09-30,2021,4,2021,3,Marketable,Notes,91282CCE9,2021-06-01,2028-05-31,1.25,74034.2334,0,11/30,05/31,null,null,74034.2334,30,09,0,null,367,1.285
2021-09-30,2021-09-30,2021,4,2021,3,Marketable,Notes,91282CCH2,2021-06-30,2028-06-30,1.25,71410.1021,0,12/31,06/30,null,null,71410.1021,30,09,0,null,368,1.264
2021-09-30,2021-09-30,2021,4,2021,3,Marketable,Notes,91282CCR0,2021-08-02,2028-07-31,1,67937.6586,0,01/31,07/31,null,null,67937.6586,30,09,0,null,369,1.05
2021-09-30,2021-09-30,2021,4,2021,3,Marketable,Notes,9128284V9,2018-08-15,2028-08-15,2.875,75495.7101,0,02/15,08/15,null,null,29495.4751,30,09,0,null,370,2.96
2021-09-30,2021-09-30,2021,4,2021,3,Marketable,Notes,9128284V9,2018-09-17,2028-08-15,2.875,null,0,02/15,08/15,null,null,22999.9659,30,09,0,null,371,2.957
2021-09-30,2021-09-30,2021,4,2021,3,Marketable,Notes,9128284V9,2018-10-15,2028-08-15,2.875,null,0,02/15,08/15,null,null,23000.2691,30,09,0,null,372,3.225
2021-09-30,2021-09-30,2021,4,2021,3,Marketable,Notes,91282CCV1,2021-08-31,2028-08-31,1.125,69789.8029,0,02/28,08/31,null,null,69789.8029,30,09,0,null,373,1.155
2021-09-30,2021-09-30,2021,4,2021,3,Marketable,Notes,91282CCY5,2021-09-30,2028-09-30,1.25,69466.8974,0,03/31,09/30,null,null,69466.8974,30,09,0,null,374,1.332
2021-09-30,2021-09-30,2021,4,2021,3,Marketable,Notes,9128285M8,2018-11-15,2028-11-15,3.125,80505.8543,0,05/15,11/15,null,null,32506.5792,30,09,0,null,375,3.209
2021-09-30,2021-09-30,2021,4,2021,3,Marketable,Notes,9128285M8,2018-12-17,2028-11-15,3.125,null,0,05/15,11/15,null,null,23999.5335,30,09,0,null,376,2.915
2021-09-30,2021-09-30,2021,4,2021,3,Marketable,Notes,9128285M8,2019-01-15,2028-11-15,3.125,null,0,05/15,11/15,null,null,23999.7416,30,09,0,null,377,2.728
2021-09-30,2021-09-30,2021,4,2021,3,Marketable,Notes,9128286B1,2019-02-15,2029-02-15,2.625,81505.475,0,08/15,02/15,null,null,33502.0739,30,09,0,null,378,2.689
2021-09-30,2021-09-30,2021,4,2021,3,Marketable,Notes,9128286B1,2019-03-15,2029-02-15,2.625,null,0,08/15,02/15,null,null,24000.0332,30,09,0,null,379,2.615
2021-09-30,2021-09-30,2021,4,2021,3,Marketable,Notes,9128286B1,2019-04-15,2029-02-15,2.625,null,0,08/15,02/15,null,null,24003.3679,30,09,0,null,380,2.466
2021-09-30,2021-09-30,2021,4,2021,3,Marketable,Notes,9128286T2,2019-05-15,2029-05-15,2.375,84427.0589,0,11/15,05/15,null,null,36197.7175,30,09,0,null,381,2.479
2021-09-30,2021-09-30,2021,4,2021,3,Marketable,Notes,9128286T2,2019-06-17,2029-05-15,2.375,null,0,11/15,05/15,null,null,24000.0006,30,09,0,null,382,2.13
2021-09-30,2021-09-30,2021,4,2021,3,Marketable,Notes,9128286T2,2019-06-26,2029-05-15,2.375,null,0,11/15,05/15,null,null,25.0004,30,09,0,null,383,2.065
2021-09-30,2021-09-30,2021,4,2021,3,Marketable,Notes,9128286T2,2019-07-15,2029-05-15,2.375,null,0,11/15,05/15,null,null,24204.3404,30,09,0,null,384,2.064
2021-09-30,2021-09-30,2021,4,2021,3,Marketable,Notes,912828YB0,2019-08-15,2029-08-15,1.625,92618.67,0,02/15,08/15,null,null,44618.5812,30,09,0,null,385,1.67
2021-09-30,2021-09-30,2021,4,2021,3,Marketable,Notes,912828YB0,2019-09-16,2029-08-15,1.625,null,0,02/15,08/15,null,null,24000.0403,30,09,0,null,386,1.739
2021-09-30,2021-09-30,2021,4,2021,3,Marketable,Notes,912828YB0,2019-10-15,2029-08-15,1.625,null,0,02/15,08/15,null,null,24000.0485,30,09,0,null,387,1.59
2021-09-30,2021-09-30,2021,4,2021,3,Marketable,Notes,912828YS3,2019-11-15,2029-11-15,1.75,88552.5072,0,05/15,11/15,null,null,39784.5457,30,09,0,null,388,1.809
2021-09-30,2021-09-30,2021,4,2021,3,Marketable,Notes,912828YS3,2019-12-16,2029-11-15,1.75,null,0,05/15,11/15,null,null,24000.0112,30,09,0,null,389,1.842
2021-09-30,2021-09-30,2021,4,2021,3,Marketable,Notes,912828YS3,2020-01-15,2029-11-15,1.75,null,0,05/15,11/15,null,null,24767.9503,30,09,0,null,390,1.869
2021-09-30,2021-09-30,2021,4,2021,3,Marketable,Notes,912828Z94,2020-02-18,2030-02-15,1.5,88112.5957,0,08/15,02/15,null,null,39007.7122,30,09,0,null,391,1.622
2021-09-30,2021-09-30,2021,4,2021,3,Marketable,Notes,912828Z94,2020-03-16,2030-02-15,1.5,null,0,08/15,02/15,null,null,24022.5969,30,09,0,null,392,0.849
2021-09-30,2021-09-30,2021,4,2021,3,Marketable,Notes,912828Z94,2020-04-15,2030-02-15,1.5,null,0,08/15,02/15,null,null,25082.2866,30,09,0,null,393,0.782
2021-09-30,2021-09-30,2021,4,2021,3,Marketable,Notes,912828ZQ6,2020-05-15,2030-05-15,0.625,109879.7215,0,11/15,05/15,null,null,48923.195,30,09,0,null,394,0.7
2021-09-30,2021-09-30,2021,4,2021,3,Marketable,Notes,912828ZQ6,2020-06-15,2030-05-15,0.625,null,0,11/15,05/15,null,null,29412.3192,30,09,0,null,395,0.832
2021-09-30,2021-09-30,2021,4,2021,3,Marketable,Notes,912828ZQ6,2020-07-15,2030-05-15,0.625,null,0,11/15,05/15,null,null,31544.2073,30,09,0,null,396,0.653
2021-09-30,2021-09-30,2021,4,2021,3,Marketable,Notes,91282CAE1,2020-08-17,2030-08-15,0.625,133018.6532,0,02/15,08/15,null,null,60600.628,30,09,0,null,397,0.677
2021-09-30,2021-09-30,2021,4,2021,3,Marketable,Notes,91282CAE1,2020-09-15,2030-08-15,0.625,null,0,02/15,08/15,null,null,36438.9174,30,09,0,null,398,0.704
2021-09-30,2021-09-30,2021,4,2021,3,Marketable,Notes,91282CAE1,2020-10-15,2030-08-15,0.625,null,0,02/15,08/15,null,null,35979.1078,30,09,0,null,399,0.765
2021-09-30,2021-09-30,2021,4,2021,3,Marketable,Notes,91282CAV3,2020-11-16,2030-11-15,0.875,133680.8207,0,05/15,11/15,null,null,52242.272,30,09,0,null,400,0.96
2021-09-30,2021-09-30,2021,4,2021,3,Marketable,Notes,91282CAV3,2020-12-15,2030-11-15,0.875,null,0,05/15,11/15,null,null,39618.5582,30,09,0,null,401,0.951
2021-09-30,2021-09-30,2021,4,2021,3,Marketable,Notes,91282CAV3,2021-01-15,2030-11-15,0.875,null,0,05/15,11/15,null,null,41819.9905,30,09,0,null,402,1.164
2021-09-30,2021-09-30,2021,4,2021,3,Marketable,Notes,91282CBL4,2021-02-16,2031-02-15,1.125,140062.6147,0,08/15,02/15,null,null,55873.9708,30,09,0,null,403,1.155
2021-09-30,2021-09-30,2021,4,2021,3,Marketable,Notes,91282CBL4,2021-03-15,2031-02-15,1.125,null,0,08/15,02/15,null,null,40355.0173,30,09,0,null,404,1.523
2021-09-30,2021-09-30,2021,4,2021,3,Marketable,Notes,91282CBL4,2021-04-15,2031-02-15,1.125,null,0,08/15,02/15,null,null,43833.6266,30,09,0,null,405,1.68
2021-09-30,2021-09-30,2021,4,2021,3,Marketable,Notes,91282CCB5,2021-05-17,2031-05-15,1.625,148500.7151,0,11/15,05/15,null,null,62752.7687,30,09,0,null,406,1.684
2021-09-30,2021-09-30,2021,4,2021,3,Marketable,Notes,91282CCB5,2021-06-15,2031-05-15,1.625,null,0,11/15,05/15,null,null,41493.4388,30,09,0,null,407,1.497
2021-09-30,2021-09-30,2021,4,2021,3,Marketable,Notes,91282CCB5,2021-07-15,2031-05-15,1.625,null,0,11/15,05/15,null,null,44254.5076,30,09,0,null,408,1.371
2021-09-30,2021-09-30,2021,4,2021,3,Marketable,Notes,91282CCS8,2021-08-16,2031-08-15,1.25,101338.2334,0,02/15,08/15,null,null,59291.8637,30,09,0,null,409,1.34
2021-09-30,2021-09-30,2021,4,2021,3,Marketable,Notes,91282CCS8,2021-09-15,2031-08-15,1.25,null,0,02/15,08/15,null,null,42046.3697,30,09,0,null,410,1.338
2021-09-30,2021-09-30,2021,4,2021,3,Marketable,Notes,Total Unmatured Treasury Notes,null,null,null,12578904.8462,0,null,null,null,null,12578989.8462,30,09,-85,null,411,null
2021-09-30,2021-09-30,2021,4,2021,3,Marketable,Notes,Total Matured Treasury Notes,null,null,null,36.2535,0,null,null,null,null,36.2535,30,09,0,null,412,null
2021-09-30,2021-09-30,2021,4,2021,3,Marketable,Notes,Total Treasury Notes,null,null,null,12578941.0997,0,null,null,null,null,12579026.0997,30,09,-85,null,413,null
2021-09-30,2021-09-30,2021,4,2021,3,Marketable,Bonds,912810EL8,1991-11-15,2021-11-15,8,30632.194,0,05/15,11/15,null,null,12136.733,30,09,0,null,414,8.0023
2021-09-30,2021-09-30,2021,4,2021,3,Marketable,Bonds,912810EL8,1992-02-18,2021-11-15,8,null,0,05/15,11/15,null,null,10151.532,30,09,-2166.2,null,415,7.9139
2021-09-30,2021-09-30,2021,4,2021,3,Marketable,Bonds,912810EL8,1992-05-15,2021-11-15,8,null,0,05/15,11/15,null,null,10510.129,30,09,0,null,416,7.9974
2021-09-30,2021-09-30,2021,4,2021,3,Marketable,Bonds,912810EM6,1992-08-17,2022-08-15,7.25,10127.79,0,02/15,08/15,null,null,10352.79,30,09,-225,null,417,7.289
2021-09-30,2021-09-30,2021,4,2021,3,Marketable,Bonds,912810EN4,1992-11-16,2022-11-15,7.625,7423.626,0,05/15,11/15,null,null,10699.626,30,09,-3276,null,418,7.6567
2021-09-30,2021-09-30,2021,4,2021,3,Marketable,Bonds,912810EP9,1993-02-16,2023-02-15,7.125,15782.061,0,08/15,02/15,null,null,9817.275,30,09,-2592.3,null,419,7.2163
2021-09-30,2021-09-30,2021,4,2021,3,Marketable,Bonds,912810EP9,1993-05-17,2023-02-15,7.125,null,0,08/15,02/15,null,null,8557.086,30,09,0,null,420,6.9654
2021-09-30,2021-09-30,2021,4,2021,3,Marketable,Bonds,912810EQ7,1993-08-16,2023-08-15,6.25,22659.044,0,02/15,08/15,null,null,11530.334,30,09,-250,null,421,6.3283
2021-09-30,2021-09-30,2021,4,2021,3,Marketable,Bonds,912810EQ7,1994-02-15,2023-08-15,6.25,null,0,02/15,08/15,null,null,11378.71,30,09,0,null,422,6.4299
2021-09-30,2021-09-30,2021,4,2021,3,Marketable,Bonds,912810ES3,1994-08-15,2024-11-15,7.5,9604.162,0,11/15,05/15,null,null,11469.662,30,09,-1865.5,null,423,7.5583
2021-09-30,2021-09-30,2021,4,2021,3,Marketable,Bonds,912810ET1,1995-02-15,2025-02-15,7.625,9509.17,0,08/15,02/15,null,null,11725.17,30,09,-2216,null,424,7.6532
2021-09-30,2021-09-30,2021,4,2021,3,Marketable,Bonds,912810EV6,1995-08-15,2025-08-15,6.875,11187.207,0,02/15,08/15,null,null,12602.007,30,09,-1414.8,null,425,6.9062
2021-09-30,2021-09-30,2021,4,2021,3,Marketable,Bonds,912810EW4,1996-02-15,2026-02-15,6,12837.916,0,08/15,02/15,null,null,12904.916,30,09,-67,null,426,6.1187
2021-09-30,2021-09-30,2021,4,2021,3,Marketable,Bonds,912810EX2,1996-08-15,2026-08-15,6.75,8810.418,0,02/15,08/15,null,null,10893.818,30,09,-2083.4,null,427,6.7683
2021-09-30,2021-09-30,2021,4,2021,3,Marketable,Bonds,912810EY0,1996-11-15,2026-11-15,6.5,10860.177,0,05/15,11/15,null,null,11493.177,30,09,-633,null,428,6.6193
2021-09-30,2021-09-30,2021,4,2021,3,Marketable,Bonds,912810EZ7,1997-02-18,2027-02-15,6.625,9521.971,0,08/15,02/15,null,null,10456.071,30,09,-934.1,null,429,6.6397
2021-09-30,2021-09-30,2021,4,2021,3,Marketable,Bonds,912810FA1,1997-08-15,2027-08-15,6.375,9196.756,0,02/15,08/15,null,null,10735.756,30,09,-1539,null,430,6.4452
2021-09-30,2021-09-30,2021,4,2021,3,Marketable,Bonds,912810FB9,1997-11-17,2027-11-15,6.125,22021.339,0,05/15,11/15,null,null,11184.353,30,09,-497.2,null,431,6.2014
2021-09-30,2021-09-30,2021,4,2021,3,Marketable,Bonds,912810FB9,1998-02-17,2027-11-15,6.125,null,0,05/15,11/15,null,null,11334.186,30,09,0,null,432,5.8221
2021-09-30,2021-09-30,2021,4,2021,3,Marketable,Bonds,912810FE3,1998-08-17,2028-08-15,5.5,11776.201,0,02/15,08/15,null,null,11776.201,30,09,0,null,433,5.5904
2021-09-30,2021-09-30,2021,4,2021,3,Marketable,Bonds,912810FF0,1998-11-16,2028-11-15,5.25,10947.052,0,05/15,11/15,null,null,10947.052,30,09,0,null,434,5.3
2021-09-30,2021-09-30,2021,4,2021,3,Marketable,Bonds,912810FG8,1999-02-16,2029-02-15,5.25,11350.341,0,08/15,02/15,null,null,11350.341,30,09,0,null,435,5.298
2021-09-30,2021-09-30,2021,4,2021,3,Marketable,Bonds,912810FJ2,1999-08-16,2029-08-15,6.125,11178.58,0,02/15,08/15,null,null,11178.58,30,09,0,null,436,6.144
2021-09-30,2021-09-30,2021,4,2021,3,Marketable,Bonds,912810FM5,2000-02-15,2030-05-15,6.25,17043.162,0,05/15,11/15,null,null,11269.069,30,09,0,null,437,6.34
2021-09-30,2021-09-30,2021,4,2021,3,Marketable,Bonds,912810FM5,2000-08-15,2030-05-15,6.25,null,0,05/15,11/15,null,null,5774.093,30,09,0,null,438,5.697
2021-09-30,2021-09-30,2021,4,2021,3,Marketable,Bonds,912810FP8,2001-02-15,2031-02-15,5.375,16427.648,0,08/15,02/15,null,null,10886.993,30,09,0,null,439,5.46
2021-09-30,2021-09-30,2021,4,2021,3,Marketable,Bonds,912810FP8,2001-08-15,2031-02-15,5.375,null,0,08/15,02/15,null,null,5540.655,30,09,0,null,440,5.52
2021-09-30,2021-09-30,2021,4,2021,3,Marketable,Bonds,912810FT0,2006-02-15,2036-02-15,4.5,26397.13,0,08/15,02/15,null,null,14841.15,30,09,0,null,441,4.53
2021-09-30,2021-09-30,2021,4,2021,3,Marketable,Bonds,912810FT0,2006-08-15,2036-02-15,4.5,null,0,08/15,02/15,null,null,11555.98,30,09,0,null,442,5.08
2021-09-30,2021-09-30,2021,4,2021,3,Marketable,Bonds,912810PT9,2007-02-15,2037-02-15,4.75,16589.456,0,08/15,02/15,null,null,9825.586,30,09,0,null,443,4.812
2021-09-30,2021-09-30,2021,4,2021,3,Marketable,Bonds,912810PT9,2007-05-15,2037-02-15,4.75,null,0,08/15,02/15,null,null,6763.87,30,09,0,null,444,4.838
2021-09-30,2021-09-30,2021,4,2021,3,Marketable,Bonds,912810PU6,2007-08-15,2037-05-15,5,21413.045,0,11/15,05/15,null,null,13846.152,30,09,0,null,445,5.059
2021-09-30,2021-09-30,2021,4,2021,3,Marketable,Bonds,912810PU6,2007-11-15,2037-05-15,5,null,0,11/15,05/15,null,null,7566.893,30,09,0,null,446,4.666
2021-09-30,2021-09-30,2021,4,2021,3,Marketable,Bonds,912810PW2,2008-02-15,2038-02-15,4.375,22525.1487,0,08/15,02/15,null,null,13294.377,30,09,0,null,447,4.449
2021-09-30,2021-09-30,2021,4,2021,3,Marketable,Bonds,912810PW2,2008-05-15,2038-02-15,4.375,null,0,08/15,02/15,null,null,9230.7717,30,09,0,null,448,4.599
2021-09-30,2021-09-30,2021,4,2021,3,Marketable,Bonds,912810PX0,2008-08-15,2038-05-15,4.5,25500.1228,0,11/15,05/15,null,null,13728.111,30,09,0,null,449,4.609
2021-09-30,2021-09-30,2021,4,2021,3,Marketable,Bonds,912810PX0,2008-11-17,2038-05-15,4.5,null,0,11/15,05/15,null,null,11772.0118,30,09,0,null,450,4.31
2021-09-30,2021-09-30,2021,4,2021,3,Marketable,Bonds,912810QA9,2009-02-17,2039-02-15,3.5,25908.5693,0,08/15,02/15,null,null,14712.903,30,09,0,null,451,3.54
2021-09-30,2021-09-30,2021,4,2021,3,Marketable,Bonds,912810QA9,2009-03-16,2039-02-15,3.5,null,0,08/15,02/15,null,null,11195.6663,30,09,0,null,452,3.64
2021-09-30,2021-09-30,2021,4,2021,3,Marketable,Bonds,912810QB7,2009-05-15,2039-05-15,4.25,38778.773,0,11/15,05/15,null,null,16476.5417,30,09,0,null,453,4.288
2021-09-30,2021-09-30,2021,4,2021,3,Marketable,Bonds,912810QB7,2009-06-15,2039-05-15,4.25,null,0,11/15,05/15,null,null,11116.2765,30,09,0,null,454,4.72
2021-09-30,2021-09-30,2021,4,2021,3,Marketable,Bonds,912810QB7,2009-07-15,2039-05-15,4.25,null,0,11/15,05/15,null,null,11185.9548,30,09,0,null,455,4.303
2021-09-30,2021-09-30,2021,4,2021,3,Marketable,Bonds,912810QC5,2009-08-17,2039-08-15,4.5,41430.5382,0,02/15,08/15,null,null,17317.0373,30,09,0,null,456,4.541
2021-09-30,2021-09-30,2021,4,2021,3,Marketable,Bonds,912810QC5,2009-09-15,2039-08-15,4.5,null,0,02/15,08/15,null,null,12025.4266,30,09,0,null,457,4.238
2021-09-30,2021-09-30,2021,4,2021,3,Marketable,Bonds,912810QC5,2009-10-15,2039-08-15,4.5,null,0,02/15,08/15,null,null,12088.0743,30,09,0,null,458,4.009
2021-09-30,2021-09-30,2021,4,2021,3,Marketable,Bonds,912810QD3,2009-11-16,2039-11-15,4.375,44564.2491,0,05/15,11/15,null,null,17989.3001,30,09,0,null,459,4.469
2021-09-30,2021-09-30,2021,4,2021,3,Marketable,Bonds,912810QD3,2009-12-15,2039-11-15,4.375,null,0,05/15,11/15,null,null,13069.9495,30,09,0,null,460,4.52
2021-09-30,2021-09-30,2021,4,2021,3,Marketable,Bonds,912810QD3,2010-01-15,2039-11-15,4.375,null,0,05/15,11/15,null,null,13504.9995,30,09,0,null,461,4.64
2021-09-30,2021-09-30,2021,4,2021,3,Marketable,Bonds,912810QE1,2010-02-16,2040-02-15,4.625,44902.4903,0,08/15,02/15,null,null,17796.6808,30,09,0,null,462,4.72
2021-09-30,2021-09-30,2021,4,2021,3,Marketable,Bonds,912810QE1,2010-03-15,2040-02-15,4.625,null,0,08/15,02/15,null,null,13154.1481,30,09,0,null,463,4.679
2021-09-30,2021-09-30,2021,4,2021,3,Marketable,Bonds,912810QE1,2010-04-15,2040-02-15,4.625,null,0,08/15,02/15,null,null,13951.6614,30,09,0,null,464,4.77
2021-09-30,2021-09-30,2021,4,2021,3,Marketable,Bonds,912810QH4,2010-05-17,2040-05-15,4.375,43473.0444,0,11/15,05/15,null,null,17394.3627,30,09,0,null,465,4.49
2021-09-30,2021-09-30,2021,4,2021,3,Marketable,Bonds,912810QH4,2010-06-15,2040-05-15,4.375,null,0,11/15,05/15,null,null,13074.9781,30,09,0,null,466,4.182
2021-09-30,2021-09-30,2021,4,2021,3,Marketable,Bonds,912810QH4,2010-07-15,2040-05-15,4.375,null,0,11/15,05/15,null,null,13003.7036,30,09,0,null,467,4.08
2021-09-30,2021-09-30,2021,4,2021,3,Marketable,Bonds,912810SR0,2020-06-01,2040-05-15,1.125,60356.6392,0,11/15,05/15,null,null,22099.6866,30,09,0,null,468,1.22
2021-09-30,2021-09-30,2021,4,2021,3,Marketable,Bonds,912810SR0,2020-06-30,2040-05-15,1.125,null,0,11/15,05/15,null,null,19325.0904,30,09,0,null,469,1.314
2021-09-30,2021-09-30,2021,4,2021,3,Marketable,Bonds,912810SR0,2020-07-31,2040-05-15,1.125,null,0,11/15,05/15,null,null,18931.8622,30,09,0,null,470,1.059
2021-09-30,2021-09-30,2021,4,2021,3,Marketable,Bonds,912810QK7,2010-08-16,2040-08-15,3.875,43213.3168,0,02/15,08/15,null,null,16958.1849,30,09,0,null,471,3.954
2021-09-30,2021-09-30,2021,4,2021,3,Marketable,Bonds,912810QK7,2010-09-15,2040-08-15,3.875,null,0,02/15,08/15,null,null,13140.6836,30,09,0,null,472,3.82
2021-09-30,2021-09-30,2021,4,2021,3,Marketable,Bonds,912810QK7,2010-10-15,2040-08-15,3.875,null,0,02/15,08/15,null,null,13114.4483,30,09,0,null,473,3.852
2021-09-30,2021-09-30,2021,4,2021,3,Marketable,Bonds,912810SQ2,2020-08-31,2040-08-15,1.125,76517.7494,0,02/15,08/15,null,null,27171.8514,30,09,0,null,474,1.185
2021-09-30,2021-09-30,2021,4,2021,3,Marketable,Bonds,912810SQ2,2020-09-30,2040-08-15,1.125,null,0,02/15,08/15,null,null,25011.8285,30,09,0,null,475,1.213
2021-09-30,2021-09-30,2021,4,2021,3,Marketable,Bonds,912810SQ2,2020-11-02,2040-08-15,1.125,null,0,02/15,08/15,null,null,24334.0695,30,09,0,null,476,1.37
2021-09-30,2021-09-30,2021,4,2021,3,Marketable,Bonds,912810QL5,2010-11-15,2040-11-15,4.25,42903.1887,0,05/15,11/15,null,null,16429.1341,30,09,0,null,477,4.32
2021-09-30,2021-09-30,2021,4,2021,3,Marketable,Bonds,912810QL5,2010-12-15,2040-11-15,4.25,null,0,05/15,11/15,null,null,13189.1358,30,09,0,null,478,4.41
2021-09-30,2021-09-30,2021,4,2021,3,Marketable,Bonds,912810QL5,2011-01-18,2040-11-15,4.25,null,0,05/15,11/15,null,null,13284.9188,30,09,0,null,479,4.515
2021-09-30,2021-09-30,2021,4,2021,3,Marketable,Bonds,912810ST6,2020-11-30,2040-11-15,1.375,85640.9695,0,05/15,11/15,null,null,30745.6257,30,09,0,null,480,1.422
2021-09-30,2021-09-30,2021,4,2021,3,Marketable,Bonds,912810ST6,2020-12-31,2040-11-15,1.375,null,0,05/15,11/15,null,null,27651.533,30,09,0,null,481,1.47
2021-09-30,2021-09-30,2021,4,2021,3,Marketable,Bonds,912810ST6,2021-02-01,2040-11-15,1.375,null,0,05/15,11/15,null,null,27243.8108,30,09,0,null,482,1.657
2021-09-30,2021-09-30,2021,4,2021,3,Marketable,Bonds,912810QN1,2011-02-15,2041-02-15,4.75,43004.9451,0,08/15,02/15,null,null,16366.1608,30,09,0,null,483,4.75
2021-09-30,2021-09-30,2021,4,2021,3,Marketable,Bonds,912810QN1,2011-03-15,2041-02-15,4.75,null,0,08/15,02/15,null,null,12998.8176,30,09,0,null,484,4.569
2021-09-30,2021-09-30,2021,4,2021,3,Marketable,Bonds,912810QN1,2011-04-15,2041-02-15,4.75,null,0,08/15,02/15,null,null,13639.9667,30,09,0,null,485,4.531
2021-09-30,2021-09-30,2021,4,2021,3,Marketable,Bonds,912810SW9,2021-03-01,2041-02-15,1.875,89742.0879,0,08/15,02/15,null,null,32849.0388,30,09,0,null,486,1.92
2021-09-30,2021-09-30,2021,4,2021,3,Marketable,Bonds,912810SW9,2021-03-31,2041-02-15,1.875,null,0,08/15,02/15,null,null,28309.705,30,09,0,null,487,2.29
2021-09-30,2021-09-30,2021,4,2021,3,Marketable,Bonds,912810SW9,2021-04-30,2041-02-15,1.875,null,0,08/15,02/15,null,null,28583.3441,30,09,0,null,488,2.144
2021-09-30,2021-09-30,2021,4,2021,3,Marketable,Bonds,912810QQ4,2011-05-16,2041-05-15,4.375,41995.5073,0,11/15,05/15,null,null,16000.0039,30,09,0,null,489,4.38
2021-09-30,2021-09-30,2021,4,2021,3,Marketable,Bonds,912810QQ4,2011-06-15,2041-05-15,4.375,null,0,11/15,05/15,null,null,12995.5056,30,09,0,null,490,4.238
2021-09-30,2021-09-30,2021,4,2021,3,Marketable,Bonds,912810QQ4,2011-07-15,2041-05-15,4.375,null,0,11/15,05/15,null,null,12999.9978,30,09,0,null,491,4.198
2021-09-30,2021-09-30,2021,4,2021,3,Marketable,Bonds,912810SY5,2021-06-01,2041-05-15,2.25,86181.8406,0,11/15,05/15,null,null,32240.4836,30,09,0,null,492,2.286
2021-09-30,2021-09-30,2021,4,2021,3,Marketable,Bonds,912810SY5,2021-06-30,2041-05-15,2.25,null,0,11/15,05/15,null,null,27643.0298,30,09,0,null,493,2.12
2021-09-30,2021-09-30,2021,4,2021,3,Marketable,Bonds,912810SY5,2021-08-02,2041-05-15,2.25,null,0,11/15,05/15,null,null,26298.3272,30,09,0,null,494,1.89
2021-09-30,2021-09-30,2021,4,2021,3,Marketable,Bonds,912810QS0,2011-08-15,2041-08-15,3.75,42488.8374,0,02/15,08/15,null,null,16489.8004,30,09,0,null,495,3.75
2021-09-30,2021-09-30,2021,4,2021,3,Marketable,Bonds,912810QS0,2011-09-15,2041-08-15,3.75,null,0,02/15,08/15,null,null,12999.1178,30,09,0,null,496,3.31
2021-09-30,2021-09-30,2021,4,2021,3,Marketable,Bonds,912810QS0,2011-10-17,2041-08-15,3.75,null,0,02/15,08/15,null,null,12999.9192,30,09,0,null,497,3.12
2021-09-30,2021-09-30,2021,4,2021,3,Marketable,Bonds,912810TA6,2021-08-31,2041-08-15,1.75,57282.7615,0,02/15,08/15,null,null,30392.3486,30,09,0,null,498,1.85
2021-09-30,2021-09-30,2021,4,2021,3,Marketable,Bonds,912810TA6,2021-09-30,2041-08-15,1.75,null,0,02/15,08/15,null,null,26890.4129,30,09,0,null,499,1.795
2021-09-30,2021-09-30,2021,4,2021,3,Marketable,Bonds,912810QT8,2011-11-15,2041-11-15,3.125,44622.4439,0,05/15,11/15,null,null,17224.2705,30,09,0,null,500,3.199
2021-09-30,2021-09-30,2021,4,2021,3,Marketable,Bonds,912810QT8,2011-12-15,2041-11-15,3.125,null,0,05/15,11/15,null,null,13475.7731,30,09,0,null,501,2.925
2021-09-30,2021-09-30,2021,4,2021,3,Marketable,Bonds,912810QT8,2012-01-17,2041-11-15,3.125,null,0,05/15,11/15,null,null,13922.4003,30,09,0,null,502,2.985
2021-09-30,2021-09-30,2021,4,2021,3,Marketable,Bonds,912810QU5,2012-02-15,2042-02-15,3.125,47219.0442,0,08/15,02/15,null,null,17950.9148,30,09,0,null,503,3.24
2021-09-30,2021-09-30,2021,4,2021,3,Marketable,Bonds,912810QU5,2012-03-15,2042-02-15,3.125,null,0,08/15,02/15,null,null,13902.6631,30,09,0,null,504,3.383
2021-09-30,2021-09-30,2021,4,2021,3,Marketable,Bonds,912810QU5,2012-04-16,2042-02-15,3.125,null,0,08/15,02/15,null,null,15365.4663,30,09,0,null,505,3.23
2021-09-30,2021-09-30,2021,4,2021,3,Marketable,Bonds,912810QW1,2012-05-15,2042-05-15,3,43918.6856,0,11/15,05/15,null,null,17001.0186,30,09,0,null,506,3.09
2021-09-30,2021-09-30,2021,4,2021,3,Marketable,Bonds,912810QW1,2012-06-15,2042-05-15,3,null,0,11/15,05/15,null,null,13917.7567,30,09,0,null,507,2.72
2021-09-30,2021-09-30,2021,4,2021,3,Marketable,Bonds,912810QW1,2012-07-16,2042-05-15,3,null,0,11/15,05/15,null,null,12999.9103,30,09,0,null,508,2.58
2021-09-30,2021-09-30,2021,4,2021,3,Marketable,Bonds,912810QX9,2012-08-15,2042-08-15,2.75,41995.4323,0,02/15,08/15,null,null,16000.2196,30,09,0,null,509,2.825
2021-09-30,2021-09-30,2021,4,2021,3,Marketable,Bonds,912810QX9,2012-09-17,2042-08-15,2.75,null,0,02/15,08/15,null,null,12995.1937,30,09,0,null,510,2.896
2021-09-30,2021-09-30,2021,4,2021,3,Marketable,Bonds,912810QX9,2012-10-15,2042-08-15,2.75,null,0,02/15,08/15,null,null,13000.019,30,09,0,null,511,2.904
2021-09-30,2021-09-30,2021,4,2021,3,Marketable,Bonds,912810QY7,2012-11-15,2042-11-15,2.75,41994.0093,0,05/15,11/15,null,null,15995.0058,30,09,0,null,512,2.82
2021-09-30,2021-09-30,2021,4,2021,3,Marketable,Bonds,912810QY7,2012-12-17,2042-11-15,2.75,null,0,05/15,11/15,null,null,12999.0028,30,09,0,null,513,2.917
2021-09-30,2021-09-30,2021,4,2021,3,Marketable,Bonds,912810QY7,2013-01-15,2042-11-15,2.75,null,0,05/15,11/15,null,null,13000.0007,30,09,0,null,514,3.07
2021-09-30,2021-09-30,2021,4,2021,3,Marketable,Bonds,912810QZ4,2013-02-15,2043-02-15,3.125,41999.7585,0,08/15,02/15,null,null,15999.8365,30,09,0,null,515,3.18
2021-09-30,2021-09-30,2021,4,2021,3,Marketable,Bonds,912810QZ4,2013-03-15,2043-02-15,3.125,null,0,08/15,02/15,null,null,13000.0354,30,09,0,null,516,3.248
2021-09-30,2021-09-30,2021,4,2021,3,Marketable,Bonds,912810QZ4,2013-04-15,2043-02-15,3.125,null,0,08/15,02/15,null,null,12999.8866,30,09,0,null,517,2.998
2021-09-30,2021-09-30,2021,4,2021,3,Marketable,Bonds,912810RB6,2013-05-15,2043-05-15,2.875,41999.3186,0,11/15,05/15,null,null,16000.0296,30,09,0,null,518,2.98
2021-09-30,2021-09-30,2021,4,2021,3,Marketable,Bonds,912810RB6,2013-06-17,2043-05-15,2.875,null,0,11/15,05/15,null,null,13000.0033,30,09,0,null,519,3.355
2021-09-30,2021-09-30,2021,4,2021,3,Marketable,Bonds,912810RB6,2013-07-15,2043-05-15,2.875,null,0,11/15,05/15,null,null,12999.2857,30,09,0,null,520,3.66
2021-09-30,2021-09-30,2021,4,2021,3,Marketable,Bonds,912810RC4,2013-08-15,2043-08-15,3.625,41998.9684,0,02/15,08/15,null,null,15998.8569,30,09,0,null,521,3.652
2021-09-30,2021-09-30,2021,4,2021,3,Marketable,Bonds,912810RC4,2013-09-16,2043-08-15,3.625,null,0,02/15,08/15,null,null,13000.0197,30,09,0,null,522,3.82
2021-09-30,2021-09-30,2021,4,2021,3,Marketable,Bonds,912810RC4,2013-10-15,2043-08-15,3.625,null,0,02/15,08/15,null,null,13000.0918,30,09,0,null,523,3.758
2021-09-30,2021-09-30,2021,4,2021,3,Marketable,Bonds,912810RD2,2013-11-15,2043-11-15,3.75,41994.7869,0,05/15,11/15,null,null,15995.0431,30,09,0,null,524,3.81
2021-09-30,2021-09-30,2021,4,2021,3,Marketable,Bonds,912810RD2,2013-12-16,2043-11-15,3.75,null,0,05/15,11/15,null,null,12999.7067,30,09,0,null,525,3.9
2021-09-30,2021-09-30,2021,4,2021,3,Marketable,Bonds,912810RD2,2014-01-15,2043-11-15,3.75,null,0,05/15,11/15,null,null,13000.0371,30,09,0,null,526,3.899
2021-09-30,2021-09-30,2021,4,2021,3,Marketable,Bonds,912810RE0,2014-02-18,2044-02-15,3.625,41999.8793,0,08/15,02/15,null,null,15999.7548,30,09,0,null,527,3.69
2021-09-30,2021-09-30,2021,4,2021,3,Marketable,Bonds,912810RE0,2014-03-17,2044-02-15,3.625,null,0,08/15,02/15,null,null,13000.1118,30,09,0,null,528,3.63
2021-09-30,2021-09-30,2021,4,2021,3,Marketable,Bonds,912810RE0,2014-04-15,2044-02-15,3.625,null,0,08/15,02/15,null,null,13000.0127,30,09,0,null,529,3.525
2021-09-30,2021-09-30,2021,4,2021,3,Marketable,Bonds,912810RG5,2014-05-15,2044-05-15,3.375,41992.1145,0,11/15,05/15,null,null,15995.1467,30,09,0,null,530,3.44
2021-09-30,2021-09-30,2021,4,2021,3,Marketable,Bonds,912810RG5,2014-06-16,2044-05-15,3.375,null,0,11/15,05/15,null,null,12999.9971,30,09,0,null,531,3.444
2021-09-30,2021-09-30,2021,4,2021,3,Marketable,Bonds,912810RG5,2014-07-15,2044-05-15,3.375,null,0,11/15,05/15,null,null,12996.9707,30,09,0,null,532,3.369
2021-09-30,2021-09-30,2021,4,2021,3,Marketable,Bonds,912810RH3,2014-08-15,2044-08-15,3.125,42000.0298,0,02/15,08/15,null,null,15999.9999,30,09,0,null,533,3.224
2021-09-30,2021-09-30,2021,4,2021,3,Marketable,Bonds,912810RH3,2014-09-15,2044-08-15,3.125,null,0,02/15,08/15,null,null,13000.0509,30,09,0,null,534,3.24
2021-09-30,2021-09-30,2021,4,2021,3,Marketable,Bonds,912810RH3,2014-10-15,2044-08-15,3.125,null,0,02/15,08/15,null,null,12999.979,30,09,0,null,535,3.074
2021-09-30,2021-09-30,2021,4,2021,3,Marketable,Bonds,912810RJ9,2014-11-17,2044-11-15,3,42020.8915,0,05/15,11/15,null,null,16021.3911,30,09,0,null,536,3.092
2021-09-30,2021-09-30,2021,4,2021,3,Marketable,Bonds,912810RJ9,2014-12-15,2044-11-15,3,null,0,05/15,11/15,null,null,13000.0093,30,09,0,null,537,2.848
2021-09-30,2021-09-30,2021,4,2021,3,Marketable,Bonds,912810RJ9,2015-01-15,2044-11-15,3,null,0,05/15,11/15,null,null,12999.4911,30,09,0,null,538,2.43
2021-09-30,2021-09-30,2021,4,2021,3,Marketable,Bonds,912810RK6,2015-02-17,2045-02-15,2.5,42000.609,0,08/15,02/15,null,null,16000.5989,30,09,0,null,539,2.56
2021-09-30,2021-09-30,2021,4,2021,3,Marketable,Bonds,912810RK6,2015-03-16,2045-02-15,2.5,null,0,08/15,02/15,null,null,13000.0013,30,09,0,null,540,2.681
2021-09-30,2021-09-30,2021,4,2021,3,Marketable,Bonds,912810RK6,2015-04-15,2045-02-15,2.5,null,0,08/15,02/15,null,null,13000.0088,30,09,0,null,541,2.597
2021-09-30,2021-09-30,2021,4,2021,3,Marketable,Bonds,912810RM2,2015-05-15,2045-05-15,3,42361.7146,0,11/15,05/15,null,null,16361.9009,30,09,0,null,542,3.044
2021-09-30,2021-09-30,2021,4,2021,3,Marketable,Bonds,912810RM2,2015-06-15,2045-05-15,3,null,0,11/15,05/15,null,null,12999.8126,30,09,0,null,543,3.138
2021-09-30,2021-09-30,2021,4,2021,3,Marketable,Bonds,912810RM2,2015-07-15,2045-05-15,3,null,0,11/15,05/15,null,null,13000.0011,30,09,0,null,544,3.084
2021-09-30,2021-09-30,2021,4,2021,3,Marketable,Bonds,912810RN0,2015-08-17,2045-08-15,2.875,42320.9862,0,02/15,08/15,null,null,16321.6472,30,09,0,null,545,2.88
2021-09-30,2021-09-30,2021,4,2021,3,Marketable,Bonds,912810RN0,2015-09-15,2045-08-15,2.875,null,0,02/15,08/15,null,null,12999.3338,30,09,0,null,546,2.98
2021-09-30,2021-09-30,2021,4,2021,3,Marketable,Bonds,912810RN0,2015-10-15,2045-08-15,2.875,null,0,02/15,08/15,null,null,13000.0052,30,09,0,null,547,2.914
2021-09-30,2021-09-30,2021,4,2021,3,Marketable,Bonds,912810RP5,2015-11-16,2045-11-15,3,42076.6697,0,05/15,11/15,null,null,16081.6808,30,09,0,null,548,3.07
2021-09-30,2021-09-30,2021,4,2021,3,Marketable,Bonds,912810RP5,2015-12-15,2045-11-15,3,null,0,05/15,11/15,null,null,13000.0033,30,09,0,null,549,2.978
2021-09-30,2021-09-30,2021,4,2021,3,Marketable,Bonds,912810RP5,2016-01-15,2045-11-15,3,null,0,05/15,11/15,null,null,12994.9856,30,09,0,null,550,2.905
2021-09-30,2021-09-30,2021,4,2021,3,Marketable,Bonds,912810RQ3,2016-02-16,2046-02-15,2.5,40252.1694,0,08/15,02/15,null,null,16172.8217,30,09,0,null,551,2.5
2021-09-30,2021-09-30,2021,4,2021,3,Marketable,Bonds,912810RQ3,2016-03-15,2046-02-15,2.5,null,0,08/15,02/15,null,null,11999.9,30,09,0,null,552,2.72
2021-09-30,2021-09-30,2021,4,2021,3,Marketable,Bonds,912810RQ3,2016-04-15,2046-02-15,2.5,null,0,08/15,02/15,null,null,12079.4477,30,09,0,null,553,2.596
2021-09-30,2021-09-30,2021,4,2021,3,Marketable,Bonds,912810RS9,2016-05-16,2046-05-15,2.5,43173.5347,0,11/15,05/15,null,null,18392.2459,30,09,0,null,554,2.615
2021-09-30,2021-09-30,2021,4,2021,3,Marketable,Bonds,912810RS9,2016-06-15,2046-05-15,2.5,null,0,11/15,05/15,null,null,11999.9822,30,09,0,null,555,2.475
2021-09-30,2021-09-30,2021,4,2021,3,Marketable,Bonds,912810RS9,2016-07-15,2046-05-15,2.5,null,0,11/15,05/15,null,null,12781.3066,30,09,0,null,556,2.172
2021-09-30,2021-09-30,2021,4,2021,3,Marketable,Bonds,912810RT7,2016-08-15,2046-08-15,2.25,40536.4068,0,02/15,08/15,null,null,16536.3595,30,09,0,null,557,2.274
2021-09-30,2021-09-30,2021,4,2021,3,Marketable,Bonds,912810RT7,2016-09-15,2046-08-15,2.25,null,0,02/15,08/15,null,null,12000.0163,30,09,0,null,558,2.475
2021-09-30,2021-09-30,2021,4,2021,3,Marketable,Bonds,912810RT7,2016-10-17,2046-08-15,2.25,null,0,02/15,08/15,null,null,12000.031,30,09,0,null,559,2.47
2021-09-30,2021-09-30,2021,4,2021,3,Marketable,Bonds,912810RU4,2016-11-15,2046-11-15,2.875,42948.7745,0,05/15,11/15,null,null,18283.8168,30,09,0,null,560,2.902
2021-09-30,2021-09-30,2021,4,2021,3,Marketable,Bonds,912810RU4,2016-12-15,2046-11-15,2.875,null,0,05/15,11/15,null,null,12000.0298,30,09,0,null,561,3.152
2021-09-30,2021-09-30,2021,4,2021,3,Marketable,Bonds,912810RU4,2017-01-17,2046-11-15,2.875,null,0,05/15,11/15,null,null,12664.9279,30,09,0,null,562,2.914
2021-09-30,2021-09-30,2021,4,2021,3,Marketable,Bonds,912810RV2,2017-02-15,2047-02-15,3,40830.504,0,08/15,02/15,null,null,16731.8897,30,09,0,null,563,3.005
2021-09-30,2021-09-30,2021,4,2021,3,Marketable,Bonds,912810RV2,2017-03-15,2047-02-15,3,null,0,08/15,02/15,null,null,11999.9942,30,09,0,null,564,3.17
2021-09-30,2021-09-30,2021,4,2021,3,Marketable,Bonds,912810RV2,2017-04-17,2047-02-15,3,null,0,08/15,02/15,null,null,12098.6201,30,09,0,null,565,2.938
2021-09-30,2021-09-30,2021,4,2021,3,Marketable,Bonds,912810RX8,2017-05-15,2047-05-15,3,44224.115,0,11/15,05/15,null,null,19950.6049,30,09,0,null,566,3.05
2021-09-30,2021-09-30,2021,4,2021,3,Marketable,Bonds,912810RX8,2017-06-15,2047-05-15,3,null,0,11/15,05/15,null,null,11999.5917,30,09,0,null,567,2.87
2021-09-30,2021-09-30,2021,4,2021,3,Marketable,Bonds,912810RX8,2017-07-17,2047-05-15,3,null,0,11/15,05/15,null,null,12273.9184,30,09,0,null,568,2.936
2021-09-30,2021-09-30,2021,4,2021,3,Marketable,Bonds,912810RY6,2017-08-15,2047-08-15,2.75,43512.3307,0,02/15,08/15,null,null,19513.2736,30,09,0,null,569,2.818
2021-09-30,2021-09-30,2021,4,2021,3,Marketable,Bonds,912810RY6,2017-09-15,2047-08-15,2.75,null,0,02/15,08/15,null,null,11999.8802,30,09,0,null,570,2.79
2021-09-30,2021-09-30,2021,4,2021,3,Marketable,Bonds,912810RY6,2017-10-16,2047-08-15,2.75,null,0,02/15,08/15,null,null,11999.1769,30,09,0,null,571,2.87
2021-09-30,2021-09-30,2021,4,2021,3,Marketable,Bonds,912810RZ3,2017-11-15,2047-11-15,2.75,41228.7507,0,05/15,11/15,null,null,16823.7432,30,09,0,null,572,2.801
2021-09-30,2021-09-30,2021,4,2021,3,Marketable,Bonds,912810RZ3,2017-12-15,2047-11-15,2.75,null,0,05/15,11/15,null,null,11999.0648,30,09,0,null,573,2.804
2021-09-30,2021-09-30,2021,4,2021,3,Marketable,Bonds,912810RZ3,2018-01-16,2047-11-15,2.75,null,0,05/15,11/15,null,null,12405.9427,30,09,0,null,574,2.867
2021-09-30,2021-09-30,2021,4,2021,3,Marketable,Bonds,912810SA7,2018-02-15,2048-02-15,3,45044.5056,0,08/15,02/15,null,null,19022.2402,30,09,0,null,575,3.121
2021-09-30,2021-09-30,2021,4,2021,3,Marketable,Bonds,912810SA7,2018-03-15,2048-02-15,3,null,0,08/15,02/15,null,null,12999.9921,30,09,0,null,576,3.109
2021-09-30,2021-09-30,2021,4,2021,3,Marketable,Bonds,912810SA7,2018-04-16,2048-02-15,3,null,0,08/15,02/15,null,null,13022.2733,30,09,0,null,577,3.044
2021-09-30,2021-09-30,2021,4,2021,3,Marketable,Bonds,912810SC3,2018-05-15,2048-05-15,3.125,49151.6241,0,11/15,05/15,null,null,21098.1838,30,09,0,null,578,3.13
2021-09-30,2021-09-30,2021,4,2021,3,Marketable,Bonds,912810SC3,2018-06-15,2048-05-15,3.125,null,0,11/15,05/15,null,null,14000.0293,30,09,0,null,579,3.1
2021-09-30,2021-09-30,2021,4,2021,3,Marketable,Bonds,912810SC3,2018-07-16,2048-05-15,3.125,null,0,11/15,05/15,null,null,14053.411,30,09,0,null,580,2.958
2021-09-30,2021-09-30,2021,4,2021,3,Marketable,Bonds,912810SD1,2018-08-15,2048-08-15,3,50414.7811,0,02/15,08/15,null,null,20414.8055,30,09,0,null,581,3.09
2021-09-30,2021-09-30,2021,4,2021,3,Marketable,Bonds,912810SD1,2018-09-17,2048-08-15,3,null,0,02/15,08/15,null,null,15000.0231,30,09,0,null,582,3.088
2021-09-30,2021-09-30,2021,4,2021,3,Marketable,Bonds,912810SD1,2018-10-15,2048-08-15,3,null,0,02/15,08/15,null,null,14999.9525,30,09,0,null,583,3.344
2021-09-30,2021-09-30,2021,4,2021,3,Marketable,Bonds,912810SE9,2018-11-15,2048-11-15,3.375,54868.2813,0,05/15,11/15,null,null,22873.5907,30,09,0,null,584,3.418
2021-09-30,2021-09-30,2021,4,2021,3,Marketable,Bonds,912810SE9,2018-12-17,2048-11-15,3.375,null,0,05/15,11/15,null,null,15999.9919,30,09,0,null,585,3.165
2021-09-30,2021-09-30,2021,4,2021,3,Marketable,Bonds,912810SE9,2019-01-15,2048-11-15,3.375,null,0,05/15,11/15,null,null,15994.6987,30,09,0,null,586,3.035
2021-09-30,2021-09-30,2021,4,2021,3,Marketable,Bonds,912810SF6,2019-02-15,2049-02-15,3,55576.5118,0,08/15,02/15,null,null,23574.6037,30,09,0,null,587,3.022
2021-09-30,2021-09-30,2021,4,2021,3,Marketable,Bonds,912810SF6,2019-03-15,2049-02-15,3,null,0,08/15,02/15,null,null,15999.8837,30,09,0,null,588,3.014
2021-09-30,2021-09-30,2021,4,2021,3,Marketable,Bonds,912810SF6,2019-04-15,2049-02-15,3,null,0,08/15,02/15,null,null,16002.0244,30,09,0,null,589,2.93
2021-09-30,2021-09-30,2021,4,2021,3,Marketable,Bonds,912810SH2,2019-05-15,2049-05-15,2.875,57608.3688,0,11/15,05/15,null,null,25472.4889,30,09,0,null,590,2.892
2021-09-30,2021-09-30,2021,4,2021,3,Marketable,Bonds,912810SH2,2019-06-17,2049-05-15,2.875,null,0,11/15,05/15,null,null,15999.6485,30,09,0,null,591,2.607
2021-09-30,2021-09-30,2021,4,2021,3,Marketable,Bonds,912810SH2,2019-07-15,2049-05-15,2.875,null,0,11/15,05/15,null,null,16136.2314,30,09,0,null,592,2.644
2021-09-30,2021-09-30,2021,4,2021,3,Marketable,Bonds,912810SJ8,2019-08-15,2049-08-15,2.25,63396.3568,0,02/15,08/15,null,null,31398.5093,30,09,0,null,593,2.335
2021-09-30,2021-09-30,2021,4,2021,3,Marketable,Bonds,912810SJ8,2019-09-16,2049-08-15,2.25,null,0,02/15,08/15,null,null,15997.8287,30,09,0,null,594,2.27
2021-09-30,2021-09-30,2021,4,2021,3,Marketable,Bonds,912810SJ8,2019-10-15,2049-08-15,2.25,null,0,02/15,08/15,null,null,16000.0188,30,09,0,null,595,2.17
2021-09-30,2021-09-30,2021,4,2021,3,Marketable,Bonds,912810SK5,2019-11-15,2049-11-15,2.375,60504.7488,0,05/15,11/15,null,null,27993.8267,30,09,0,null,596,2.43
2021-09-30,2021-09-30,2021,4,2021,3,Marketable,Bonds,912810SK5,2019-12-16,2049-11-15,2.375,null,0,05/15,11/15,null,null,15998.9551,30,09,0,null,597,2.307
2021-09-30,2021-09-30,2021,4,2021,3,Marketable,Bonds,912810SK5,2020-01-15,2049-11-15,2.375,null,0,05/15,11/15,null,null,16511.967,30,09,0,null,598,2.341
2021-09-30,2021-09-30,2021,4,2021,3,Marketable,Bonds,912810SL3,2020-02-18,2050-02-15,2,60520.8597,0,08/15,02/15,null,null,27449.7799,30,09,0,null,599,2.061
2021-09-30,2021-09-30,2021,4,2021,3,Marketable,Bonds,912810SL3,2020-03-16,2050-02-15,2,null,0,08/15,02/15,null,null,16015.1411,30,09,0,null,600,1.32
2021-09-30,2021-09-30,2021,4,2021,3,Marketable,Bonds,912810SL3,2020-04-15,2050-02-15,2,null,0,08/15,02/15,null,null,17055.9387,30,09,0,null,601,1.325
2021-09-30,2021-09-30,2021,4,2021,3,Marketable,Bonds,912810SN9,2020-05-15,2050-05-15,1.25,73571.7975,0,11/15,05/15,null,null,33634.7555,30,09,0,null,602,1.342
2021-09-30,2021-09-30,2021,4,2021,3,Marketable,Bonds,912810SN9,2020-06-15,2050-05-15,1.25,null,0,11/15,05/15,null,null,19270.143,30,09,0,null,603,1.45
2021-09-30,2021-09-30,2021,4,2021,3,Marketable,Bonds,912810SN9,2020-07-15,2050-05-15,1.25,null,0,11/15,05/15,null,null,20666.899,30,09,0,null,604,1.33
2021-09-30,2021-09-30,2021,4,2021,3,Marketable,Bonds,912810SP4,2020-08-17,2050-08-15,1.375,89052.5089,0,02/15,08/15,null,null,41463.5671,30,09,0,null,605,1.406
2021-09-30,2021-09-30,2021,4,2021,3,Marketable,Bonds,912810SP4,2020-09-15,2050-08-15,1.375,null,0,02/15,08/15,null,null,23945.5682,30,09,0,null,606,1.473
2021-09-30,2021-09-30,2021,4,2021,3,Marketable,Bonds,912810SP4,2020-10-15,2050-08-15,1.375,null,0,02/15,08/15,null,null,23643.3736,30,09,0,null,607,1.578
2021-09-30,2021-09-30,2021,4,2021,3,Marketable,Bonds,912810SS8,2020-11-16,2050-11-15,1.625,85838.2569,0,05/15,11/15,null,null,34403.3897,30,09,0,null,608,1.68
2021-09-30,2021-09-30,2021,4,2021,3,Marketable,Bonds,912810SS8,2020-12-15,2050-11-15,1.625,null,0,05/15,11/15,null,null,25022.2459,30,09,0,null,609,1.665
2021-09-30,2021-09-30,2021,4,2021,3,Marketable,Bonds,912810SS8,2021-01-15,2050-11-15,1.625,null,0,05/15,11/15,null,null,26412.6213,30,09,0,null,610,1.825
2021-09-30,2021-09-30,2021,4,2021,3,Marketable,Bonds,912810SU3,2021-02-16,2051-02-15,1.875,89966.4911,0,08/15,02/15,null,null,36794.6651,30,09,0,null,611,1.933
2021-09-30,2021-09-30,2021,4,2021,3,Marketable,Bonds,912810SU3,2021-03-15,2051-02-15,1.875,null,0,08/15,02/15,null,null,25487.4006,30,09,0,null,612,2.295
2021-09-30,2021-09-30,2021,4,2021,3,Marketable,Bonds,912810SU3,2021-04-15,2051-02-15,1.875,null,0,08/15,02/15,null,null,27684.4254,30,09,0,null,613,2.32
2021-09-30,2021-09-30,2021,4,2021,3,Marketable,Bonds,912810SX7,2021-05-17,2051-05-15,2.375,95480.5869,0,11/15,05/15,null,null,41323.6408,30,09,0,null,614,2.395
2021-09-30,2021-09-30,2021,4,2021,3,Marketable,Bonds,912810SX7,2021-06-15,2051-05-15,2.375,null,0,11/15,05/15,null,null,26206.0007,30,09,0,null,615,2.172
2021-09-30,2021-09-30,2021,4,2021,3,Marketable,Bonds,912810SX7,2021-07-15,2051-05-15,2.375,null,0,11/15,05/15,null,null,27950.9454,30,09,0,null,616,2
2021-09-30,2021-09-30,2021,4,2021,3,Marketable,Bonds,912810SZ2,2021-08-16,2051-08-15,2,65601.2797,0,02/15,08/15,null,null,39045.8235,30,09,0,null,617,2.04
2021-09-30,2021-09-30,2021,4,2021,3,Marketable,Bonds,912810SZ2,2021-09-15,2051-08-15,2,null,0,02/15,08/15,null,null,26555.4562,30,09,0,null,618,1.91
2021-09-30,2021-09-30,2021,4,2021,3,Marketable,Bonds,Total Unmatured Treasury Bonds,null,null,null,3347526.1123,0,null,null,null,null,3367285.6123,30,09,-19759.5,null,619,null
2021-09-30,2021-09-30,2021,4,2021,3,Marketable,Bonds,Total Matured Treasury Bonds,null,null,null,29.37675,0,null,null,null,null,29.37675,30,09,0,null,620,null
2021-09-30,2021-09-30,2021,4,2021,3,Marketable,Bonds,Total Treasury Bonds,null,null,null,3347555.48905,0,null,null,null,null,3367314.98905,30,09,-19759.5,null,621,null
2021-09-30,2021-09-30,2021,4,2021,3,Marketable,Inflation-Protected Securities,912828SA9,2012-01-31,2022-01-15,0.125,49776.0613362,3148.0360916,07/15,01/15,null,null,15281.7286,30,09,0,null,622,-0.046
2021-09-30,2021-09-30,2021,4,2021,3,Marketable,Inflation-Protected Securities,912828SA9,2012-03-30,2022-01-15,0.125,null,2677.9720252,07/15,01/15,null,null,12999.8642,30,09,0,null,623,-0.089
2021-09-30,2021-09-30,2021,4,2021,3,Marketable,Inflation-Protected Securities,912828SA9,2012-05-31,2022-01-15,0.125,null,2676.3705194,07/15,01/15,null,null,13000.0899,30,09,-8,null,624,-0.391
2021-09-30,2021-09-30,2021,4,2021,3,Marketable,Inflation-Protected Securities,912828X39,2017-04-28,2022-04-15,0.125,49867.53392763,1957.99787587,10/15,04/15,null,null,15998.0217,30,09,0,null,625,-0.049
2021-09-30,2021-09-30,2021,4,2021,3,Marketable,Inflation-Protected Securities,912828X39,2017-08-31,2022-04-15,0.125,null,1766.96825934,10/15,04/15,null,null,14437.1947,30,09,0,null,626,0.117
2021-09-30,2021-09-30,2021,4,2021,3,Marketable,Inflation-Protected Securities,912828X39,2017-12-29,2022-04-15,0.125,null,1712.79389242,10/15,04/15,null,null,13994.5575,30,09,0,null,627,0.37
2021-09-30,2021-09-30,2021,4,2021,3,Marketable,Inflation-Protected Securities,912828TE0,2012-07-31,2022-07-15,0.125,48663.36496138,2804.2676566,01/15,07/15,null,null,14998.4899,30,09,0,null,628,-0.637
2021-09-30,2021-09-30,2021,4,2021,3,Marketable,Inflation-Protected Securities,912828TE0,2012-09-28,2022-07-15,0.125,null,2430.51457051,01/15,07/15,null,null,12999.4896,30,09,0,null,629,-0.75
2021-09-30,2021-09-30,2021,4,2021,3,Marketable,Inflation-Protected Securities,912828TE0,2012-11-30,2022-07-15,0.125,null,2430.60893427,01/15,07/15,null,null,12999.9943,30,09,0,null,630,-0.72
2021-09-30,2021-09-30,2021,4,2021,3,Marketable,Inflation-Protected Securities,912828UH1,2013-01-31,2023-01-15,0.125,48476.84639629,2738.22895199,07/15,01/15,null,null,14999.8847,30,09,0,null,631,-0.63
2021-09-30,2021-09-30,2021,4,2021,3,Marketable,Inflation-Protected Securities,912828UH1,2013-03-28,2023-01-15,0.125,null,2373.10450854,07/15,01/15,null,null,12999.7508,30,09,0,null,632,-0.602
2021-09-30,2021-09-30,2021,4,2021,3,Marketable,Inflation-Protected Securities,912828UH1,2013-05-31,2023-01-15,0.125,null,2372.02733576,07/15,01/15,null,null,12998.8501,30,09,-5,null,633,-0.225
2021-09-30,2021-09-30,2021,4,2021,3,Marketable,Inflation-Protected Securities,9128284H0,2018-04-30,2023-04-15,0.625,51679.55222735,1784.53703893,10/15,04/15,null,null,18042.0285,30,09,0,null,634,0.631
2021-09-30,2021-09-30,2021,4,2021,3,Marketable,Inflation-Protected Securities,9128284H0,2018-08-31,2023-04-15,0.625,null,1482.27929533,10/15,04/15,null,null,14986.1419,30,09,0,null,635,0.724
2021-09-30,2021-09-30,2021,4,2021,3,Marketable,Inflation-Protected Securities,9128284H0,2018-12-31,2023-04-15,0.625,null,1384.72429309,10/15,04/15,null,null,13999.8412,30,09,0,null,636,1.129
2021-09-30,2021-09-30,2021,4,2021,3,Marketable,Inflation-Protected Securities,912828VM9,2013-07-31,2023-07-15,0.375,48087.03706279,2593.88296701,01/15,07/15,null,null,15000.4798,30,09,0,null,637,0.384
2021-09-30,2021-09-30,2021,4,2021,3,Marketable,Inflation-Protected Securities,912828VM9,2013-09-30,2023-07-15,0.375,null,2247.96688222,01/15,07/15,null,null,13000.0398,30,09,0,null,638,0.5
2021-09-30,2021-09-30,2021,4,2021,3,Marketable,Inflation-Protected Securities,912828VM9,2013-11-29,2023-07-15,0.375,null,2247.47461356,01/15,07/15,null,null,13000.193,30,09,-3,null,639,0.56
2021-09-30,2021-09-30,2021,4,2021,3,Marketable,Inflation-Protected Securities,912828B25,2014-01-31,2024-01-15,0.625,47939.74992112,2547.59976223,07/15,01/15,null,null,14999.9986,30,09,0,null,640,0.661
2021-09-30,2021-09-30,2021,4,2021,3,Marketable,Inflation-Protected Securities,912828B25,2014-03-31,2024-01-15,0.625,null,2207.91432734,07/15,01/15,null,null,12999.9666,30,09,0,null,641,0.659
2021-09-30,2021-09-30,2021,4,2021,3,Marketable,Inflation-Protected Securities,912828B25,2014-05-30,2024-01-15,0.625,null,2204.48653155,07/15,01/15,null,null,12979.7841,30,09,0,null,642,0.339
2021-09-30,2021-09-30,2021,4,2021,3,Marketable,Inflation-Protected Securities,9128286N5,2019-04-30,2024-04-15,0.5,34856.86208639,1416.11313175,10/15,04/15,null,null,17210.9034,30,09,0,null,643,0.515
2021-09-30,2021-09-30,2021,4,2021,3,Marketable,Inflation-Protected Securities,9128286N5,2019-06-28,2024-04-15,0.5,null,1233.86895464,10/15,04/15,null,null,14995.9766,30,09,0,null,644,0.152
2021-09-30,2021-09-30,2021,4,2021,3,Marketable,Inflation-Protected Securities,912828WU0,2014-07-31,2024-07-15,0.125,47137.59330382,2244.12754957,01/15,07/15,null,null,15004.8646,30,09,0,null,645,0.249
2021-09-30,2021-09-30,2021,4,2021,3,Marketable,Inflation-Protected Securities,912828WU0,2014-09-30,2024-07-15,0.125,null,1944.28527947,01/15,07/15,null,null,13000.0353,30,09,0,null,646,0.61
2021-09-30,2021-09-30,2021,4,2021,3,Marketable,Inflation-Protected Securities,912828WU0,2014-11-28,2024-07-15,0.125,null,1944.28007478,01/15,07/15,null,null,13000.0005,30,09,0,null,647,0.497
2021-09-30,2021-09-30,2021,4,2021,3,Marketable,Inflation-Protected Securities,912828YL8,2019-10-31,2024-10-15,0.125,37437.42006836,1199.85985944,04/15,10/15,null,null,18777.1496,30,09,0,null,648,0.054
2021-09-30,2021-09-30,2021,4,2021,3,Marketable,Inflation-Protected Securities,912828YL8,2019-12-31,2024-10-15,0.125,null,1048.70780892,04/15,10/15,null,null,16411.7028,30,09,0,null,649,0.02
2021-09-30,2021-09-30,2021,4,2021,3,Marketable,Inflation-Protected Securities,912810FR4,2004-07-30,2025-01-15,2.375,40547.65819874,4929.36773987,01/15,07/15,null,null,11000.843,30,09,0,null,650,2.47
2021-09-30,2021-09-30,2021,4,2021,3,Marketable,Inflation-Protected Securities,912810FR4,2005-01-31,2025-01-15,2.375,null,4928.76864354,01/15,07/15,null,null,10999.506,30,09,0,null,651,2
2021-09-30,2021-09-30,2021,4,2021,3,Marketable,Inflation-Protected Securities,912810FR4,2005-07-29,2025-01-15,2.375,null,2688.73581533,01/15,07/15,null,null,6000.437,30,09,0,null,652,2.09
2021-09-30,2021-09-30,2021,4,2021,3,Marketable,Inflation-Protected Securities,912828H45,2015-01-30,2025-01-15,0.25,47243.47512554,2286.59341459,07/15,01/15,null,null,14999.9568,30,09,0,null,653,0.315
2021-09-30,2021-09-30,2021,4,2021,3,Marketable,Inflation-Protected Securities,912828H45,2015-03-31,2025-01-15,0.25,null,1981.62006034,07/15,01/15,null,null,12999.3444,30,09,0,null,654,0.2
2021-09-30,2021-09-30,2021,4,2021,3,Marketable,Inflation-Protected Securities,912828H45,2015-05-29,2025-01-15,0.25,null,1980.95815061,07/15,01/15,null,null,12995.0023,30,09,0,null,655,0.358
2021-09-30,2021-09-30,2021,4,2021,3,Marketable,Inflation-Protected Securities,912828ZJ2,2020-04-30,2025-04-15,0.125,37569.24375781,1048.53018958,10/15,04/15,null,null,18476.3029,30,09,0,null,656,-0.32
2021-09-30,2021-09-30,2021,4,2021,3,Marketable,Inflation-Protected Securities,912828ZJ2,2020-06-30,2025-04-15,0.125,null,967.60921823,10/15,04/15,null,null,17050.3827,30,09,0,null,657,-0.766
2021-09-30,2021-09-30,2021,4,2021,3,Marketable,Inflation-Protected Securities,912828ZJ2,2020-07-13,2025-04-15,0.125,null,1.41875,10/15,04/15,null,null,25,30,09,0,null,658,-0.951
2021-09-30,2021-09-30,2021,4,2021,3,Marketable,Inflation-Protected Securities,912828XL9,2015-07-31,2025-07-15,0.375,47190.90930818,2265.45022654,01/15,07/15,null,null,15000.0015,30,09,0,null,659,0.491
2021-09-30,2021-09-30,2021,4,2021,3,Marketable,Inflation-Protected Securities,912828XL9,2015-09-30,2025-07-15,0.375,null,1963.39117804,01/15,07/15,null,null,13000.0078,30,09,0,null,660,0.6
2021-09-30,2021-09-30,2021,4,2021,3,Marketable,Inflation-Protected Securities,912828XL9,2015-11-30,2025-07-15,0.375,null,1963.2153036,01/15,07/15,null,null,12998.8433,30,09,0,null,661,0.664
2021-09-30,2021-09-30,2021,4,2021,3,Marketable,Inflation-Protected Securities,91282CAQ4,2020-10-30,2025-10-15,0.125,36061.03034488,883.69276719,04/15,10/15,null,null,16997.3604,30,09,0,null,662,-1.32
2021-09-30,2021-09-30,2021,4,2021,3,Marketable,Inflation-Protected Securities,91282CAQ4,2020-12-31,2025-10-15,0.125,null,898.46577769,04/15,10/15,null,null,17281.5114,30,09,0,null,663,-1.575
2021-09-30,2021-09-30,2021,4,2021,3,Marketable,Inflation-Protected Securities,912810FS2,2006-01-31,2026-01-15,2,27505.56090659,4414.92508401,07/15,01/15,null,null,11764.663,30,09,0,null,664,2.039
2021-09-30,2021-09-30,2021,4,2021,3,Marketable,Inflation-Protected Securities,912810FS2,2006-07-31,2026-01-15,2,null,3090.51882258,07/15,01/15,null,null,8235.454,30,09,0,null,665,2.494
2021-09-30,2021-09-30,2021,4,2021,3,Marketable,Inflation-Protected Securities,912828N71,2016-01-29,2026-01-15,0.625,48730.39494959,2231.38244632,07/15,01/15,null,null,14999.882,30,09,0,null,666,0.725
2021-09-30,2021-09-30,2021,4,2021,3,Marketable,Inflation-Protected Securities,912828N71,2016-03-31,2026-01-15,0.625,null,2026.17919819,07/15,01/15,null,null,13620.4571,30,09,0,null,667,0.315
2021-09-30,2021-09-30,2021,4,2021,3,Marketable,Inflation-Protected Securities,912828N71,2016-05-31,2026-01-15,0.625,null,2052.83700508,07/15,01/15,null,null,13799.6572,30,09,0,null,668,0.275
2021-09-30,2021-09-30,2021,4,2021,3,Marketable,Inflation-Protected Securities,91282CCA7,2021-04-30,2026-04-15,0.125,41489.42513305,875.39708089,10/15,04/15,null,null,21434.7963,30,09,0,null,669,-1.631
2021-09-30,2021-09-30,2021,4,2021,3,Marketable,Inflation-Protected Securities,91282CCA7,2021-06-30,2026-04-15,0.125,null,752.54585216,10/15,04/15,null,null,18426.6859,30,09,0,null,670,-1.416
2021-09-30,2021-09-30,2021,4,2021,3,Marketable,Inflation-Protected Securities,912828S50,2016-07-29,2026-07-15,0.125,41952.33960926,1803.74815463,01/15,07/15,null,null,12999.9867,30,09,0,null,671,0.045
2021-09-30,2021-09-30,2021,4,2021,3,Marketable,Inflation-Protected Securities,912828S50,2016-09-30,2026-07-15,0.125,null,1619.26558575,01/15,07/15,null,null,11670.3826,30,09,0,null,672,0.052
2021-09-30,2021-09-30,2021,4,2021,3,Marketable,Inflation-Protected Securities,912828S50,2016-11-30,2026-07-15,0.125,null,1688.63246888,01/15,07/15,null,null,12170.3241,30,09,0,null,673,0.369
2021-09-30,2021-09-30,2021,4,2021,3,Marketable,Inflation-Protected Securities,912810PS1,2007-01-31,2027-01-15,2.375,22309.35654903,3248.40793029,07/15,01/15,null,null,9188.493,30,09,0,null,674,2.42
2021-09-30,2021-09-30,2021,4,2021,3,Marketable,Inflation-Protected Securities,912810PS1,2007-07-31,2027-01-15,2.375,null,2578.59761874,07/15,01/15,null,null,7293.858,30,09,0,null,675,2.6
2021-09-30,2021-09-30,2021,4,2021,3,Marketable,Inflation-Protected Securities,912828V49,2017-01-31,2027-01-15,0.375,43480.33987683,1797.03588784,07/15,01/15,null,null,13824.4164,30,09,0,null,676,0.436
2021-09-30,2021-09-30,2021,4,2021,3,Marketable,Inflation-Protected Securities,912828V49,2017-03-31,2027-01-15,0.375,null,1603.00397452,07/15,01/15,null,null,12331.7484,30,09,0,null,677,0.466
2021-09-30,2021-09-30,2021,4,2021,3,Marketable,Inflation-Protected Securities,912828V49,2017-05-31,2027-01-15,0.375,null,1601.78261447,07/15,01/15,null,null,12322.3526,30,09,0,null,678,0.42
2021-09-30,2021-09-30,2021,4,2021,3,Marketable,Inflation-Protected Securities,9128282L3,2017-07-31,2027-07-15,0.375,41193.8313691,1659.32030696,01/15,07/15,null,null,14321.7703,30,09,0,null,679,0.489
2021-09-30,2021-09-30,2021,4,2021,3,Marketable,Inflation-Protected Securities,9128282L3,2017-09-29,2027-07-15,0.375,null,1274.27358126,01/15,07/15,null,null,10998.391,30,09,0,null,680,0.45
2021-09-30,2021-09-30,2021,4,2021,3,Marketable,Inflation-Protected Securities,9128282L3,2017-11-30,2027-07-15,0.375,null,1343.57108088,01/15,07/15,null,null,11596.5051,30,09,0,null,681,0.512
2021-09-30,2021-09-30,2021,4,2021,3,Marketable,Inflation-Protected Securities,912810PV4,2008-01-31,2028-01-15,1.75,20370.54533921,2718.5695525,07/15,01/15,null,null,8974.25,30,09,0,null,682,1.807
2021-09-30,2021-09-30,2021,4,2021,3,Marketable,Inflation-Protected Securities,912810PV4,2008-07-31,2028-01-15,1.75,null,2017.56308671,07/15,01/15,null,null,6660.1627,30,09,0,null,683,2.219
2021-09-30,2021-09-30,2021,4,2021,3,Marketable,Inflation-Protected Securities,9128283R9,2018-01-31,2028-01-15,0.5,42958.01701708,1589.47062092,07/15,01/15,null,null,14910.6062,30,09,0,null,684,0.548
2021-09-30,2021-09-30,2021,4,2021,3,Marketable,Inflation-Protected Securities,9128283R9,2018-03-29,2028-01-15,0.5,null,1172.48126892,07/15,01/15,null,null,10998.8862,30,09,0,null,685,0.764
2021-09-30,2021-09-30,2021,4,2021,3,Marketable,Inflation-Protected Securities,9128283R9,2018-05-31,2028-01-15,0.5,null,1376.24132724,07/15,01/15,null,null,12910.3314,30,09,0,null,686,0.934
2021-09-30,2021-09-30,2021,4,2021,3,Marketable,Inflation-Protected Securities,912810FD5,1998-04-15,2028-04-15,3.625,28324.46881192,5761.7424364,10/15,04/15,null,null,8404.01,30,09,-25,null,687,3.74
2021-09-30,2021-09-30,2021,4,2021,3,Marketable,Inflation-Protected Securities,912810FD5,1998-07-15,2028-04-15,3.625,null,5779.24837552,10/15,04/15,null,null,8404.468,30,09,0,null,688,3.68
2021-09-30,2021-09-30,2021,4,2021,3,Marketable,Inflation-Protected Securities,912828Y38,2018-07-31,2028-07-15,0.75,39877.36896285,1198.17001404,01/15,07/15,null,null,13705.9027,30,09,0,null,689,0.762
2021-09-30,2021-09-30,2021,4,2021,3,Marketable,Inflation-Protected Securities,912828Y38,2018-09-28,2028-07-15,0.75,null,961.61103071,01/15,07/15,null,null,10999.8974,30,09,0,null,690,0.91
2021-09-30,2021-09-30,2021,4,2021,3,Marketable,Inflation-Protected Securities,912828Y38,2018-11-30,2028-07-15,0.75,null,1046.0452181,01/15,07/15,null,null,11965.7426,30,09,0,null,691,1.109
2021-09-30,2021-09-30,2021,4,2021,3,Marketable,Inflation-Protected Securities,912810PZ5,2009-01-30,2029-01-15,2.5,17990.24758299,2170.794573,07/15,01/15,null,null,7999.98,30,09,0,null,692,2.5
2021-09-30,2021-09-30,2021,4,2021,3,Marketable,Inflation-Protected Securities,912810PZ5,2009-07-31,2029-01-15,2.5,null,1668.94560999,07/15,01/15,null,null,6150.5274,30,09,0,null,693,2.387
2021-09-30,2021-09-30,2021,4,2021,3,Marketable,Inflation-Protected Securities,9128285W6,2019-01-31,2029-01-15,0.875,39084.4939797,1053.26049423,07/15,01/15,null,null,13000.0061,30,09,0,null,694,0.919
2021-09-30,2021-09-30,2021,4,2021,3,Marketable,Inflation-Protected Securities,9128285W6,2019-03-29,2029-01-15,0.875,null,891.20385271,07/15,01/15,null,null,10999.8007,30,09,0,null,695,0.578
2021-09-30,2021-09-30,2021,4,2021,3,Marketable,Inflation-Protected Securities,9128285W6,2019-05-31,2029-01-15,0.875,null,984.82993276,07/15,01/15,null,null,12155.3929,30,09,0,null,696,0.567
2021-09-30,2021-09-30,2021,4,2021,3,Marketable,Inflation-Protected Securities,912810FH6,1999-04-15,2029-04-15,3.875,32372.6594016,4705.8902072,10/15,04/15,null,null,7351.018,30,09,-225.2,null,697,3.899
2021-09-30,2021-09-30,2021,4,2021,3,Marketable,Inflation-Protected Securities,912810FH6,1999-10-15,2029-04-15,3.875,null,4867.3315912,10/15,04/15,null,null,7370.278,30,09,0,null,698,4.138
2021-09-30,2021-09-30,2021,4,2021,3,Marketable,Inflation-Protected Securities,912810FH6,2000-10-16,2029-04-15,3.875,null,3302.5336032,10/15,04/15,null,null,5000.808,30,09,0,null,699,3.953
2021-09-30,2021-09-30,2021,4,2021,3,Marketable,Inflation-Protected Securities,9128287D6,2019-07-31,2029-07-15,0.25,42473.10485694,976.82766491,01/15,07/15,null,null,14555.6201,30,09,0,null,700,0.282
2021-09-30,2021-09-30,2021,4,2021,3,Marketable,Inflation-Protected Securities,9128287D6,2019-09-30,2029-07-15,0.25,null,888.97599063,01/15,07/15,null,null,13246.5503,30,09,0,null,701,0.174
2021-09-30,2021-09-30,2021,4,2021,3,Marketable,Inflation-Protected Securities,9128287D6,2019-11-29,2029-07-15,0.25,null,805.3081014,01/15,07/15,null,null,11999.8227,30,09,0,null,702,0.149
2021-09-30,2021-09-30,2021,4,2021,3,Marketable,Inflation-Protected Securities,912828Z37,2020-01-31,2030-01-15,0.125,43560.25753034,941.07857069,07/15,01/15,null,null,15445.2416,30,09,0,null,703,0.036
2021-09-30,2021-09-30,2021,4,2021,3,Marketable,Inflation-Protected Securities,912828Z37,2020-03-31,2030-01-15,0.125,null,829.45940481,07/15,01/15,null,null,13613.317,30,09,0,null,704,0.68
2021-09-30,2021-09-30,2021,4,2021,3,Marketable,Inflation-Protected Securities,912828Z37,2020-05-29,2030-01-15,0.125,null,731.16005484,07/15,01/15,null,null,12000.0009,30,09,0,null,705,-0.47
2021-09-30,2021-09-30,2021,4,2021,3,Marketable,Inflation-Protected Securities,912828ZZ6,2020-07-31,2030-07-15,0.125,45669.13817565,1007.440934,01/15,07/15,null,null,15590.2342,30,09,0,null,706,-0.93
2021-09-30,2021-09-30,2021,4,2021,3,Marketable,Inflation-Protected Securities,912828ZZ6,2020-09-30,2030-07-15,0.125,null,881.5646441,01/15,07/15,null,null,13642.2879,30,09,0,null,707,-0.966
2021-09-30,2021-09-30,2021,4,2021,3,Marketable,Inflation-Protected Securities,912828ZZ6,2020-11-30,2030-07-15,0.125,null,883.00669755,01/15,07/15,null,null,13664.6038,30,09,0,null,708,-0.867
2021-09-30,2021-09-30,2021,4,2021,3,Marketable,Inflation-Protected Securities,91282CBF7,2021-01-29,2031-01-15,0.125,45437.42649092,728.51322765,07/15,01/15,null,null,14999.2429,30,09,0,null,709,-0.987
2021-09-30,2021-09-30,2021,4,2021,3,Marketable,Inflation-Protected Securities,91282CBF7,2021-03-31,2031-01-15,0.125,null,744.75555535,07/15,01/15,null,null,15333.6536,30,09,0,null,710,-0.58
2021-09-30,2021-09-30,2021,4,2021,3,Marketable,Inflation-Protected Securities,91282CBF7,2021-05-28,2031-01-15,0.125,null,631.40310792,07/15,01/15,null,null,12999.8581,30,09,0,null,711,-0.805
2021-09-30,2021-09-30,2021,4,2021,3,Marketable,Inflation-Protected Securities,91282CCM1,2021-07-30,2031-07-15,0.125,32268.91065567,294.87445442,01/15,07/15,null,null,15999.6991,30,09,0,null,712,-1.016
2021-09-30,2021-09-30,2021,4,2021,3,Marketable,Inflation-Protected Securities,91282CCM1,2021-09-30,2031-07-15,0.125,null,289.07930125,01/15,07/15,null,null,15685.2578,30,09,0,null,713,-0.939
2021-09-30,2021-09-30,2021,4,2021,3,Marketable,Inflation-Protected Securities,912810FQ6,2001-10-15,2032-04-15,3.375,7707.814983,2695.579983,04/15,10/15,null,null,5012.235,30,09,0,null,714,3.465
2021-09-30,2021-09-30,2021,4,2021,3,Marketable,Inflation-Protected Securities,912810QF8,2010-02-26,2040-02-15,2.125,19159.65792549,2103.10477867,08/15,02/15,null,null,7999.9421,30,09,0,null,715,2.229
2021-09-30,2021-09-30,2021,4,2021,3,Marketable,Inflation-Protected Securities,912810QF8,2010-08-31,2040-02-15,2.125,null,1885.27304682,08/15,02/15,null,null,7171.338,30,09,0,null,716,1.768
2021-09-30,2021-09-30,2021,4,2021,3,Marketable,Inflation-Protected Securities,912810QP6,2011-02-28,2041-02-15,2.125,29895.43599573,2339.81393379,08/15,02/15,null,null,9494.4568,30,09,0,null,717,2.19
2021-09-30,2021-09-30,2021,4,2021,3,Marketable,Inflation-Protected Securities,912810QP6,2011-06-30,2041-02-15,2.125,null,1780.53065115,08/15,02/15,null,null,7225.0067,30,09,0,null,718,1.744
2021-09-30,2021-09-30,2021,4,2021,3,Marketable,Inflation-Protected Securities,912810QP6,2011-10-31,2041-02-15,2.125,null,1790.43431079,08/15,02/15,null,null,7265.1936,30,09,0,null,719,0.999
2021-09-30,2021-09-30,2021,4,2021,3,Marketable,Inflation-Protected Securities,912810QV3,2012-02-29,2042-02-15,0.75,27938.2213736,1898.5397392,08/15,02/15,null,null,9127.5949,30,09,0,null,720,0.77
2021-09-30,2021-09-30,2021,4,2021,3,Marketable,Inflation-Protected Securities,912810QV3,2012-06-29,2042-02-15,0.75,null,1456.0028496,08/15,02/15,null,null,7000.0137,30,09,0,null,721,0.52
2021-09-30,2021-09-30,2021,4,2021,3,Marketable,Inflation-Protected Securities,912810QV3,2012-10-31,2042-02-15,0.75,null,1456.0120848,08/15,02/15,null,null,7000.0581,30,09,0,null,722,0.479
2021-09-30,2021-09-30,2021,4,2021,3,Marketable,Inflation-Protected Securities,912810RA8,2013-02-28,2043-02-15,0.625,27306.2889631,1685.16775174,08/15,02/15,null,null,9000.0414,30,09,0,null,723,0.639
2021-09-30,2021-09-30,2021,4,2021,3,Marketable,Inflation-Protected Securities,912810RA8,2013-06-28,2043-02-15,0.625,null,1310.67940083,08/15,02/15,null,null,6999.9968,30,09,0,null,724,1.42
2021-09-30,2021-09-30,2021,4,2021,3,Marketable,Inflation-Protected Securities,912810RA8,2013-10-31,2043-02-15,0.625,null,1310.63641053,08/15,02/15,null,null,6999.7672,30,09,0,null,725,1.33
2021-09-30,2021-09-30,2021,4,2021,3,Marketable,Inflation-Protected Securities,912810RF7,2014-02-28,2044-02-15,1.375,26958.34417728,1545.13428752,08/15,02/15,null,null,9025.3171,30,09,0,null,726,1.495
2021-09-30,2021-09-30,2021,4,2021,3,Marketable,Inflation-Protected Securities,912810RF7,2014-06-30,2044-02-15,1.375,null,1198.29746832,08/15,02/15,null,null,6999.4011,30,09,0,null,727,1.116
2021-09-30,2021-09-30,2021,4,2021,3,Marketable,Inflation-Protected Securities,912810RF7,2014-10-31,2044-02-15,1.375,null,1197.20052144,08/15,02/15,null,null,6992.9937,30,09,0,null,728,0.985
2021-09-30,2021-09-30,2021,4,2021,3,Marketable,Inflation-Protected Securities,912810RL4,2015-02-27,2045-02-15,0.75,26660.44188597,1432.35022281,08/15,02/15,null,null,9000.0014,30,09,0,null,729,0.842
2021-09-30,2021-09-30,2021,4,2021,3,Marketable,Inflation-Protected Securities,912810RL4,2015-06-30,2045-02-15,0.75,null,1114.04863132,08/15,02/15,null,null,6999.9914,30,09,0,null,730,1.142
2021-09-30,2021-09-30,2021,4,2021,3,Marketable,Inflation-Protected Securities,912810RL4,2015-10-30,2045-02-15,0.75,null,1114.05003184,08/15,02/15,null,null,7000.0002,30,09,0,null,731,1.2
2021-09-30,2021-09-30,2021,4,2021,3,Marketable,Inflation-Protected Securities,912810RR1,2016-02-29,2046-02-15,1,23475.10464,1420.597016,08/15,02/15,null,null,9346.033,30,09,0,null,732,1.12
2021-09-30,2021-09-30,2021,4,2021,3,Marketable,Inflation-Protected Securities,912810RR1,2016-06-30,2046-02-15,1,null,870.8687848,08/15,02/15,null,null,5729.3999,30,09,0,null,733,0.905
2021-09-30,2021-09-30,2021,4,2021,3,Marketable,Inflation-Protected Securities,912810RR1,2016-10-31,2046-02-15,1,null,805.9438392,08/15,02/15,null,null,5302.2621,30,09,0,null,734,0.666
2021-09-30,2021-09-30,2021,4,2021,3,Marketable,Inflation-Protected Securities,912810RW0,2017-02-28,2047-02-15,0.875,21146.88845025,1042.04970274,08/15,02/15,null,null,7968.5685,30,09,0,null,735,0.923
2021-09-30,2021-09-30,2021,4,2021,3,Marketable,Inflation-Protected Securities,912810RW0,2017-06-30,2047-02-15,0.875,null,733.31615668,08/15,02/15,null,null,5607.6788,30,09,0,null,736,0.88
2021-09-30,2021-09-30,2021,4,2021,3,Marketable,Inflation-Protected Securities,912810RW0,2017-10-31,2047-02-15,0.875,null,670.20539083,08/15,02/15,null,null,5125.0699,30,09,0,null,737,0.908
2021-09-30,2021-09-30,2021,4,2021,3,Marketable,Inflation-Protected Securities,912810SB5,2018-02-28,2048-02-15,1,20706.46825673,930.82005086,08/15,02/15,null,null,8706.5761,30,09,0,null,738,1.003
2021-09-30,2021-09-30,2021,4,2021,3,Marketable,Inflation-Protected Securities,912810SB5,2018-06-29,2048-02-15,1,null,534.54698514,08/15,02/15,null,null,4999.9718,30,09,0,null,739,0.934
2021-09-30,2021-09-30,2021,4,2021,3,Marketable,Inflation-Protected Securities,912810SB5,2018-10-31,2048-02-15,1,null,534.55032073,08/15,02/15,null,null,5000.003,30,09,0,null,740,1.235
2021-09-30,2021-09-30,2021,4,2021,3,Marketable,Inflation-Protected Securities,912810SG4,2019-02-28,2049-02-15,1,16688.74182194,710.54495932,08/15,02/15,null,null,8385.0007,30,09,0,null,741,1.093
2021-09-30,2021-09-30,2021,4,2021,3,Marketable,Inflation-Protected Securities,912810SG4,2019-08-30,2049-02-15,1,null,593.18126262,08/15,02/15,null,null,7000.0149,30,09,0,null,742,0.501
2021-09-30,2021-09-30,2021,4,2021,3,Marketable,Inflation-Protected Securities,912810SM1,2020-02-28,2050-02-15,0.25,16571.22595063,493.68014193,08/15,02/15,null,null,8000.0023,30,09,0,null,743,0.261
2021-09-30,2021-09-30,2021,4,2021,3,Marketable,Inflation-Protected Securities,912810SM1,2020-08-31,2050-02-15,0.25,null,469.4928087,08/15,02/15,null,null,7608.0507,30,09,0,null,744,-0.272
2021-09-30,2021-09-30,2021,4,2021,3,Marketable,Inflation-Protected Securities,912810SV1,2021-02-26,2051-02-15,0.125,18870.73361205,435.62760785,08/15,02/15,null,null,8994.995,30,09,0,null,745,-0.04
2021-09-30,2021-09-30,2021,4,2021,3,Marketable,Inflation-Protected Securities,912810SV1,2021-08-31,2051-02-15,0.125,null,436.0659042,08/15,02/15,null,null,9004.0451,30,09,0,null,746,-0.292
2021-09-30,2021-09-30,2021,4,2021,3,Marketable,Inflation-Protected Securities,Total Treasury TIPS,null,null,null,1652667.59326057,217163.96846057,null,null,null,null,1435769.8248,30,09,-266.2,null,747,null
2021-09-30,2021-09-30,2021,4,2021,3,Marketable,Floating Rate Notes,912828YN4,2019-10-31,2021-10-31,null,58110.4381,0,01/31,04/30,07/31,10/31,22086.1939,30,09,0,null,748,0.3
2021-09-30,2021-09-30,2021,4,2021,3,Marketable,Floating Rate Notes,912828YN4,2019-11-29,2021-10-31,null,null,0,01/31,04/30,07/31,10/31,18000.1606,30,09,0,null,749,0.24
2021-09-30,2021-09-30,2021,4,2021,3,Marketable,Floating Rate Notes,912828YN4,2019-12-09,2021-10-31,null,null,0,01/31,04/30,07/31,10/31,25.0002,30,09,0,null,750,0.245
2021-09-30,2021-09-30,2021,4,2021,3,Marketable,Floating Rate Notes,912828YN4,2019-12-27,2021-10-31,null,null,0,01/31,04/30,07/31,10/31,18000.0834,30,09,-1,null,751,0.26
2021-09-30,2021-09-30,2021,4,2021,3,Marketable,Floating Rate Notes,912828Z45,2020-01-31,2022-01-31,null,58064.2516,0,04/30,07/31,10/31,01/31,22064.198,30,09,0,null,752,0.154
2021-09-30,2021-09-30,2021,4,2021,3,Marketable,Floating Rate Notes,912828Z45,2020-02-28,2022-01-31,null,null,0,04/30,07/31,10/31,01/31,17999.9705,30,09,0,null,753,0.16
2021-09-30,2021-09-30,2021,4,2021,3,Marketable,Floating Rate Notes,912828Z45,2020-03-27,2022-01-31,null,null,0,04/30,07/31,10/31,01/31,18000.0831,30,09,0,null,754,0.22
2021-09-30,2021-09-30,2021,4,2021,3,Marketable,Floating Rate Notes,912828ZK9,2020-04-30,2022-04-30,null,63910.4848,0,07/31,10/31,01/31,04/30,23910.7401,30,09,0,null,755,0.114
2021-09-30,2021-09-30,2021,4,2021,3,Marketable,Floating Rate Notes,912828ZK9,2020-05-29,2022-04-30,null,null,0,07/31,10/31,01/31,04/30,19999.8326,30,09,0,null,756,0.098
2021-09-30,2021-09-30,2021,4,2021,3,Marketable,Floating Rate Notes,912828ZK9,2020-06-26,2022-04-30,null,null,0,07/31,10/31,01/31,04/30,19999.9121,30,09,0,null,757,0.08
2021-09-30,2021-09-30,2021,4,2021,3,Marketable,Floating Rate Notes,91282CAA9,2020-07-31,2022-07-31,null,70720.7761,0,10/31,01/31,04/30,07/31,26727.4834,30,09,0,null,758,0.055
2021-09-30,2021-09-30,2021,4,2021,3,Marketable,Floating Rate Notes,91282CAA9,2020-08-28,2022-07-31,null,null,0,10/31,01/31,04/30,07/31,22000.2258,30,09,0,null,759,0.055
2021-09-30,2021-09-30,2021,4,2021,3,Marketable,Floating Rate Notes,91282CAA9,2020-09-25,2022-07-31,null,null,0,10/31,01/31,04/30,07/31,22000.0669,30,09,-7,null,760,0.058
2021-09-30,2021-09-30,2021,4,2021,3,Marketable,Floating Rate Notes,91282CAS0,2020-11-02,2022-10-31,null,76745.5307,0,01/31,04/30,07/31,10/31,28758.3998,30,09,0,null,761,0.055
2021-09-30,2021-09-30,2021,4,2021,3,Marketable,Floating Rate Notes,91282CAS0,2020-11-27,2022-10-31,null,null,0,01/31,04/30,07/31,10/31,24000.0261,30,09,0,null,762,0.053
2021-09-30,2021-09-30,2021,4,2021,3,Marketable,Floating Rate Notes,91282CAS0,2020-12-28,2022-10-31,null,null,0,01/31,04/30,07/31,10/31,24000.1048,30,09,-13,null,763,0.06
2021-09-30,2021-09-30,2021,4,2021,3,Marketable,Floating Rate Notes,91282CBK6,2021-02-01,2023-01-31,null,83784.9731,0,04/30,07/31,10/31,01/31,31784.4887,30,09,0,null,764,0.049
2021-09-30,2021-09-30,2021,4,2021,3,Marketable,Floating Rate Notes,91282CBK6,2021-02-26,2023-01-31,null,null,0,04/30,07/31,10/31,01/31,26000.4438,30,09,0,null,765,0.045
2021-09-30,2021-09-30,2021,4,2021,3,Marketable,Floating Rate Notes,91282CBK6,2021-03-26,2023-01-31,null,null,0,04/30,07/31,10/31,01/31,26000.0406,30,09,0,null,766,0.035
2021-09-30,2021-09-30,2021,4,2021,3,Marketable,Floating Rate Notes,91282CBY6,2021-04-30,2023-04-30,null,85347.7253,0,07/31,10/31,01/31,04/30,33347.2412,30,09,0,null,767,0.034
2021-09-30,2021-09-30,2021,4,2021,3,Marketable,Floating Rate Notes,91282CBY6,2021-05-28,2023-04-30,null,null,0,07/31,10/31,01/31,04/30,26000.1383,30,09,0,null,768,0.03
2021-09-30,2021-09-30,2021,4,2021,3,Marketable,Floating Rate Notes,91282CBY6,2021-06-25,2023-04-30,null,null,0,07/31,10/31,01/31,04/30,26000.3458,30,09,0,null,769,0.03
2021-09-30,2021-09-30,2021,4,2021,3,Marketable,Floating Rate Notes,91282CCQ2,2021-08-02,2023-07-31,null,82682.2433,0,10/31,01/31,04/30,07/31,30681.5785,30,09,0,null,770,0.029
2021-09-30,2021-09-30,2021,4,2021,3,Marketable,Floating Rate Notes,91282CCQ2,2021-08-27,2023-07-31,null,null,0,10/31,01/31,04/30,07/31,26000.6302,30,09,0,null,771,0.026
2021-09-30,2021-09-30,2021,4,2021,3,Marketable,Floating Rate Notes,91282CCQ2,2021-09-24,2023-07-31,null,null,0,10/31,01/31,04/30,07/31,26000.0346,30,09,0,null,772,0.026
2021-09-30,2021-09-30,2021,4,2021,3,Marketable,Floating Rate Notes,Total Treasury Floating Rate Notes,null,null,null,579366.423,0,null,null,null,null,579387.423,30,09,-21,null,773,null
2021-09-30,2021-09-30,2021,4,2021,3,Marketable,Federal Financing Bank,null,null,null,null,6053.039,0,null,null,null,null,6053.039,30,09,0,null,774,null
2021-09-30,2021-09-30,2021,4,2021,3,Marketable,Total Marketable,null,null,null,null,21878702.2123106,217163.96846057,null,null,null,null,21681669.94385,30,09,-20131.7,null,775,null
2024-09-30,2024-09-30,2024,4,2024,3,Marketable,Bills Maturity Value,912797LS4,2024-06-11,2024-10-08,null,230755.0013,0,10/24,null,null,null,60244.0264,30,09,0,null,8,5.225
2024-09-30,2024-09-30,2024,4,2024,3,Marketable,Bills Maturity Value,912797LK1,2024-06-04,2024-10-01,null,230744.528,0,10/24,null,null,null,60238.2271,30,09,0,null,1,5.24
2024-09-30,2024-09-30,2024,4,2024,3,Marketable,Bills Maturity Value,912797LK1,2024-08-06,2024-10-01,null,null,0,10/24,null,null,null,85267.5356,30,09,0,null,2,5.23
2024-09-30,2024-09-30,2024,4,2024,3,Marketable,Bills Maturity Value,912797LK1,2024-09-03,2024-10-01,null,null,0,10/24,null,null,null,85238.7653,30,09,0,null,3,5.17
2024-09-30,2024-09-30,2024,4,2024,3,Marketable,Bills Maturity Value,912797GW1,2023-10-05,2024-10-03,null,274399.896,0,10/24,null,null,null,47237.376,30,09,0,null,4,5.185
2024-09-30,2024-09-30,2024,4,2024,3,Marketable,Bills Maturity Value,912797GW1,2024-04-04,2024-10-03,null,null,0,10/24,null,null,null,74657.349,30,09,0,null,5,5.125
2024-09-30,2024-09-30,2024,4,2024,3,Marketable,Bills Maturity Value,912797GW1,2024-07-05,2024-10-03,null,null,0,10/24,null,null,null,77505.026,30,09,0,null,6,5.24
2024-09-30,2024-09-30,2024,4,2024,3,Marketable,Bills Maturity Value,912797GW1,2024-08-22,2024-10-03,null,null,0,10/24,null,null,null,75000.145,30,09,0,null,7,5.185
2024-09-30,2024-09-30,2024,4,2024,3,Marketable,Bills Maturity Value,912797KU0,2024-09-05,2024-10-17,null,null,0,10/24,null,null,null,65001.256,30,09,0,null,19,5.12
2024-09-30,2024-09-30,2024,4,2024,3,Marketable,Bills Maturity Value,912797HE0,2023-11-02,2024-10-31,null,270392.0478,0,10/24,null,null,null,48797.2249,30,09,0,null,28,5.135
2024-09-30,2024-09-30,2024,4,2024,3,Marketable,Bills Maturity Value,912797HE0,2024-05-02,2024-10-31,null,null,0,10/24,null,null,null,77786.7902,30,09,0,null,29,5.165
2024-09-30,2024-09-30,2024,4,2024,3,Marketable,Bills Maturity Value,912797HE0,2024-08-01,2024-10-31,null,null,0,10/24,null,null,null,83807.9358,30,09,0,null,30,5.145
2024-09-30,2024-09-30,2024,4,2024,3,Marketable,Bills Maturity Value,912797LS4,2024-08-13,2024-10-08,null,null,0,10/24,null,null,null,90278.3023,30,09,0,null,9,5.19
2024-09-30,2024-09-30,2024,4,2024,3,Marketable,Bills Maturity Value,912797LS4,2024-09-10,2024-10-08,null,null,0,10/24,null,null,null,80232.6726,30,09,0,null,10,5.08
2024-09-30,2024-09-30,2024,4,2024,3,Marketable,Bills Maturity Value,912797KT3,2024-04-11,2024-10-10,null,229366.3047,0,10/24,null,null,null,74093.7632,30,09,0,null,11,5.12
2024-09-30,2024-09-30,2024,4,2024,3,Marketable,Bills Maturity Value,912797KT3,2024-07-11,2024-10-10,null,null,0,10/24,null,null,null,80271.8173,30,09,0,null,12,5.23
2024-09-30,2024-09-30,2024,4,2024,3,Marketable,Bills Maturity Value,912797KT3,2024-08-29,2024-10-10,null,null,0,10/24,null,null,null,75000.7242,30,09,0,null,13,5.15
2024-09-30,2024-09-30,2024,4,2024,3,Marketable,Bills Maturity Value,912797LT2,2024-06-18,2024-10-15,null,230765.1626,0,10/24,null,null,null,60248.4733,30,09,0,null,14,5.22
2024-09-30,2024-09-30,2024,4,2024,3,Marketable,Bills Maturity Value,912797LT2,2024-08-20,2024-10-15,null,null,0,10/24,null,null,null,90284.6527,30,09,0,null,15,5.175
2024-09-30,2024-09-30,2024,4,2024,3,Marketable,Bills Maturity Value,912797LT2,2024-09-17,2024-10-15,null,null,0,10/24,null,null,null,80232.0366,30,09,0,null,16,4.965
2024-09-30,2024-09-30,2024,4,2024,3,Marketable,Bills Maturity Value,912797KU0,2024-04-18,2024-10-17,null,220181.5653,0,10/24,null,null,null,74706.232,30,09,0,null,17,5.155
2024-09-30,2024-09-30,2024,4,2024,3,Marketable,Bills Maturity Value,912797KU0,2024-07-18,2024-10-17,null,null,0,10/24,null,null,null,80474.0773,30,09,0,null,18,5.195
2024-09-30,2024-09-30,2024,4,2024,3,Marketable,Bills Maturity Value,912797LU9,2024-06-25,2024-10-22,null,230746.1981,0,10/24,null,null,null,60249.3443,30,09,0,null,20,5.22
2024-09-30,2024-09-30,2024,4,2024,3,Marketable,Bills Maturity Value,912797LU9,2024-08-27,2024-10-22,null,null,0,10/24,null,null,null,90241.1276,30,09,0,null,21,5.125
2024-09-30,2024-09-30,2024,4,2024,3,Marketable,Bills Maturity Value,912797LU9,2024-09-24,2024-10-22,null,null,0,10/24,null,null,null,80255.7262,30,09,0,null,22,4.7
2024-09-30,2024-09-30,2024,4,2024,3,Marketable,Bills Maturity Value,912797KV8,2024-04-25,2024-10-24,null,214599.91,0,10/24,null,null,null,74289.235,30,09,0,null,23,5.16
2024-09-30,2024-09-30,2024,4,2024,3,Marketable,Bills Maturity Value,912797KV8,2024-07-25,2024-10-24,null,null,0,10/24,null,null,null,80310.294,30,09,0,null,24,5.19
2024-09-30,2024-09-30,2024,4,2024,3,Marketable,Bills Maturity Value,912797KV8,2024-09-12,2024-10-24,null,null,0,10/24,null,null,null,60000.381,30,09,0,null,25,4.98
2024-09-30,2024-09-30,2024,4,2024,3,Marketable,Bills Maturity Value,912797LV7,2024-07-02,2024-10-29,null,140402.2333,0,10/24,null,null,null,60162.9824,30,09,0,null,26,5.22
2024-09-30,2024-09-30,2024,4,2024,3,Marketable,Bills Maturity Value,912797LV7,2024-09-03,2024-10-29,null,null,0,10/24,null,null,null,80239.2509,30,09,0,null,27,5.1
2024-09-30,2024-09-30,2024,4,2024,3,Marketable,Bills Maturity Value,912797HE0,2024-09-19,2024-10-31,null,null,0,10/24,null,null,null,60000.0969,30,09,0,null,31,4.92
2024-09-30,2024-09-30,2024,4,2024,3,Marketable,Bills Maturity Value,912797MA2,2024-07-09,2024-11-05,null,140395.0514,0,11/24,null,null,null,60151.6103,30,09,0,null,32,5.205
2024-09-30,2024-09-30,2024,4,2024,3,Marketable,Bills Maturity Value,912797MA2,2024-09-10,2024-11-05,null,null,0,11/24,null,null,null,80243.4411,30,09,0,null,33,5.04
2024-09-30,2024-09-30,2024,4,2024,3,Marketable,Bills Maturity Value,912797LC9,2024-05-09,2024-11-07,null,218088.5553,0,11/24,null,null,null,75990.0325,30,09,0,null,34,5.155
2024-09-30,2024-09-30,2024,4,2024,3,Marketable,Bills Maturity Value,912797LC9,2024-08-08,2024-11-07,null,null,0,11/24,null,null,null,82097.3808,30,09,0,null,35,5.075
2024-09-30,2024-09-30,2024,4,2024,3,Marketable,Bills Maturity Value,912797LC9,2024-09-26,2024-11-07,null,null,0,11/24,null,null,null,60001.142,30,09,0,null,36,4.62
2024-09-30,2024-09-30,2024,4,2024,3,Marketable,Bills Maturity Value,912797MB0,2024-07-16,2024-11-12,null,140415.0655,0,11/24,null,null,null,60153.2546,30,09,0,null,37,5.195
2024-09-30,2024-09-30,2024,4,2024,3,Marketable,Bills Maturity Value,912797MB0,2024-09-17,2024-11-12,null,null,0,11/24,null,null,null,80261.8109,30,09,0,null,38,4.99
2024-09-30,2024-09-30,2024,4,2024,3,Marketable,Bills Maturity Value,912797LD7,2024-05-16,2024-11-14,null,159911.291,0,11/24,null,null,null,76971.3575,30,09,0,null,39,5.165
2024-09-30,2024-09-30,2024,4,2024,3,Marketable,Bills Maturity Value,912797LD7,2024-08-15,2024-11-14,null,null,0,11/24,null,null,null,82939.9335,30,09,0,null,40,5.07
2024-09-30,2024-09-30,2024,4,2024,3,Marketable,Bills Maturity Value,912797MC8,2024-07-23,2024-11-19,null,140430.7566,0,11/24,null,null,null,60165.4773,30,09,0,null,41,5.135
2024-09-30,2024-09-30,2024,4,2024,3,Marketable,Bills Maturity Value,912797MC8,2024-09-24,2024-11-19,null,null,0,11/24,null,null,null,80265.2793,30,09,0,null,42,4.69
2024-09-30,2024-09-30,2024,4,2024,3,Marketable,Bills Maturity Value,912797LE5,2024-05-23,2024-11-21,null,157160.0377,0,11/24,null,null,null,75574.0247,30,09,0,null,43,5.16
2024-09-30,2024-09-30,2024,4,2024,3,Marketable,Bills Maturity Value,912797LE5,2024-08-22,2024-11-21,null,null,0,11/24,null,null,null,81586.013,30,09,0,null,44,5.055
2024-09-30,2024-09-30,2024,4,2024,3,Marketable,Bills Maturity Value,912797MD6,2024-07-30,2024-11-26,null,60185.8339,0,11/24,null,null,null,60185.8339,30,09,0,null,45,5.115
2024-09-30,2024-09-30,2024,4,2024,3,Marketable,Bills Maturity Value,912797HP5,2023-11-30,2024-11-29,null,203898.6153,0,11/24,null,null,null,47305.3556,30,09,0,null,46,4.935
2024-09-30,2024-09-30,2024,4,2024,3,Marketable,Bills Maturity Value,912797HP5,2024-05-30,2024-11-29,null,null,0,11/24,null,null,null,75305.3413,30,09,0,null,47,5.17
2024-09-30,2024-09-30,2024,4,2024,3,Marketable,Bills Maturity Value,912797HP5,2024-08-29,2024-11-29,null,null,0,11/24,null,null,null,81287.9184,30,09,0,null,48,4.98
2024-09-30,2024-09-30,2024,4,2024,3,Marketable,Bills Maturity Value,912797ME4,2024-08-06,2024-12-03,null,60188.8274,0,12/24,null,null,null,60188.8274,30,09,0,null,49,5.09
2024-09-30,2024-09-30,2024,4,2024,3,Marketable,Bills Maturity Value,912797LF2,2024-06-06,2024-12-05,null,147636.0333,0,12/24,null,null,null,70778.4899,30,09,0,null,50,5.155
2024-09-30,2024-09-30,2024,4,2024,3,Marketable,Bills Maturity Value,912797LF2,2024-09-05,2024-12-05,null,null,0,12/24,null,null,null,76857.5434,30,09,0,null,51,4.97
2024-09-30,2024-09-30,2024,4,2024,3,Marketable,Bills Maturity Value,912797MN4,2024-08-13,2024-12-10,null,60184.3252,0,12/24,null,null,null,60184.3252,30,09,0,null,52,4.99
2024-09-30,2024-09-30,2024,4,2024,3,Marketable,Bills Maturity Value,912797LP0,2024-06-13,2024-12-12,null,148420.3506,0,12/24,null,null,null,71493.17,30,09,0,null,53,5.165
2024-09-30,2024-09-30,2024,4,2024,3,Marketable,Bills Maturity Value,912797LP0,2024-09-12,2024-12-12,null,null,0,12/24,null,null,null,76927.1806,30,09,0,null,54,4.895
2024-09-30,2024-09-30,2024,4,2024,3,Marketable,Bills Maturity Value,912797MP9,2024-08-20,2024-12-17,null,60190.2931,0,12/24,null,null,null,60190.2931,30,09,0,null,55,4.98
2024-09-30,2024-09-30,2024,4,2024,3,Marketable,Bills Maturity Value,912797LQ8,2024-06-20,2024-12-19,null,146576.8897,0,12/24,null,null,null,70333.3503,30,09,0,null,56,5.15
2024-09-30,2024-09-30,2024,4,2024,3,Marketable,Bills Maturity Value,912797LQ8,2024-09-19,2024-12-19,null,null,0,12/24,null,null,null,76243.5394,30,09,0,null,57,4.75
2024-09-30,2024-09-30,2024,4,2024,3,Marketable,Bills Maturity Value,912797MQ7,2024-08-27,2024-12-24,null,60164.9631,0,12/24,null,null,null,60164.9631,30,09,0,null,58,4.92
2024-09-30,2024-09-30,2024,4,2024,3,Marketable,Bills Maturity Value,912796ZV4,2023-12-28,2024-12-26,null,193910.3493,0,12/24,null,null,null,45514.4193,30,09,0,null,59,4.595
2024-09-30,2024-09-30,2024,4,2024,3,Marketable,Bills Maturity Value,912796ZV4,2024-06-27,2024-12-26,null,null,0,12/24,null,null,null,71418.7682,30,09,0,null,60,5.14
2024-09-30,2024-09-30,2024,4,2024,3,Marketable,Bills Maturity Value,912796ZV4,2024-09-26,2024-12-26,null,null,0,12/24,null,null,null,76977.1618,30,09,0,null,61,4.54
2024-09-30,2024-09-30,2024,4,2024,3,Marketable,Bills Maturity Value,912797MR5,2024-09-03,2024-12-31,null,60184.1804,0,12/24,null,null,null,60184.1804,30,09,0,null,62,4.87
2024-09-30,2024-09-30,2024,4,2024,3,Marketable,Bills Maturity Value,912797LR6,2024-07-05,2025-01-02,null,74309.2898,0,01/25,null,null,null,74309.2898,30,09,0,null,63,5.115
2024-09-30,2024-09-30,2024,4,2024,3,Marketable,Bills Maturity Value,912797MW4,2024-09-10,2025-01-07,null,60188.1615,0,01/25,null,null,null,60188.1615,30,09,0,null,64,4.81
2024-09-30,2024-09-30,2024,4,2024,3,Marketable,Bills Maturity Value,912797LX3,2024-07-11,2025-01-09,null,73930.1982,0,01/25,null,null,null,73930.1982,30,09,0,null,65,5.08
2024-09-30,2024-09-30,2024,4,2024,3,Marketable,Bills Maturity Value,912797MX2,2024-09-17,2025-01-14,null,60193.1962,0,01/25,null,null,null,60193.1962,30,09,0,null,66,4.74
2024-09-30,2024-09-30,2024,4,2024,3,Marketable,Bills Maturity Value,912797LY1,2024-07-18,2025-01-16,null,74116.6592,0,01/25,null,null,null,74116.6592,30,09,0,null,67,4.985
2024-09-30,2024-09-30,2024,4,2024,3,Marketable,Bills Maturity Value,912797MY0,2024-09-24,2025-01-21,null,60196.2337,0,01/25,null,null,null,60196.2337,30,09,0,null,68,4.66
2024-09-30,2024-09-30,2024,4,2024,3,Marketable,Bills Maturity Value,912797JR9,2024-01-25,2025-01-23,null,122574.4123,0,01/25,null,null,null,48610.9408,30,09,0,null,69,4.57
2024-09-30,2024-09-30,2024,4,2024,3,Marketable,Bills Maturity Value,912797JR9,2024-07-25,2025-01-23,null,null,0,01/25,null,null,null,73963.4715,30,09,0,null,70,4.99
2024-09-30,2024-09-30,2024,4,2024,3,Marketable,Bills Maturity Value,912797LZ8,2024-08-01,2025-01-30,null,77189.0884,0,01/25,null,null,null,77189.0884,30,09,0,null,71,4.93
2024-09-30,2024-09-30,2024,4,2024,3,Marketable,Bills Maturity Value,912797MJ3,2024-08-08,2025-02-06,null,75617.2224,0,02/25,null,null,null,75617.2224,30,09,0,null,72,4.7
2024-09-30,2024-09-30,2024,4,2024,3,Marketable,Bills Maturity Value,912797MK0,2024-08-15,2025-02-13,null,76401.4705,0,02/25,null,null,null,76401.4705,30,09,0,null,73,4.795
2024-09-30,2024-09-30,2024,4,2024,3,Marketable,Bills Maturity Value,912797KA4,2024-02-22,2025-02-20,null,124556.2971,0,02/25,null,null,null,49394.7087,30,09,0,null,74,4.695
2024-09-30,2024-09-30,2024,4,2024,3,Marketable,Bills Maturity Value,912797KA4,2024-08-22,2025-02-20,null,null,0,02/25,null,null,null,75161.5884,30,09,0,null,75,4.77
2024-09-30,2024-09-30,2024,4,2024,3,Marketable,Bills Maturity Value,912797ML8,2024-08-29,2025-02-27,null,74878.6286,0,02/25,null,null,null,74878.6286,30,09,0,null,76,4.685
2024-09-30,2024-09-30,2024,4,2024,3,Marketable,Bills Maturity Value,912797MM6,2024-09-05,2025-03-06,null,70794.8264,0,03/25,null,null,null,70794.8264,30,09,0,null,77,4.645
2024-09-30,2024-09-30,2024,4,2024,3,Marketable,Bills Maturity Value,912797MT1,2024-09-12,2025-03-13,null,70852.9067,0,03/25,null,null,null,70852.9067,30,09,0,null,78,4.53
2024-09-30,2024-09-30,2024,4,2024,3,Marketable,Bills Maturity Value,912797KJ5,2024-03-21,2025-03-20,null,116334.0339,0,03/25,null,null,null,46094.4534,30,09,0,null,79,4.81
2024-09-30,2024-09-30,2024,4,2024,3,Marketable,Bills Maturity Value,912797KJ5,2024-09-19,2025-03-20,null,null,0,03/25,null,null,null,70239.5805,30,09,0,null,80,4.41
2024-09-30,2024-09-30,2024,4,2024,3,Marketable,Bills Maturity Value,912797MU8,2024-09-26,2025-03-27,null,70914.5414,0,03/25,null,null,null,70914.5414,30,09,0,null,81,4.27
2024-09-30,2024-09-30,2024,4,2024,3,Marketable,Bills Maturity Value,912797KS5,2024-04-18,2025-04-17,null,49094.6433,0,04/25,null,null,null,49094.6433,30,09,0,null,82,4.915
2024-09-30,2024-09-30,2024,4,2024,3,Marketable,Bills Maturity Value,912797LB1,2024-05-16,2025-05-15,null,50569.8138,0,05/25,null,null,null,50569.8138,30,09,0,null,83,4.895
2024-09-30,2024-09-30,2024,4,2024,3,Marketable,Bills Maturity Value,912797LN5,2024-06-13,2025-06-12,null,46968.7088,0,06/25,null,null,null,46968.7088,30,09,0,null,84,4.915
2024-09-30,2024-09-30,2024,4,2024,3,Marketable,Bills Maturity Value,912797LW5,2024-07-11,2025-07-10,null,48584.0844,0,07/25,null,null,null,48584.0844,30,09,0,null,85,4.775
2024-09-30,2024-09-30,2024,4,2024,3,Marketable,Bills Maturity Value,912797MG9,2024-08-08,2025-08-07,null,49683.3449,0,08/25,null,null,null,49683.3449,30,09,0,null,86,4.255
2024-09-30,2024-09-30,2024,4,2024,3,Marketable,Bills Maturity Value,912797MH7,2024-09-05,2025-09-04,null,46518.2353,0,09/25,null,null,null,46518.2353,30,09,0,null,87,4.15
2024-09-30,2024-09-30,2024,4,2024,3,Marketable,Bills Maturity Value,Total Unmatured Treasury Bills,null,null,null,6004760.2627,0,null,null,null,null,6004760.2627,30,09,0,null,88,null
2024-09-30,2024-09-30,2024,4,2024,3,Marketable,Bills Maturity Value,Total Matured Treasury Bills,null,null,null,*,0,null,null,null,null,*,30,09,0,null,89,null
2024-09-30,2024-09-30,2024,4,2024,3,Marketable,Bills Maturity Value,Total Treasury Bills,null,null,null,6004760.6777,0,null,null,null,null,6004760.6777,30,09,0,null,90,null
2024-09-30,2024-09-30,2024,4,2024,3,Marketable,Notes,91282CDB4,2021-10-15,2024-10-15,0.625,62364.0444,0,04/15,10/15,null,null,62364.0444,30,09,0,null,91,0.635
2024-09-30,2024-09-30,2024,4,2024,3,Marketable,Notes,9128283D0,2017-10-31,2024-10-31,2.25,28700.4899,0,04/30,10/31,null,null,28700.4899,30,09,0,null,92,2.28
2024-09-30,2024-09-30,2024,4,2024,3,Marketable,Notes,912828YM6,2019-10-31,2024-10-31,1.5,45286.6412,0,04/30,10/31,null,null,45286.6412,30,09,0,null,93,1.57
2024-09-30,2024-09-30,2024,4,2024,3,Marketable,Notes,91282CFQ9,2022-10-31,2024-10-31,4.375,41394.6408,0,04/30,10/31,null,null,41994.6408,30,09,-600,null,94,4.46
2024-09-30,2024-09-30,2024,4,2024,3,Marketable,Notes,912828G38,2014-11-17,2024-11-15,2.25,66031.9112,0,05/15,11/15,null,null,24032.1552,30,09,0,null,95,2.365
2024-09-30,2024-09-30,2024,4,2024,3,Marketable,Notes,912828G38,2014-12-15,2024-11-15,2.25,null,0,05/15,11/15,null,null,21000.0122,30,09,0,null,96,2.214
2024-09-30,2024-09-30,2024,4,2024,3,Marketable,Notes,912828G38,2015-01-15,2024-11-15,2.25,null,0,05/15,11/15,null,null,20999.7438,30,09,0,null,97,1.93
2024-09-30,2024-09-30,2024,4,2024,3,Marketable,Notes,91282CDH1,2021-11-15,2024-11-15,0.75,88393.5916,0,05/15,11/15,null,null,88393.5916,30,09,0,null,98,0.75
2024-09-30,2024-09-30,2024,4,2024,3,Marketable,Notes,9128283J7,2017-11-30,2024-11-30,2.125,29519.4578,0,05/31,11/30,null,null,29519.4578,30,09,0,null,99,2.23
2024-09-30,2024-09-30,2024,4,2024,3,Marketable,Notes,912828YV6,2019-12-02,2024-11-30,1.5,44254.9451,0,05/31,11/30,null,null,44254.9451,30,09,0,null,100,1.587
2024-09-30,2024-09-30,2024,4,2024,3,Marketable,Notes,91282CFX4,2022-11-30,2024-11-30,4.5,46562.1017,0,05/31,11/30,null,null,46562.1017,30,09,0,null,101,4.505
2024-09-30,2024-09-30,2024,4,2024,3,Marketable,Notes,91282CDN8,2021-12-15,2024-12-15,1,61962.8779,0,06/15,12/15,null,null,61962.8779,30,09,0,null,102,1
2024-09-30,2024-09-30,2024,4,2024,3,Marketable,Notes,9128283P3,2018-01-02,2024-12-31,2.25,31660.2996,0,06/30,12/31,null,null,31660.2996,30,09,0,null,103,2.37
2024-09-30,2024-09-30,2024,4,2024,3,Marketable,Notes,912828YY0,2019-12-31,2024-12-31,1.75,44858.7444,0,06/30,12/31,null,null,44858.7444,30,09,0,null,104,1.756
2024-09-30,2024-09-30,2024,4,2024,3,Marketable,Notes,91282CGD7,2023-01-03,2024-12-31,4.25,41988.9912,0,06/30,12/31,null,null,41988.9912,30,09,0,null,105,4.373
2024-09-30,2024-09-30,2024,4,2024,3,Marketable,Notes,91282CDS7,2022-01-18,2025-01-15,1.125,60343.4138,0,07/15,01/15,null,null,60343.4138,30,09,0,null,106,1.237
2024-09-30,2024-09-30,2024,4,2024,3,Marketable,Notes,9128283V0,2018-01-31,2025-01-31,2.5,32115.1813,0,07/31,01/31,null,null,32115.1813,30,09,0,null,107,2.565
2024-09-30,2024-09-30,2024,4,2024,3,Marketable,Notes,912828Z52,2020-01-31,2025-01-31,1.375,45231.8432,0,07/31,01/31,null,null,45231.8432,30,09,0,null,108,1.448
2024-09-30,2024-09-30,2024,4,2024,3,Marketable,Notes,91282CGG0,2023-01-31,2025-01-31,4.125,41991.9935,0,07/31,01/31,null,null,41991.9935,30,09,0,null,109,4.139
2024-09-30,2024-09-30,2024,4,2024,3,Marketable,Notes,912828J27,2015-02-17,2025-02-15,2,65603.28,0,08/15,02/15,null,null,24000.1354,30,09,0,null,110,2
2024-09-30,2024-09-30,2024,4,2024,3,Marketable,Notes,912828J27,2015-03-16,2025-02-15,2,null,0,08/15,02/15,null,null,20995.1344,30,09,0,null,111,2.139
2024-09-30,2024-09-30,2024,4,2024,3,Marketable,Notes,912828J27,2015-04-15,2025-02-15,2,null,0,08/15,02/15,null,null,21000.0102,30,09,-392,null,112,1.925
2024-09-30,2024-09-30,2024,4,2024,3,Marketable,Notes,91282CDZ1,2022-02-15,2025-02-15,1.5,80172.9139,0,08/15,02/15,null,null,80247.9139,30,09,-75,null,113,1.592
2024-09-30,2024-09-30,2024,4,2024,3,Marketable,Notes,9128283Z1,2018-02-28,2025-02-28,2.75,36069.1115,0,08/31,02/28,null,null,36070.1115,30,09,-1,null,114,2.839
2024-09-30,2024-09-30,2024,4,2024,3,Marketable,Notes,912828ZC7,2020-03-02,2025-02-28,1.125,46551.5544,0,08/31,02/28,null,null,47196.5544,30,09,-645,null,115,1.15
2024-09-30,2024-09-30,2024,4,2024,3,Marketable,Notes,91282CGN5,2023-02-28,2025-02-28,4.625,51529.5151,0,08/31,02/29,null,null,51529.5151,30,09,0,null,116,4.673
2024-09-30,2024-09-30,2024,4,2024,3,Marketable,Notes,91282CED9,2022-03-15,2025-03-15,1.75,56065.3273,0,09/15,03/15,null,null,56065.3273,30,09,0,null,117,1.775
2024-09-30,2024-09-30,2024,4,2024,3,Marketable,Notes,9128284F4,2018-04-02,2025-03-31,2.625,34108.0894,0,09/30,03/31,null,null,34108.0894,30,09,0,null,118,2.72
2024-09-30,2024-09-30,2024,4,2024,3,Marketable,Notes,912828ZF0,2020-03-31,2025-03-31,0.5,46512.2835,0,09/30,03/31,null,null,46512.2835,30,09,0,null,119,0.535
2024-09-30,2024-09-30,2024,4,2024,3,Marketable,Notes,91282CGU9,2023-03-31,2025-03-31,3.875,41995.5782,0,09/30,03/31,null,null,41995.5782,30,09,0,null,120,3.954
2024-09-30,2024-09-30,2024,4,2024,3,Marketable,Notes,91282CEH0,2022-04-18,2025-04-15,2.625,56972.2211,0,10/15,04/15,null,null,56972.2211,30,09,0,null,121,2.738
2024-09-30,2024-09-30,2024,4,2024,3,Marketable,Notes,9128284M9,2018-04-30,2025-04-30,2.875,32576.4839,0,10/31,04/30,null,null,32701.4839,30,09,-125,null,122,2.952
2024-09-30,2024-09-30,2024,4,2024,3,Marketable,Notes,912828ZL7,2020-04-30,2025-04-30,0.375,46484.3704,0,10/31,04/30,null,null,46734.3704,30,09,-250,null,123,0.394
2024-09-30,2024-09-30,2024,4,2024,3,Marketable,Notes,91282CGX3,2023-05-01,2025-04-30,3.875,45933.9038,0,10/31,04/30,null,null,46083.9038,30,09,-150,null,124,3.969
2024-09-30,2024-09-30,2024,4,2024,3,Marketable,Notes,912828XB1,2015-05-15,2025-05-15,2.125,66081.9894,0,11/15,05/15,null,null,24543.3321,30,09,0,null,125,2.237
2024-09-30,2024-09-30,2024,4,2024,3,Marketable,Notes,912828XB1,2015-06-15,2025-05-15,2.125,null,0,11/15,05/15,null,null,21000.0349,30,09,0,null,126,2.461
2024-09-30,2024-09-30,2024,4,2024,3,Marketable,Notes,912828XB1,2015-07-15,2025-05-15,2.125,null,0,11/15,05/15,null,null,20980.6224,30,09,-442,null,127,2.225
2024-09-30,2024-09-30,2024,4,2024,3,Marketable,Notes,91282CEQ0,2022-05-16,2025-05-15,2.75,75315.7837,0,11/15,05/15,null,null,76491.7837,30,09,-1176,null,128,2.809
2024-09-30,2024-09-30,2024,4,2024,3,Marketable,Notes,9128284R8,2018-05-31,2025-05-31,2.875,35211.5971,0,11/30,05/31,null,null,35211.5971,30,09,0,null,129,2.93
2024-09-30,2024-09-30,2024,4,2024,3,Marketable,Notes,912828ZT0,2020-06-01,2025-05-31,0.25,48601.255,0,11/30,05/31,null,null,49724.255,30,09,-1123,null,130,0.334
2024-09-30,2024-09-30,2024,4,2024,3,Marketable,Notes,91282CHD6,2023-05-31,2025-05-31,4.25,49881.0561,0,11/30,05/31,null,null,49881.0561,30,09,0,null,131,4.3
2024-09-30,2024-09-30,2024,4,2024,3,Marketable,Notes,91282CEU1,2022-06-15,2025-06-15,2.875,46586.3105,0,12/15,06/15,null,null,46586.3105,30,09,0,null,132,2.927
2024-09-30,2024-09-30,2024,4,2024,3,Marketable,Notes,912828XZ8,2018-07-02,2025-06-30,2.75,33736.0984,0,12/31,06/30,null,null,33736.0984,30,09,0,null,133,2.809
2024-09-30,2024-09-30,2024,4,2024,3,Marketable,Notes,912828ZW3,2020-06-30,2025-06-30,0.25,53428.3934,0,12/31,06/30,null,null,53428.3934,30,09,0,null,134,0.33
2024-09-30,2024-09-30,2024,4,2024,3,Marketable,Notes,91282CHL8,2023-06-30,2025-06-30,4.625,41993.504,0,12/31,06/30,null,null,41993.504,30,09,0,null,135,4.67
2024-09-30,2024-09-30,2024,4,2024,3,Marketable,Notes,91282CEY3,2022-07-15,2025-07-15,3,48480.1245,0,01/15,07/15,null,null,48480.1245,30,09,0,null,136,3.093
2024-09-30,2024-09-30,2024,4,2024,3,Marketable,Notes,912828Y79,2018-07-31,2025-07-31,2.875,31629.1126,0,01/31,07/31,null,null,31629.1126,30,09,0,null,137,2.93
2024-09-30,2024-09-30,2024,4,2024,3,Marketable,Notes,91282CAB7,2020-07-31,2025-07-31,0.25,52588.1181,0,01/31,07/31,null,null,54568.1181,30,09,-1980,null,138,0.288
2024-09-30,2024-09-30,2024,4,2024,3,Marketable,Notes,91282CHN4,2023-07-31,2025-07-31,4.75,36574.6077,0,01/31,07/31,null,null,41849.6077,30,09,-5275,null,139,4.823
2024-09-30,2024-09-30,2024,4,2024,3,Marketable,Notes,912828K74,2015-08-17,2025-08-15,2,66454.5188,0,02/15,08/15,null,null,24482.4264,30,09,0,null,140,2.115
2024-09-30,2024-09-30,2024,4,2024,3,Marketable,Notes,912828K74,2015-09-15,2025-08-15,2,null,0,02/15,08/15,null,null,21000.0917,30,09,0,null,141,2.235
2024-09-30,2024-09-30,2024,4,2024,3,Marketable,Notes,912828K74,2015-10-15,2025-08-15,2,null,0,02/15,08/15,null,null,21000.0007,30,09,-28,null,142,2.066
2024-09-30,2024-09-30,2024,4,2024,3,Marketable,Notes,91282CFE6,2022-08-15,2025-08-15,3.125,64514.0454,0,02/15,08/15,null,null,68564.0454,30,09,-4050,null,143,3.202
2024-09-30,2024-09-30,2024,4,2024,3,Marketable,Notes,9128284Z0,2018-08-31,2025-08-31,2.75,33123.893,0,02/28,08/31,null,null,33184.893,30,09,-61,null,144,2.844
2024-09-30,2024-09-30,2024,4,2024,3,Marketable,Notes,91282CAJ0,2020-08-31,2025-08-31,0.25,54570.9286,0,02/28,08/31,null,null,55430.9286,30,09,-860,null,145,0.298
2024-09-30,2024-09-30,2024,4,2024,3,Marketable,Notes,91282CHV6,2023-08-31,2025-08-31,5,49588.7772,0,02/29,08/31,null,null,49663.7772,30,09,-75,null,146,5.024
2024-09-30,2024-09-30,2024,4,2024,3,Marketable,Notes,91282CFK2,2022-09-15,2025-09-15,3.5,41000.028,0,03/15,09/15,null,null,41000.028,30,09,0,null,147,3.564
2024-09-30,2024-09-30,2024,4,2024,3,Marketable,Notes,9128285C0,2018-10-01,2025-09-30,3,31000,0,03/31,09/30,null,null,31000,30,09,0,null,148,3.034
2024-09-30,2024-09-30,2024,4,2024,3,Marketable,Notes,91282CAM3,2020-09-30,2025-09-30,0.25,60202.0271,0,03/31,09/30,null,null,60256.0271,30,09,-54,null,149,0.275
2024-09-30,2024-09-30,2024,4,2024,3,Marketable,Notes,91282CJB8,2023-10-02,2025-09-30,5,47996.3396,0,03/31,09/30,null,null,47996.3396,30,09,0,null,150,5.085
2024-09-30,2024-09-30,2024,4,2024,3,Marketable,Notes,91282CFP1,2022-10-17,2025-10-15,4.25,39646.2765,0,04/15,10/15,null,null,39997.2765,30,09,-351,null,151,4.318
2024-09-30,2024-09-30,2024,4,2024,3,Marketable,Notes,9128285J5,2018-10-31,2025-10-31,3,30894.9987,0,04/30,10/31,null,null,30999.9987,30,09,-105,null,152,3.074
2024-09-30,2024-09-30,2024,4,2024,3,Marketable,Notes,91282CAT8,2020-11-02,2025-10-31,0.25,59303.976,0,04/30,10/31,null,null,60834.976,30,09,-1531,null,153,0.33
2024-09-30,2024-09-30,2024,4,2024,3,Marketable,Notes,91282CJE2,2023-10-31,2025-10-31,5,50437.3822,0,04/30,10/31,null,null,50995.3822,30,09,-558,null,154,5.055
2024-09-30,2024-09-30,2024,4,2024,3,Marketable,Notes,912828M56,2015-11-16,2025-11-15,2.25,66120.8194,0,05/15,11/15,null,null,24122.0698,30,09,0,null,155,2.304
2024-09-30,2024-09-30,2024,4,2024,3,Marketable,Notes,912828M56,2015-12-15,2025-11-15,2.25,null,0,05/15,11/15,null,null,21000.1102,30,09,0,null,156,2.233
2024-09-30,2024-09-30,2024,4,2024,3,Marketable,Notes,912828M56,2016-01-15,2025-11-15,2.25,null,0,05/15,11/15,null,null,20998.6394,30,09,0,null,157,2.09
2024-09-30,2024-09-30,2024,4,2024,3,Marketable,Notes,91282CFW6,2022-11-15,2025-11-15,4.5,54026.6375,0,05/15,11/15,null,null,54026.6375,30,09,0,null,158,4.605
2024-09-30,2024-09-30,2024,4,2024,3,Marketable,Notes,9128285N6,2018-11-30,2025-11-30,2.875,34308.1908,0,05/31,11/30,null,null,34809.1908,30,09,-501,null,159,2.974
2024-09-30,2024-09-30,2024,4,2024,3,Marketable,Notes,91282CAZ4,2020-11-30,2025-11-30,0.375,64699.5887,0,05/31,11/30,null,null,64907.5887,30,09,-208,null,160,0.397
2024-09-30,2024-09-30,2024,4,2024,3,Marketable,Notes,91282CJL6,2023-11-30,2025-11-30,4.875,54275.5654,0,05/31,11/30,null,null,54625.5654,30,09,-350,null,161,4.887
2024-09-30,2024-09-30,2024,4,2024,3,Marketable,Notes,91282CGA3,2022-12-15,2025-12-15,4,39998.8552,0,06/15,12/15,null,null,39998.8552,30,09,0,null,162,4.093
2024-09-30,2024-09-30,2024,4,2024,3,Marketable,Notes,9128285T3,2018-12-31,2025-12-31,2.625,31996.157,0,06/30,12/31,null,null,32000.157,30,09,-4,null,163,2.68
2024-09-30,2024-09-30,2024,4,2024,3,Marketable,Notes,91282CBC4,2020-12-31,2025-12-31,0.375,67976.5429,0,06/30,12/31,null,null,67976.5429,30,09,0,null,164,0.394
2024-09-30,2024-09-30,2024,4,2024,3,Marketable,Notes,91282CJS1,2024-01-02,2025-12-31,4.25,56996.4086,0,06/30,12/31,null,null,56996.4086,30,09,0,null,165,4.314
2024-09-30,2024-09-30,2024,4,2024,3,Marketable,Notes,91282CGE5,2023-01-17,2026-01-15,3.875,39998.0822,0,07/15,01/15,null,null,39998.0822,30,09,0,null,166,3.977
2024-09-30,2024-09-30,2024,4,2024,3,Marketable,Notes,9128286A3,2019-01-31,2026-01-31,2.625,32000.1042,0,07/31,01/31,null,null,32000.1042,30,09,0,null,167,2.625
2024-09-30,2024-09-30,2024,4,2024,3,Marketable,Notes,91282CBH3,2021-02-01,2026-01-31,0.375,69244.7058,0,07/31,01/31,null,null,69244.7058,30,09,0,null,168,0.424
2024-09-30,2024-09-30,2024,4,2024,3,Marketable,Notes,91282CJV4,2024-01-31,2026-01-31,4.25,59997.4581,0,07/31,01/31,null,null,59997.4581,30,09,0,null,169,4.365
2024-09-30,2024-09-30,2024,4,2024,3,Marketable,Notes,912828P46,2016-02-16,2026-02-15,1.625,64938.6599,0,08/15,02/15,null,null,24805.84,30,09,0,null,170,1.73
2024-09-30,2024-09-30,2024,4,2024,3,Marketable,Notes,912828P46,2016-03-15,2026-02-15,1.625,null,0,08/15,02/15,null,null,20000.0618,30,09,0,null,171,1.895
2024-09-30,2024-09-30,2024,4,2024,3,Marketable,Notes,912828P46,2016-04-15,2026-02-15,1.625,null,0,08/15,02/15,null,null,20140.7581,30,09,-8,null,172,1.765
2024-09-30,2024-09-30,2024,4,2024,3,Marketable,Notes,91282CGL9,2023-02-15,2026-02-15,4,55630.5862,0,08/15,02/15,null,null,55630.5862,30,09,0,null,173,4.073
2024-09-30,2024-09-30,2024,4,2024,3,Marketable,Notes,9128286F2,2019-02-28,2026-02-28,2.5,33539.1011,0,08/31,02/29,null,null,33540.1011,30,09,-1,null,174,2.538
2024-09-30,2024-09-30,2024,4,2024,3,Marketable,Notes,91282CBQ3,2021-03-01,2026-02-28,0.5,72338.4683,0,08/31,02/28,null,null,74214.4683,30,09,-1876,null,175,0.621
2024-09-30,2024-09-30,2024,4,2024,3,Marketable,Notes,91282CKB6,2024-02-29,2026-02-28,4.625,65724.7575,0,08/31,02/28,null,null,65724.7575,30,09,0,null,176,4.691
2024-09-30,2024-09-30,2024,4,2024,3,Marketable,Notes,91282CGR6,2023-03-15,2026-03-15,4.625,39873.9487,0,09/15,03/15,null,null,39999.9487,30,09,-126,null,177,4.635
2024-09-30,2024-09-30,2024,4,2024,3,Marketable,Notes,9128286L9,2019-04-01,2026-03-31,2.25,31989.9707,0,09/30,03/31,null,null,31999.9707,30,09,-10,null,178,2.281
2024-09-30,2024-09-30,2024,4,2024,3,Marketable,Notes,91282CBT7,2021-03-31,2026-03-31,0.75,71950.7456,0,09/30,03/31,null,null,71953.7456,30,09,-3,null,179,0.85
2024-09-30,2024-09-30,2024,4,2024,3,Marketable,Notes,91282CKH3,2024-04-01,2026-03-31,4.5,65989.0301,0,09/30,03/31,null,null,65989.0301,30,09,0,null,180,4.595
2024-09-30,2024-09-30,2024,4,2024,3,Marketable,Notes,91282CGV7,2023-04-17,2026-04-15,3.75,42518.5822,0,10/15,04/15,null,null,42543.5822,30,09,-25,null,181,3.81
2024-09-30,2024-09-30,2024,4,2024,3,Marketable,Notes,9128286S4,2019-04-30,2026-04-30,2.375,32407.2418,0,10/31,04/30,null,null,32408.2418,30,09,-1,null,182,2.426
2024-09-30,2024-09-30,2024,4,2024,3,Marketable,Notes,91282CKK6,2024-04-30,2026-04-30,4.875,69309.8907,0,10/31,04/30,null,null,69309.8907,30,09,0,null,183,4.898
2024-09-30,2024-09-30,2024,4,2024,3,Marketable,Notes,91282CBW0,2021-04-30,2026-04-30,0.75,72648.3797,0,10/31,04/30,null,null,72649.3797,30,09,-1,null,184,0.849
2024-09-30,2024-09-30,2024,4,2024,3,Marketable,Notes,912828R36,2016-05-16,2026-05-15,1.625,69181.7591,0,11/15,05/15,null,null,28201.0181,30,09,0,null,185,1.71
2024-09-30,2024-09-30,2024,4,2024,3,Marketable,Notes,912828R36,2016-06-15,2026-05-15,1.625,null,0,11/15,05/15,null,null,20000.0406,30,09,0,null,186,1.702
2024-09-30,2024-09-30,2024,4,2024,3,Marketable,Notes,912828R36,2016-07-15,2026-05-15,1.625,null,0,11/15,05/15,null,null,21302.7004,30,09,-322,null,187,1.516
2024-09-30,2024-09-30,2024,4,2024,3,Marketable,Notes,91282CHB0,2023-05-15,2026-05-15,3.625,50354.822,0,11/15,05/15,null,null,50887.822,30,09,-533,null,188,3.695
2024-09-30,2024-09-30,2024,4,2024,3,Marketable,Notes,9128286X3,2019-05-31,2026-05-31,2.125,35067.5669,0,11/30,05/31,null,null,35361.5669,30,09,-294,null,189,2.144
2024-09-30,2024-09-30,2024,4,2024,3,Marketable,Notes,91282CCF6,2021-06-01,2026-05-31,0.75,72376.141,0,11/30,05/31,null,null,72840.141,30,09,-464,null,190,0.788
2024-09-30,2024-09-30,2024,4,2024,3,Marketable,Notes,91282CKS9,2024-05-31,2026-05-31,4.875,73094.4896,0,11/30,05/31,null,null,73094.4896,30,09,0,null,191,4.917
2024-09-30,2024-09-30,2024,4,2024,3,Marketable,Notes,91282CHH7,2023-06-15,2026-06-15,4.125,39999.4623,0,12/15,06/15,null,null,39999.4623,30,09,0,null,192,4.202
2024-09-30,2024-09-30,2024,4,2024,3,Marketable,Notes,9128287B0,2019-07-01,2026-06-30,1.875,33828.1221,0,12/31,06/30,null,null,33828.1221,30,09,0,null,193,1.889
2024-09-30,2024-09-30,2024,4,2024,3,Marketable,Notes,91282CCJ8,2021-06-30,2026-06-30,0.875,70259.2718,0,12/31,06/30,null,null,70259.2718,30,09,0,null,194,0.904
2024-09-30,2024-09-30,2024,4,2024,3,Marketable,Notes,91282CKY6,2024-07-01,2026-06-30,4.625,71392.4457,0,12/31,06/30,null,null,71392.4457,30,09,0,null,195,4.706
2024-09-30,2024-09-30,2024,4,2024,3,Marketable,Notes,91282CHM6,2023-07-17,2026-07-15,4.5,40000.024,0,01/15,07/15,null,null,40000.024,30,09,0,null,196,4.534
2024-09-30,2024-09-30,2024,4,2024,3,Marketable,Notes,912828Y95,2019-07-31,2026-07-31,1.875,32599.1323,0,01/31,07/31,null,null,33271.1323,30,09,-672,null,197,1.967
2024-09-30,2024-09-30,2024,4,2024,3,Marketable,Notes,91282CCP4,2021-08-02,2026-07-31,0.625,66482.5919,0,01/31,07/31,null,null,66841.5919,30,09,-359,null,198,0.71
2024-09-30,2024-09-30,2024,4,2024,3,Marketable,Notes,91282CLB5,2024-07-31,2026-07-31,4.375,72782.8883,0,01/31,07/31,null,null,72782.8883,30,09,0,null,199,4.434
2024-09-30,2024-09-30,2024,4,2024,3,Marketable,Notes,9128282A7,2016-08-15,2026-08-15,1.5,64990.2405,0,02/15,08/15,null,null,25355.9764,30,09,0,null,200,1.503
2024-09-30,2024-09-30,2024,4,2024,3,Marketable,Notes,9128282A7,2016-09-15,2026-08-15,1.5,null,0,02/15,08/15,null,null,20000.043,30,09,0,null,201,1.699
2024-09-30,2024-09-30,2024,4,2024,3,Marketable,Notes,9128282A7,2016-10-17,2026-08-15,1.5,null,0,02/15,08/15,null,null,20000.2211,30,09,-366,null,202,1.793
2024-09-30,2024-09-30,2024,4,2024,3,Marketable,Notes,91282CHU8,2023-08-15,2026-08-15,4.375,57701.848,0,02/15,08/15,null,null,57701.848,30,09,0,null,203,4.398
2024-09-30,2024-09-30,2024,4,2024,3,Marketable,Notes,912828YD6,2019-09-03,2026-08-31,1.375,36155.3821,0,02/29,08/31,null,null,36155.3821,30,09,0,null,204,1.489
2024-09-30,2024-09-30,2024,4,2024,3,Marketable,Notes,91282CCW9,2021-08-31,2026-08-31,0.75,68492.147,0,02/28,08/31,null,null,68664.147,30,09,-172,null,205,0.831
2024-09-30,2024-09-30,2024,4,2024,3,Marketable,Notes,91282CLH2,2024-09-03,2026-08-31,3.75,74480.6428,0,02/28,08/31,null,null,74480.6428,30,09,0,null,206,3.874
2024-09-30,2024-09-30,2024,4,2024,3,Marketable,Notes,91282CHY0,2023-09-15,2026-09-15,4.625,43999.6988,0,03/15,09/15,null,null,43999.6988,30,09,0,null,207,4.66
2024-09-30,2024-09-30,2024,4,2024,3,Marketable,Notes,912828YG9,2019-09-30,2026-09-30,1.625,35324.2104,0,03/31,09/30,null,null,35324.2104,30,09,0,null,208,1.633
2024-09-30,2024-09-30,2024,4,2024,3,Marketable,Notes,91282CCZ2,2021-09-30,2026-09-30,0.875,68346.4253,0,03/31,09/30,null,null,68346.4253,30,09,0,null,209,0.99
2024-09-30,2024-09-30,2024,4,2024,3,Marketable,Notes,91282CLP4,2024-09-30,2026-09-30,3.5,70424.3844,0,03/31,09/30,null,null,70424.3844,30,09,0,null,210,3.52
2024-09-30,2024-09-30,2024,4,2024,3,Marketable,Notes,91282CJC6,2023-10-16,2026-10-15,4.625,45999.8115,0,04/15,10/15,null,null,45999.8115,30,09,0,null,211,4.74
2024-09-30,2024-09-30,2024,4,2024,3,Marketable,Notes,912828YQ7,2019-10-31,2026-10-31,1.625,35345.6666,0,04/30,10/31,null,null,35345.6666,30,09,0,null,212,1.657
2024-09-30,2024-09-30,2024,4,2024,3,Marketable,Notes,91282CDG3,2021-11-01,2026-10-31,1.125,67201.6911,0,04/30,10/31,null,null,67201.6911,30,09,0,null,213,1.157
2024-09-30,2024-09-30,2024,4,2024,3,Marketable,Notes,912828U24,2016-11-15,2026-11-15,2,68952.5749,0,05/15,11/15,null,null,28035.2779,30,09,0,null,214,2.02
2024-09-30,2024-09-30,2024,4,2024,3,Marketable,Notes,912828U24,2016-12-15,2026-11-15,2,null,0,05/15,11/15,null,null,20000.0197,30,09,0,null,215,2.485
2024-09-30,2024-09-30,2024,4,2024,3,Marketable,Notes,912828U24,2017-01-17,2026-11-15,2,null,0,05/15,11/15,null,null,21107.2773,30,09,-190,null,216,2.342
2024-09-30,2024-09-30,2024,4,2024,3,Marketable,Notes,91282CJK8,2023-11-15,2026-11-15,4.625,48910.4001,0,05/15,11/15,null,null,48910.4001,30,09,0,null,217,4.701
2024-09-30,2024-09-30,2024,4,2024,3,Marketable,Notes,912828YU8,2019-12-02,2026-11-30,1.625,34054.4881,0,05/31,11/30,null,null,34540.4881,30,09,-486,null,218,1.719
2024-09-30,2024-09-30,2024,4,2024,3,Marketable,Notes,91282CDK4,2021-11-30,2026-11-30,1.25,63863.0424,0,05/31,11/30,null,null,63863.0424,30,09,0,null,219,1.319
2024-09-30,2024-09-30,2024,4,2024,3,Marketable,Notes,91282CJP7,2023-12-15,2026-12-15,4.375,49998.6465,0,06/15,12/15,null,null,49998.6465,30,09,0,null,220,4.49
2024-09-30,2024-09-30,2024,4,2024,3,Marketable,Notes,912828YX2,2019-12-31,2026-12-31,1.75,35011.7014,0,06/30,12/31,null,null,35011.7014,30,09,0,null,221,1.835
2024-09-30,2024-09-30,2024,4,2024,3,Marketable,Notes,91282CDQ1,2021-12-31,2026-12-31,1.25,64744.1915,0,06/30,12/31,null,null,64744.1915,30,09,0,null,222,1.263
2024-09-30,2024-09-30,2024,4,2024,3,Marketable,Notes,91282CJT9,2024-01-16,2027-01-15,4,51997.7476,0,07/15,01/15,null,null,51997.7476,30,09,0,null,223,4.105
2024-09-30,2024-09-30,2024,4,2024,3,Marketable,Notes,912828Z78,2020-01-31,2027-01-31,1.5,98524.8406,0,07/31,01/31,null,null,35304.3009,30,09,0,null,224,1.57
2024-09-30,2024-09-30,2024,4,2024,3,Marketable,Notes,912828Z78,2022-01-31,2027-01-31,1.5,null,0,07/31,01/31,null,null,63220.5397,30,09,0,null,225,1.533
2024-09-30,2024-09-30,2024,4,2024,3,Marketable,Notes,912828V98,2017-02-15,2027-02-15,2.25,64537.8684,0,08/15,02/15,null,null,25655.7885,30,09,0,null,226,2.333
2024-09-30,2024-09-30,2024,4,2024,3,Marketable,Notes,912828V98,2017-03-15,2027-02-15,2.25,null,0,08/15,02/15,null,null,20000.7616,30,09,0,null,227,2.56
2024-09-30,2024-09-30,2024,4,2024,3,Marketable,Notes,912828V98,2017-04-17,2027-02-15,2.25,null,0,08/15,02/15,null,null,20164.3183,30,09,-1283,null,228,2.332
2024-09-30,2024-09-30,2024,4,2024,3,Marketable,Notes,91282CKA8,2024-02-15,2027-02-15,4.125,57993.441,0,08/15,02/15,null,null,57993.441,30,09,0,null,229,4.169
2024-09-30,2024-09-30,2024,4,2024,3,Marketable,Notes,912828ZB9,2020-03-02,2027-02-28,1.125,36836.3239,0,08/31,02/28,null,null,36836.3239,30,09,0,null,230,1.247
2024-09-30,2024-09-30,2024,4,2024,3,Marketable,Notes,91282CEC1,2022-02-28,2027-02-28,1.875,62079.7848,0,08/31,02/28,null,null,62079.7848,30,09,0,null,231,1.88
2024-09-30,2024-09-30,2024,4,2024,3,Marketable,Notes,91282CKE0,2024-03-15,2027-03-15,4.25,55999.8667,0,09/15,03/15,null,null,55999.8667,30,09,0,null,232,4.256
2024-09-30,2024-09-30,2024,4,2024,3,Marketable,Notes,912828ZE3,2020-03-31,2027-03-31,0.625,36302.5047,0,09/30,03/31,null,null,36302.5047,30,09,0,null,233,0.68
2024-09-30,2024-09-30,2024,4,2024,3,Marketable,Notes,91282CEF4,2022-03-31,2027-03-31,2.5,60494.7113,0,09/30,03/31,null,null,60494.7113,30,09,0,null,234,2.543
2024-09-30,2024-09-30,2024,4,2024,3,Marketable,Notes,91282CKJ9,2024-04-15,2027-04-15,4.5,58951.2958,0,10/15,04/15,null,null,58951.2958,30,09,0,null,235,4.548
2024-09-30,2024-09-30,2024,4,2024,3,Marketable,Notes,912828ZN3,2020-04-30,2027-04-30,0.5,38039.5902,0,10/31,04/30,null,null,38039.5902,30,09,0,null,236,0.525
2024-09-30,2024-09-30,2024,4,2024,3,Marketable,Notes,91282CEN7,2022-05-02,2027-04-30,2.75,55783.8757,0,10/31,04/30,null,null,55793.8757,30,09,-10,null,237,2.785
2024-09-30,2024-09-30,2024,4,2024,3,Marketable,Notes,912828X88,2017-05-15,2027-05-15,2.375,70058.2206,0,11/15,05/15,null,null,30593.7355,30,09,0,null,238,2.4
2024-09-30,2024-09-30,2024,4,2024,3,Marketable,Notes,912828X88,2017-06-15,2027-05-15,2.375,null,0,11/15,05/15,null,null,19999.9223,30,09,0,null,239,2.195
2024-09-30,2024-09-30,2024,4,2024,3,Marketable,Notes,912828X88,2017-07-17,2027-05-15,2.375,null,0,11/15,05/15,null,null,20456.5628,30,09,-992,null,240,2.325
2024-09-30,2024-09-30,2024,4,2024,3,Marketable,Notes,91282CKR1,2024-05-15,2027-05-15,4.5,65289.0435,0,11/15,05/15,null,null,65289.0435,30,09,0,null,241,4.605
2024-09-30,2024-09-30,2024,4,2024,3,Marketable,Notes,912828ZS2,2020-06-01,2027-05-31,0.5,41979.3545,0,11/30,05/31,null,null,41989.3545,30,09,-10,null,242,0.553
2024-09-30,2024-09-30,2024,4,2024,3,Marketable,Notes,91282CET4,2022-05-31,2027-05-31,2.625,55215.6122,0,11/30,05/31,null,null,55215.6122,30,09,0,null,243,2.736
2024-09-30,2024-09-30,2024,4,2024,3,Marketable,Notes,91282CKV2,2024-06-17,2027-06-15,4.625,59875.6033,0,12/15,06/15,null,null,59875.6033,30,09,0,null,244,4.659
2024-09-30,2024-09-30,2024,4,2024,3,Marketable,Notes,912828ZV5,2020-06-30,2027-06-30,0.5,46107.7319,0,12/31,06/30,null,null,46607.7319,30,09,-500,null,245,0.511
2024-09-30,2024-09-30,2024,4,2024,3,Marketable,Notes,91282CEW7,2022-06-30,2027-06-30,3.25,50592.5718,0,12/31,06/30,null,null,50592.5718,30,09,0,null,246,3.271
2024-09-30,2024-09-30,2024,4,2024,3,Marketable,Notes,91282CKZ3,2024-07-15,2027-07-15,4.375,67413.2779,0,01/15,07/15,null,null,67413.2779,30,09,0,null,247,4.399
2024-09-30,2024-09-30,2024,4,2024,3,Marketable,Notes,91282CAD3,2020-07-31,2027-07-31,0.375,49000.1011,0,01/31,07/31,null,null,49000.1011,30,09,0,null,248,0.446
2024-09-30,2024-09-30,2024,4,2024,3,Marketable,Notes,91282CFB2,2022-08-01,2027-07-31,2.75,49990.6782,0,01/31,07/31,null,null,49990.6782,30,09,0,null,249,2.86
2024-09-30,2024-09-30,2024,4,2024,3,Marketable,Notes,9128282R0,2017-08-15,2027-08-15,2.25,69915.3604,0,02/15,08/15,null,null,29920.4635,30,09,0,null,250,2.25
2024-09-30,2024-09-30,2024,4,2024,3,Marketable,Notes,9128282R0,2017-09-15,2027-08-15,2.25,null,0,02/15,08/15,null,null,19999.9057,30,09,0,null,251,2.18
2024-09-30,2024-09-30,2024,4,2024,3,Marketable,Notes,9128282R0,2017-10-16,2027-08-15,2.25,null,0,02/15,08/15,null,null,19999.9912,30,09,-5,null,252,2.346
2024-09-30,2024-09-30,2024,4,2024,3,Marketable,Notes,91282CLG4,2024-08-15,2027-08-15,3.75,69029.2792,0,02/15,08/15,null,null,69029.2792,30,09,0,null,253,3.81
2024-09-30,2024-09-30,2024,4,2024,3,Marketable,Notes,91282CAH4,2020-08-31,2027-08-31,0.5,50958.0757,0,02/28,08/31,null,null,51083.0757,30,09,-125,null,254,0.519
2024-09-30,2024-09-30,2024,4,2024,3,Marketable,Notes,91282CFH9,2022-08-31,2027-08-31,3.125,50857.9032,0,02/28,08/31,null,null,50857.9032,30,09,0,null,255,3.23
2024-09-30,2024-09-30,2024,4,2024,3,Marketable,Notes,91282CLL3,2024-09-16,2027-09-15,3.375,58553.7853,0,03/15,09/15,null,null,58553.7853,30,09,0,null,256,3.44
2024-09-30,2024-09-30,2024,4,2024,3,Marketable,Notes,91282CAL5,2020-09-30,2027-09-30,0.375,56845.2943,0,03/31,09/30,null,null,56845.2943,30,09,0,null,257,0.462
2024-09-30,2024-09-30,2024,4,2024,3,Marketable,Notes,91282CFM8,2022-09-30,2027-09-30,4.125,44000.1154,0,03/31,09/30,null,null,44000.1154,30,09,0,null,258,4.228
2024-09-30,2024-09-30,2024,4,2024,3,Marketable,Notes,91282CAU5,2020-11-02,2027-10-31,0.5,58622.9768,0,04/30,10/31,null,null,58622.9768,30,09,0,null,259,0.6
2024-09-30,2024-09-30,2024,4,2024,3,Marketable,Notes,91282CFU0,2022-10-31,2027-10-31,4.125,42999.5559,0,04/30,10/31,null,null,42999.5559,30,09,0,null,260,4.192
2024-09-30,2024-09-30,2024,4,2024,3,Marketable,Notes,9128283F5,2017-11-15,2027-11-15,2.25,66474.1106,0,05/15,11/15,null,null,25796.7611,30,09,0,null,261,2.314
2024-09-30,2024-09-30,2024,4,2024,3,Marketable,Notes,9128283F5,2017-12-15,2027-11-15,2.25,null,0,05/15,11/15,null,null,19999.9963,30,09,0,null,262,2.384
2024-09-30,2024-09-30,2024,4,2024,3,Marketable,Notes,9128283F5,2018-01-16,2027-11-15,2.25,null,0,05/15,11/15,null,null,20677.3532,30,09,0,null,263,2.579
2024-09-30,2024-09-30,2024,4,2024,3,Marketable,Notes,91282CAY7,2020-11-30,2027-11-30,0.625,63768.8862,0,05/31,11/30,null,null,63768.8862,30,09,0,null,264,0.653
2024-09-30,2024-09-30,2024,4,2024,3,Marketable,Notes,91282CFZ9,2022-11-30,2027-11-30,3.875,47669.9145,0,05/31,11/30,null,null,47669.9145,30,09,0,null,265,3.974
2024-09-30,2024-09-30,2024,4,2024,3,Marketable,Notes,91282CBB6,2020-12-31,2027-12-31,0.625,67976.5168,0,06/30,12/31,null,null,67976.5168,30,09,0,null,266,0.662
2024-09-30,2024-09-30,2024,4,2024,3,Marketable,Notes,91282CGC9,2023-01-03,2027-12-31,3.875,42999.7134,0,06/30,12/31,null,null,42999.7134,30,09,0,null,267,3.973
2024-09-30,2024-09-30,2024,4,2024,3,Marketable,Notes,91282CBJ9,2021-02-01,2028-01-31,0.75,70379.8497,0,07/31,01/31,null,null,70379.8497,30,09,0,null,268,0.754
2024-09-30,2024-09-30,2024,4,2024,3,Marketable,Notes,91282CGH8,2023-01-31,2028-01-31,3.5,42989.6949,0,07/31,01/31,null,null,42989.6949,30,09,0,null,269,3.53
2024-09-30,2024-09-30,2024,4,2024,3,Marketable,Notes,9128283W8,2018-02-15,2028-02-15,2.75,70245.1045,0,08/15,02/15,null,null,28536.05,30,09,0,null,270,2.811
2024-09-30,2024-09-30,2024,4,2024,3,Marketable,Notes,9128283W8,2018-03-15,2028-02-15,2.75,null,0,08/15,02/15,null,null,21000.0038,30,09,0,null,271,2.889
2024-09-30,2024-09-30,2024,4,2024,3,Marketable,Notes,9128283W8,2018-04-16,2028-02-15,2.75,null,0,08/15,02/15,null,null,21036.0507,30,09,-327,null,272,2.795
2024-09-30,2024-09-30,2024,4,2024,3,Marketable,Notes,91282CBP5,2021-03-01,2028-02-29,1.125,75431.1485,0,08/31,02/28,null,null,75431.1485,30,09,0,null,273,1.195
2024-09-30,2024-09-30,2024,4,2024,3,Marketable,Notes,91282CGP0,2023-02-28,2028-02-29,4,52769.3168,0,08/31,02/29,null,null,52769.3168,30,09,0,null,274,4.109
2024-09-30,2024-09-30,2024,4,2024,3,Marketable,Notes,91282CBS9,2021-03-31,2028-03-31,1.25,73132.916,0,09/30,03/31,null,null,73132.916,30,09,0,null,275,1.3
2024-09-30,2024-09-30,2024,4,2024,3,Marketable,Notes,91282CGT2,2023-03-31,2028-03-31,3.625,42999.8097,0,09/30,03/31,null,null,42999.8097,30,09,0,null,276,3.665
2024-09-30,2024-09-30,2024,4,2024,3,Marketable,Notes,91282CBZ3,2021-04-30,2028-04-30,1.25,73840.2701,0,10/31,04/30,null,null,73840.2701,30,09,0,null,277,1.306
2024-09-30,2024-09-30,2024,4,2024,3,Marketable,Notes,91282CHA2,2023-05-01,2028-04-30,3.5,47182.5132,0,10/31,04/30,null,null,47182.5132,30,09,0,null,278,3.5
2024-09-30,2024-09-30,2024,4,2024,3,Marketable,Notes,9128284N7,2018-05-15,2028-05-15,2.875,75107.2308,0,11/15,05/15,null,null,31026.682,30,09,0,null,279,2.995
2024-09-30,2024-09-30,2024,4,2024,3,Marketable,Notes,9128284N7,2018-06-15,2028-05-15,2.875,null,0,11/15,05/15,null,null,22000.0172,30,09,0,null,280,2.962
2024-09-30,2024-09-30,2024,4,2024,3,Marketable,Notes,9128284N7,2018-07-16,2028-05-15,2.875,null,0,11/15,05/15,null,null,22085.5316,30,09,-5,null,281,2.859
2024-09-30,2024-09-30,2024,4,2024,3,Marketable,Notes,91282CCE9,2021-06-01,2028-05-31,1.25,74034.2334,0,11/30,05/31,null,null,74034.2334,30,09,0,null,282,1.285
2024-09-30,2024-09-30,2024,4,2024,3,Marketable,Notes,91282CHE4,2023-05-31,2028-05-31,3.625,51060.1542,0,11/30,05/31,null,null,51060.1542,30,09,0,null,283,3.749
2024-09-30,2024-09-30,2024,4,2024,3,Marketable,Notes,91282CCH2,2021-06-30,2028-06-30,1.25,71410.1021,0,12/31,06/30,null,null,71410.1021,30,09,0,null,284,1.264
2024-09-30,2024-09-30,2024,4,2024,3,Marketable,Notes,91282CHK0,2023-06-30,2028-06-30,4,42999.6645,0,12/31,06/30,null,null,42999.6645,30,09,0,null,285,4.019
2024-09-30,2024-09-30,2024,4,2024,3,Marketable,Notes,91282CCR0,2021-08-02,2028-07-31,1,67937.6586,0,01/31,07/31,null,null,67937.6586,30,09,0,null,286,1.05
2024-09-30,2024-09-30,2024,4,2024,3,Marketable,Notes,91282CHQ7,2023-07-31,2028-07-31,4.125,42999.6711,0,01/31,07/31,null,null,42999.6711,30,09,0,null,287,4.17
2024-09-30,2024-09-30,2024,4,2024,3,Marketable,Notes,9128284V9,2018-08-15,2028-08-15,2.875,75470.7101,0,02/15,08/15,null,null,29495.4751,30,09,0,null,288,2.96
2024-09-30,2024-09-30,2024,4,2024,3,Marketable,Notes,9128284V9,2018-09-17,2028-08-15,2.875,null,0,02/15,08/15,null,null,22999.9659,30,09,0,null,289,2.957
2024-09-30,2024-09-30,2024,4,2024,3,Marketable,Notes,9128284V9,2018-10-15,2028-08-15,2.875,null,0,02/15,08/15,null,null,23000.2691,30,09,-25,null,290,3.225
2024-09-30,2024-09-30,2024,4,2024,3,Marketable,Notes,91282CCV1,2021-08-31,2028-08-31,1.125,69783.8029,0,02/28,08/31,null,null,69789.8029,30,09,-6,null,291,1.155
2024-09-30,2024-09-30,2024,4,2024,3,Marketable,Notes,91282CHX2,2023-08-31,2028-08-31,4.375,50767.9706,0,02/29,08/31,null,null,50767.9706,30,09,0,null,292,4.4
2024-09-30,2024-09-30,2024,4,2024,3,Marketable,Notes,91282CCY5,2021-09-30,2028-09-30,1.25,69466.8874,0,03/31,09/30,null,null,69466.8874,30,09,0,null,293,1.332
2024-09-30,2024-09-30,2024,4,2024,3,Marketable,Notes,91282CJA0,2023-10-02,2028-09-30,4.625,48999.9713,0,03/31,09/30,null,null,48999.9713,30,09,0,null,294,4.659
2024-09-30,2024-09-30,2024,4,2024,3,Marketable,Notes,91282CDF5,2021-11-01,2028-10-31,1.375,68190.325,0,04/30,10/31,null,null,68303.325,30,09,-113,null,295,1.461
2024-09-30,2024-09-30,2024,4,2024,3,Marketable,Notes,91282CJF9,2023-10-31,2028-10-31,4.875,51999.3315,0,04/30,10/31,null,null,51999.3315,30,09,0,null,296,4.899
2024-09-30,2024-09-30,2024,4,2024,3,Marketable,Notes,9128285M8,2018-11-15,2028-11-15,3.125,80503.8543,0,05/15,11/15,null,null,32506.5792,30,09,0,null,297,3.209
2024-09-30,2024-09-30,2024,4,2024,3,Marketable,Notes,9128285M8,2018-12-17,2028-11-15,3.125,null,0,05/15,11/15,null,null,23999.5335,30,09,0,null,298,2.915
2024-09-30,2024-09-30,2024,4,2024,3,Marketable,Notes,9128285M8,2019-01-15,2028-11-15,3.125,null,0,05/15,11/15,null,null,23999.7416,30,09,-2,null,299,2.728
2024-09-30,2024-09-30,2024,4,2024,3,Marketable,Notes,91282CDL2,2021-11-30,2028-11-30,1.5,63857.6206,0,05/31,11/30,null,null,63863.6206,30,09,-6,null,300,1.588
2024-09-30,2024-09-30,2024,4,2024,3,Marketable,Notes,91282CJN2,2023-11-30,2028-11-30,4.375,55622.0337,0,05/31,11/30,null,null,55622.0337,30,09,0,null,301,4.42
2024-09-30,2024-09-30,2024,4,2024,3,Marketable,Notes,91282CDP3,2021-12-31,2028-12-31,1.375,63608.1801,0,06/30,12/31,null,null,63608.1801,30,09,0,null,302,1.48
2024-09-30,2024-09-30,2024,4,2024,3,Marketable,Notes,91282CJR3,2024-01-02,2028-12-31,3.75,57996.2671,0,06/30,12/31,null,null,57996.2671,30,09,0,null,303,3.801
2024-09-30,2024-09-30,2024,4,2024,3,Marketable,Notes,91282CDW8,2022-01-31,2029-01-31,1.75,60917.6569,0,07/31,01/31,null,null,60921.6569,30,09,-4,null,304,1.769
2024-09-30,2024-09-30,2024,4,2024,3,Marketable,Notes,91282CJW2,2024-01-31,2029-01-31,4,60999.5914,0,07/31,01/31,null,null,60999.5914,30,09,0,null,305,4.055
2024-09-30,2024-09-30,2024,4,2024,3,Marketable,Notes,9128286B1,2019-02-15,2029-02-15,2.625,81505.475,0,08/15,02/15,null,null,33502.0739,30,09,0,null,306,2.689
2024-09-30,2024-09-30,2024,4,2024,3,Marketable,Notes,9128286B1,2019-03-15,2029-02-15,2.625,null,0,08/15,02/15,null,null,24000.0332,30,09,0,null,307,2.615
2024-09-30,2024-09-30,2024,4,2024,3,Marketable,Notes,9128286B1,2019-04-15,2029-02-15,2.625,null,0,08/15,02/15,null,null,24003.3679,30,09,0,null,308,2.466
2024-09-30,2024-09-30,2024,4,2024,3,Marketable,Notes,91282CEB3,2022-02-28,2029-02-28,1.875,58545.8318,0,08/31,02/28,null,null,58565.8318,30,09,-20,null,309,1.905
2024-09-30,2024-09-30,2024,4,2024,3,Marketable,Notes,91282CKD2,2024-02-29,2029-02-28,4.25,66769.3251,0,08/31,02/28,null,null,66769.3251,30,09,0,null,310,4.32
2024-09-30,2024-09-30,2024,4,2024,3,Marketable,Notes,91282CEE7,2022-03-31,2029-03-31,2.375,55674.7207,0,09/30,03/31,null,null,55749.7207,30,09,-75,null,311,2.499
2024-09-30,2024-09-30,2024,4,2024,3,Marketable,Notes,91282CKG5,2024-04-01,2029-03-31,4.125,66999.7216,0,09/30,03/31,null,null,66999.7216,30,09,0,null,312,4.235
2024-09-30,2024-09-30,2024,4,2024,3,Marketable,Notes,91282CEM9,2022-05-02,2029-04-30,2.875,49900.2335,0,10/31,04/30,null,null,50100.2335,30,09,-200,null,313,2.908
2024-09-30,2024-09-30,2024,4,2024,3,Marketable,Notes,91282CKP5,2024-04-30,2029-04-30,4.625,70332.3058,0,10/31,04/30,null,null,70332.3058,30,09,0,null,314,4.659
2024-09-30,2024-09-30,2024,4,2024,3,Marketable,Notes,9128286T2,2019-05-15,2029-05-15,2.375,84377.0589,0,11/15,05/15,null,null,36197.7175,30,09,0,null,315,2.479
2024-09-30,2024-09-30,2024,4,2024,3,Marketable,Notes,9128286T2,2019-06-17,2029-05-15,2.375,null,0,11/15,05/15,null,null,24000.0006,30,09,0,null,316,2.13
2024-09-30,2024-09-30,2024,4,2024,3,Marketable,Notes,9128286T2,2019-06-26,2029-05-15,2.375,null,0,11/15,05/15,null,null,25.0004,30,09,0,null,317,2.065
2024-09-30,2024-09-30,2024,4,2024,3,Marketable,Notes,9128286T2,2019-07-15,2029-05-15,2.375,null,0,11/15,05/15,null,null,24204.3404,30,09,-50,null,318,2.064
2024-09-30,2024-09-30,2024,4,2024,3,Marketable,Notes,91282CES6,2022-05-31,2029-05-31,2.75,48314.1243,0,11/30,05/31,null,null,48314.1243,30,09,0,null,319,2.777
2024-09-30,2024-09-30,2024,4,2024,3,Marketable,Notes,91282CKT7,2024-05-31,2029-05-31,4.5,74155.7385,0,11/30,05/31,null,null,74155.7385,30,09,0,null,320,4.553
2024-09-30,2024-09-30,2024,4,2024,3,Marketable,Notes,91282CEV9,2022-06-30,2029-06-30,3.25,42974.1464,0,12/31,06/30,null,null,43057.1464,30,09,-83,null,321,3.28
2024-09-30,2024-09-30,2024,4,2024,3,Marketable,Notes,91282CKX8,2024-07-01,2029-06-30,4.25,72436.7849,0,12/31,06/30,null,null,72436.7849,30,09,0,null,322,4.331
2024-09-30,2024-09-30,2024,4,2024,3,Marketable,Notes,91282CFC0,2022-08-01,2029-07-31,2.625,41105.9639,0,01/31,07/31,null,null,41296.9639,30,09,-191,null,323,2.73
2024-09-30,2024-09-30,2024,4,2024,3,Marketable,Notes,91282CLC3,2024-07-31,2029-07-31,4,73858.6093,0,01/31,07/31,null,null,73858.6093,30,09,0,null,324,4.121
2024-09-30,2024-09-30,2024,4,2024,3,Marketable,Notes,912828YB0,2019-08-15,2029-08-15,1.625,92618.67,0,02/15,08/15,null,null,44618.5812,30,09,0,null,325,1.67
2024-09-30,2024-09-30,2024,4,2024,3,Marketable,Notes,912828YB0,2019-09-16,2029-08-15,1.625,null,0,02/15,08/15,null,null,24000.0403,30,09,0,null,326,1.739
2024-09-30,2024-09-30,2024,4,2024,3,Marketable,Notes,912828YB0,2019-10-15,2029-08-15,1.625,null,0,02/15,08/15,null,null,24000.0485,30,09,0,null,327,1.59
2024-09-30,2024-09-30,2024,4,2024,3,Marketable,Notes,91282CFJ5,2022-08-31,2029-08-31,3.125,41778.502,0,02/28,08/31,null,null,41817.502,30,09,-39,null,328,3.13
2024-09-30,2024-09-30,2024,4,2024,3,Marketable,Notes,91282CLK5,2024-09-03,2029-08-31,3.625,75563.7874,0,02/28,08/31,null,null,75563.7874,30,09,0,null,329,3.645
2024-09-30,2024-09-30,2024,4,2024,3,Marketable,Notes,91282CFL0,2022-09-30,2029-09-30,3.875,35884.998,0,03/31,09/30,null,null,36001.998,30,09,-117,null,330,3.898
2024-09-30,2024-09-30,2024,4,2024,3,Marketable,Notes,91282CLN9,2024-09-30,2029-09-30,3.5,71445.2257,0,03/31,09/30,null,null,71445.2257,30,09,0,null,331,3.519
2024-09-30,2024-09-30,2024,4,2024,3,Marketable,Notes,91282CFT3,2022-10-31,2029-10-31,4,35000.0228,0,04/30,10/31,null,null,35000.0228,30,09,0,null,332,4.027
2024-09-30,2024-09-30,2024,4,2024,3,Marketable,Notes,912828YS3,2019-11-15,2029-11-15,1.75,88552.5072,0,05/15,11/15,null,null,39784.5457,30,09,0,null,333,1.809
2024-09-30,2024-09-30,2024,4,2024,3,Marketable,Notes,912828YS3,2019-12-16,2029-11-15,1.75,null,0,05/15,11/15,null,null,24000.0112,30,09,0,null,334,1.842
2024-09-30,2024-09-30,2024,4,2024,3,Marketable,Notes,912828YS3,2020-01-15,2029-11-15,1.75,null,0,05/15,11/15,null,null,24767.9503,30,09,0,null,335,1.869
2024-09-30,2024-09-30,2024,4,2024,3,Marketable,Notes,91282CFY2,2022-11-30,2029-11-30,3.875,38745.4113,0,05/31,11/30,null,null,38805.4113,30,09,-60,null,336,3.89
2024-09-30,2024-09-30,2024,4,2024,3,Marketable,Notes,91282CGB1,2023-01-03,2029-12-31,3.875,34999.9553,0,06/30,12/31,null,null,34999.9553,30,09,0,null,337,3.921
2024-09-30,2024-09-30,2024,4,2024,3,Marketable,Notes,91282CGJ4,2023-01-31,2030-01-31,3.5,34999.566,0,07/31,01/31,null,null,34999.566,30,09,0,null,338,3.517
2024-09-30,2024-09-30,2024,4,2024,3,Marketable,Notes,912828Z94,2020-02-18,2030-02-15,1.5,88005.5957,0,08/15,02/15,null,null,39007.7122,30,09,0,null,339,1.622
2024-09-30,2024-09-30,2024,4,2024,3,Marketable,Notes,912828Z94,2020-03-16,2030-02-15,1.5,null,0,08/15,02/15,null,null,24022.5969,30,09,0,null,340,0.849
2024-09-30,2024-09-30,2024,4,2024,3,Marketable,Notes,912828Z94,2020-04-15,2030-02-15,1.5,null,0,08/15,02/15,null,null,25082.2866,30,09,-107,null,341,0.782
2024-09-30,2024-09-30,2024,4,2024,3,Marketable,Notes,91282CGQ8,2023-02-28,2030-02-28,4,42952.3735,0,08/31,02/29,null,null,42952.3735,30,09,0,null,342,4.062
2024-09-30,2024-09-30,2024,4,2024,3,Marketable,Notes,91282CGS4,2023-03-31,2030-03-31,3.625,34899.9105,0,09/30,03/31,null,null,34999.9105,30,09,-100,null,343,3.626
2024-09-30,2024-09-30,2024,4,2024,3,Marketable,Notes,91282CGZ8,2023-05-01,2030-04-30,3.5,38231.0889,0,10/31,04/30,null,null,38406.0889,30,09,-175,null,344,3.563
2024-09-30,2024-09-30,2024,4,2024,3,Marketable,Notes,912828ZQ6,2020-05-15,2030-05-15,0.625,109879.7215,0,11/15,05/15,null,null,48923.195,30,09,0,null,345,0.7
2024-09-30,2024-09-30,2024,4,2024,3,Marketable,Notes,912828ZQ6,2020-06-15,2030-05-15,0.625,null,0,11/15,05/15,null,null,29412.3192,30,09,0,null,346,0.832
2024-09-30,2024-09-30,2024,4,2024,3,Marketable,Notes,912828ZQ6,2020-07-15,2030-05-15,0.625,null,0,11/15,05/15,null,null,31544.2073,30,09,0,null,347,0.653
2024-09-30,2024-09-30,2024,4,2024,3,Marketable,Notes,91282CHF1,2023-05-31,2030-05-31,3.75,41412.9514,0,11/30,05/31,null,null,41562.9514,30,09,-150,null,348,3.827
2024-09-30,2024-09-30,2024,4,2024,3,Marketable,Bonds,912810QT8,2012-01-17,2041-11-15,3.125,null,0,05/15,11/15,null,null,13922.4003,30,09,0,null,498,2.985
2024-09-30,2024-09-30,2024,4,2024,3,Marketable,Notes,91282CHJ3,2023-06-30,2030-06-30,3.75,34964.1219,0,12/31,06/30,null,null,35000.1219,30,09,-36,null,349,3.839
2024-09-30,2024-09-30,2024,4,2024,3,Marketable,Notes,91282CHR5,2023-07-31,2030-07-31,4,34890.3086,0,01/31,07/31,null,null,34990.3086,30,09,-100,null,350,4.087
2024-09-30,2024-09-30,2024,4,2024,3,Marketable,Notes,91282CAE1,2020-08-17,2030-08-15,0.625,132833.6532,0,02/15,08/15,null,null,60600.628,30,09,0,null,351,0.677
2024-09-30,2024-09-30,2024,4,2024,3,Marketable,Notes,91282CAE1,2020-09-15,2030-08-15,0.625,null,0,02/15,08/15,null,null,36438.9174,30,09,0,null,352,0.704
2024-09-30,2024-09-30,2024,4,2024,3,Marketable,Notes,91282CAE1,2020-10-15,2030-08-15,0.625,null,0,02/15,08/15,null,null,35979.1078,30,09,-185,null,353,0.765
2024-09-30,2024-09-30,2024,4,2024,3,Marketable,Notes,91282CHW4,2023-08-31,2030-08-31,4.125,39737.4345,0,02/29,08/31,null,null,39737.4345,30,09,0,null,354,4.212
2024-09-30,2024-09-30,2024,4,2024,3,Marketable,Notes,91282CHZ7,2023-10-02,2030-09-30,4.625,36999.9038,0,03/31,09/30,null,null,36999.9038,30,09,0,null,355,4.673
2024-09-30,2024-09-30,2024,4,2024,3,Marketable,Notes,91282CJG7,2023-10-31,2030-10-31,4.875,37955.1286,0,04/30,10/31,null,null,38000.1286,30,09,-45,null,356,4.908
2024-09-30,2024-09-30,2024,4,2024,3,Marketable,Notes,91282CAV3,2020-11-16,2030-11-15,0.875,133680.8207,0,05/15,11/15,null,null,52242.272,30,09,0,null,357,0.96
2024-09-30,2024-09-30,2024,4,2024,3,Marketable,Notes,91282CAV3,2020-12-15,2030-11-15,0.875,null,0,05/15,11/15,null,null,39618.5582,30,09,0,null,358,0.951
2024-09-30,2024-09-30,2024,4,2024,3,Marketable,Notes,91282CAV3,2021-01-15,2030-11-15,0.875,null,0,05/15,11/15,null,null,41819.9905,30,09,0,null,359,1.164
2024-09-30,2024-09-30,2024,4,2024,3,Marketable,Notes,91282CJM4,2023-11-30,2030-11-30,4.375,39458.6963,0,05/31,11/30,null,null,39458.6963,30,09,0,null,360,4.399
2024-09-30,2024-09-30,2024,4,2024,3,Marketable,Notes,91282CJQ5,2024-01-02,2030-12-31,3.75,39999.8979,0,06/30,12/31,null,null,39999.8979,30,09,0,null,361,3.859
2024-09-30,2024-09-30,2024,4,2024,3,Marketable,Notes,91282CJX0,2024-01-31,2031-01-31,4,40999.8752,0,07/31,01/31,null,null,40999.8752,30,09,0,null,362,4.109
2024-09-30,2024-09-30,2024,4,2024,3,Marketable,Notes,91282CBL4,2021-02-16,2031-02-15,1.125,140062.6147,0,08/15,02/15,null,null,55873.9708,30,09,0,null,363,1.155
2024-09-30,2024-09-30,2024,4,2024,3,Marketable,Notes,91282CBL4,2021-03-15,2031-02-15,1.125,null,0,08/15,02/15,null,null,40355.0173,30,09,0,null,364,1.523
2024-09-30,2024-09-30,2024,4,2024,3,Marketable,Notes,91282CBL4,2021-04-15,2031-02-15,1.125,null,0,08/15,02/15,null,null,43833.6266,30,09,0,null,365,1.68
2024-09-30,2024-09-30,2024,4,2024,3,Marketable,Notes,91282CKC4,2024-02-29,2031-02-28,4.25,43816.9378,0,08/31,02/28,null,null,43816.9378,30,09,0,null,366,4.327
2024-09-30,2024-09-30,2024,4,2024,3,Marketable,Notes,91282CKF7,2024-04-01,2031-03-31,4.125,42999.9146,0,09/30,03/31,null,null,42999.9146,30,09,0,null,367,4.185
2024-09-30,2024-09-30,2024,4,2024,3,Marketable,Notes,91282CKN0,2024-04-30,2031-04-30,4.625,44209.7454,0,10/31,04/30,null,null,44209.7454,30,09,0,null,368,4.716
2024-09-30,2024-09-30,2024,4,2024,3,Marketable,Notes,91282CCB5,2021-05-17,2031-05-15,1.625,148024.7151,0,11/15,05/15,null,null,62752.7687,30,09,0,null,369,1.684
2024-09-30,2024-09-30,2024,4,2024,3,Marketable,Notes,91282CCB5,2021-06-15,2031-05-15,1.625,null,0,11/15,05/15,null,null,41493.4388,30,09,0,null,370,1.497
2024-09-30,2024-09-30,2024,4,2024,3,Marketable,Notes,91282CCB5,2021-07-15,2031-05-15,1.625,null,0,11/15,05/15,null,null,44254.5076,30,09,-476,null,371,1.371
2024-09-30,2024-09-30,2024,4,2024,3,Marketable,Notes,91282CKU4,2024-05-31,2031-05-31,4.625,46609.8325,0,11/30,05/31,null,null,46609.8325,30,09,0,null,372,4.65
2024-09-30,2024-09-30,2024,4,2024,3,Marketable,Notes,91282CKW0,2024-07-01,2031-06-30,4.25,45531.2964,0,12/31,06/30,null,null,45531.2964,30,09,0,null,373,4.276
2024-09-30,2024-09-30,2024,4,2024,3,Marketable,Notes,91282CLD1,2024-07-31,2031-07-31,4.125,46425.9851,0,01/31,07/31,null,null,46425.9851,30,09,0,null,374,4.162
2024-09-30,2024-09-30,2024,4,2024,3,Marketable,Notes,91282CCS8,2021-08-16,2031-08-15,1.25,142197.4572,0,02/15,08/15,null,null,59291.8637,30,09,0,null,375,1.34
2024-09-30,2024-09-30,2024,4,2024,3,Marketable,Notes,91282CCS8,2021-09-15,2031-08-15,1.25,null,0,02/15,08/15,null,null,42046.3696,30,09,0,null,376,1.338
2024-09-30,2024-09-30,2024,4,2024,3,Marketable,Notes,91282CCS8,2021-10-15,2031-08-15,1.25,null,0,02/15,08/15,null,null,40859.2239,30,09,0,null,377,1.584
2024-09-30,2024-09-30,2024,4,2024,3,Marketable,Notes,91282CLJ8,2024-09-03,2031-08-31,3.75,47498.4839,0,02/28,08/31,null,null,47498.4839,30,09,0,null,378,3.77
2024-09-30,2024-09-30,2024,4,2024,3,Marketable,Notes,91282CLM1,2024-09-30,2031-09-30,3.625,44900.7928,0,03/31,09/30,null,null,44900.7928,30,09,0,null,379,3.668
2024-09-30,2024-09-30,2024,4,2024,3,Marketable,Notes,91282CDJ7,2021-11-15,2031-11-15,1.375,144604.2759,0,05/15,11/15,null,null,61559.6748,30,09,0,null,380,1.444
2024-09-30,2024-09-30,2024,4,2024,3,Marketable,Notes,91282CDJ7,2021-12-15,2031-11-15,1.375,null,0,05/15,11/15,null,null,41308.4412,30,09,0,null,381,1.518
2024-09-30,2024-09-30,2024,4,2024,3,Marketable,Notes,91282CDJ7,2022-01-18,2031-11-15,1.375,null,0,05/15,11/15,null,null,41776.1599,30,09,-40,null,382,1.723
2024-09-30,2024-09-30,2024,4,2024,3,Marketable,Notes,91282CDY4,2022-02-15,2032-02-15,1.875,140916.7051,0,08/15,02/15,null,null,59383.3893,30,09,0,null,383,1.904
2024-09-30,2024-09-30,2024,4,2024,3,Marketable,Notes,91282CDY4,2022-03-15,2032-02-15,1.875,null,0,08/15,02/15,null,null,39712.6376,30,09,0,null,384,1.92
2024-09-30,2024-09-30,2024,4,2024,3,Marketable,Notes,91282CDY4,2022-04-18,2032-02-15,1.875,null,0,08/15,02/15,null,null,42110.6782,30,09,-290,null,385,2.72
2024-09-30,2024-09-30,2024,4,2024,3,Marketable,Notes,91282CEP2,2022-05-16,2032-05-15,2.875,133256.6339,0,11/15,05/15,null,null,61194.0544,30,09,0,null,386,2.943
2024-09-30,2024-09-30,2024,4,2024,3,Marketable,Notes,91282CEP2,2022-06-15,2032-05-15,2.875,null,0,11/15,05/15,null,null,34940.4697,30,09,0,null,387,3.03
2024-09-30,2024-09-30,2024,4,2024,3,Marketable,Notes,91282CEP2,2022-07-15,2032-05-15,2.875,null,0,11/15,05/15,null,null,37206.1098,30,09,-84,null,388,2.96
2024-09-30,2024-09-30,2024,4,2024,3,Marketable,Notes,91282CFF3,2022-08-15,2032-08-15,2.75,121137.2032,0,02/15,08/15,null,null,57136.8754,30,09,0,null,389,2.755
2024-09-30,2024-09-30,2024,4,2024,3,Marketable,Notes,91282CFF3,2022-09-15,2032-08-15,2.75,null,0,02/15,08/15,null,null,32000.0093,30,09,0,null,390,3.33
2024-09-30,2024-09-30,2024,4,2024,3,Marketable,Notes,91282CFF3,2022-10-17,2032-08-15,2.75,null,0,02/15,08/15,null,null,32000.3185,30,09,0,null,391,3.93
2024-09-30,2024-09-30,2024,4,2024,3,Marketable,Notes,91282CFV8,2022-11-15,2032-11-15,4.125,111255.1404,0,05/15,11/15,null,null,47267.1045,30,09,0,null,392,4.14
2024-09-30,2024-09-30,2024,4,2024,3,Marketable,Notes,91282CFV8,2022-12-15,2032-11-15,4.125,null,0,05/15,11/15,null,null,31989.2788,30,09,0,null,393,3.625
2024-09-30,2024-09-30,2024,4,2024,3,Marketable,Notes,91282CFV8,2023-01-17,2032-11-15,4.125,null,0,05/15,11/15,null,null,31998.7571,30,09,0,null,394,3.575
2024-09-30,2024-09-30,2024,4,2024,3,Marketable,Notes,91282CGM7,2023-02-15,2033-02-15,3.5,114700.8474,0,08/15,02/15,null,null,48667.2178,30,09,0,null,395,3.613
2024-09-30,2024-09-30,2024,4,2024,3,Marketable,Notes,91282CGM7,2023-03-15,2033-02-15,3.5,null,0,08/15,02/15,null,null,32000.1761,30,09,0,null,396,3.985
2024-09-30,2024-09-30,2024,4,2024,3,Marketable,Notes,91282CGM7,2023-04-17,2033-02-15,3.5,null,0,08/15,02/15,null,null,34033.4535,30,09,0,null,397,3.455
2024-09-30,2024-09-30,2024,4,2024,3,Marketable,Notes,91282CHC8,2023-05-15,2033-05-15,3.375,108514.7781,0,11/15,05/15,null,null,44525.0633,30,09,0,null,398,3.448
2024-09-30,2024-09-30,2024,4,2024,3,Marketable,Notes,91282CHC8,2023-06-15,2033-05-15,3.375,null,0,11/15,05/15,null,null,31999.4961,30,09,0,null,399,3.791
2024-09-30,2024-09-30,2024,4,2024,3,Marketable,Notes,91282CHC8,2023-07-17,2033-05-15,3.375,null,0,11/15,05/15,null,null,31990.2187,30,09,0,null,400,3.857
2024-09-30,2024-09-30,2024,4,2024,3,Marketable,Notes,91282CHT1,2023-08-15,2033-08-15,3.875,122149.7988,0,02/15,08/15,null,null,52175.9445,30,09,0,null,401,3.999
2024-09-30,2024-09-30,2024,4,2024,3,Marketable,Notes,91282CHT1,2023-09-15,2033-08-15,3.875,null,0,02/15,08/15,null,null,34999.113,30,09,0,null,402,4.289
2024-09-30,2024-09-30,2024,4,2024,3,Marketable,Notes,91282CHT1,2023-10-16,2033-08-15,3.875,null,0,02/15,08/15,null,null,34999.7413,30,09,-25,null,403,4.61
2024-09-30,2024-09-30,2024,4,2024,3,Marketable,Notes,91282CJJ1,2023-11-15,2033-11-15,4.5,114743.2959,0,05/15,11/15,null,null,40758.5387,30,09,0,null,404,4.519
2024-09-30,2024-09-30,2024,4,2024,3,Marketable,Notes,91282CJJ1,2023-12-15,2033-11-15,4.5,null,0,05/15,11/15,null,null,36987.8484,30,09,0,null,405,4.296
2024-09-30,2024-09-30,2024,4,2024,3,Marketable,Notes,91282CJJ1,2024-01-16,2033-11-15,4.5,null,0,05/15,11/15,null,null,36996.9088,30,09,0,null,406,4.024
2024-09-30,2024-09-30,2024,4,2024,3,Marketable,Notes,91282CJZ5,2024-02-15,2034-02-15,4,123736.8823,0,08/15,02/15,null,null,45103.927,30,09,0,null,407,4.093
2024-09-30,2024-09-30,2024,4,2024,3,Marketable,Notes,91282CJZ5,2024-03-15,2034-02-15,4,null,0,08/15,02/15,null,null,38999.8558,30,09,0,null,408,4.166
2024-09-30,2024-09-30,2024,4,2024,3,Marketable,Notes,91282CJZ5,2024-04-15,2034-02-15,4,null,0,08/15,02/15,null,null,39643.0995,30,09,-10,null,409,4.56
2024-09-30,2024-09-30,2024,4,2024,3,Marketable,Notes,91282CKQ3,2024-05-15,2034-05-15,4.375,132877.968,0,11/15,05/15,null,null,47281.2059,30,09,0,null,410,4.483
2024-09-30,2024-09-30,2024,4,2024,3,Marketable,Notes,91282CKQ3,2024-06-17,2034-05-15,4.375,null,0,11/15,05/15,null,null,40260.9085,30,09,0,null,411,4.438
2024-09-30,2024-09-30,2024,4,2024,3,Marketable,Notes,91282CKQ3,2024-07-15,2034-05-15,4.375,null,0,11/15,05/15,null,null,45335.8536,30,09,0,null,412,4.276
2024-09-30,2024-09-30,2024,4,2024,3,Marketable,Notes,91282CLF6,2024-08-15,2034-08-15,3.875,89356.9334,0,02/15,08/15,null,null,49987.0164,30,09,0,null,413,3.96
2024-09-30,2024-09-30,2024,4,2024,3,Marketable,Notes,91282CLF6,2024-09-16,2034-08-15,3.875,null,0,02/15,08/15,null,null,39369.917,30,09,0,null,414,3.648
2024-09-30,2024-09-30,2024,4,2024,3,Marketable,Notes,Total Unmatured Treasury Notes,null,null,null,14343398.8113,0,null,null,null,null,14376348.8113,30,09,-32950,null,415,null
2024-09-30,2024-09-30,2024,4,2024,3,Marketable,Notes,Total Matured Treasury Notes,null,null,null,35.0125,0,null,null,null,null,35.0125,30,09,0,null,416,null
2024-09-30,2024-09-30,2024,4,2024,3,Marketable,Notes,Total Treasury Notes,null,null,null,14343433.8238,0,null,null,null,null,14376383.8238,30,09,-32950,null,417,null
2024-09-30,2024-09-30,2024,4,2024,3,Marketable,Bonds,912810ES3,1994-08-15,2024-11-15,7.5,9604.162,0,11/15,05/15,null,null,11469.662,30,09,-1865.5,null,418,7.5583
2024-09-30,2024-09-30,2024,4,2024,3,Marketable,Bonds,912810ET1,1995-02-15,2025-02-15,7.625,9509.17,0,08/15,02/15,null,null,11725.17,30,09,-2216,null,419,7.6532
2024-09-30,2024-09-30,2024,4,2024,3,Marketable,Bonds,912810EV6,1995-08-15,2025-08-15,6.875,11187.207,0,02/15,08/15,null,null,12602.007,30,09,-1414.8,null,420,6.9062
2024-09-30,2024-09-30,2024,4,2024,3,Marketable,Bonds,912810EW4,1996-02-15,2026-02-15,6,12837.916,0,08/15,02/15,null,null,12904.916,30,09,-67,null,421,6.1187
2024-09-30,2024-09-30,2024,4,2024,3,Marketable,Bonds,912810EX2,1996-08-15,2026-08-15,6.75,8810.418,0,02/15,08/15,null,null,10893.818,30,09,-2083.4,null,422,6.7683
2024-09-30,2024-09-30,2024,4,2024,3,Marketable,Bonds,912810EY0,1996-11-15,2026-11-15,6.5,10860.177,0,05/15,11/15,null,null,11493.177,30,09,-633,null,423,6.6193
2024-09-30,2024-09-30,2024,4,2024,3,Marketable,Bonds,912810EZ7,1997-02-18,2027-02-15,6.625,9521.971,0,08/15,02/15,null,null,10456.071,30,09,-934.1,null,424,6.6397
2024-09-30,2024-09-30,2024,4,2024,3,Marketable,Bonds,912810FA1,1997-08-15,2027-08-15,6.375,9196.756,0,02/15,08/15,null,null,10735.756,30,09,-1539,null,425,6.4452
2024-09-30,2024-09-30,2024,4,2024,3,Marketable,Bonds,912810FB9,1997-11-17,2027-11-15,6.125,22021.339,0,05/15,11/15,null,null,11184.353,30,09,-497.2,null,426,6.2014
2024-09-30,2024-09-30,2024,4,2024,3,Marketable,Bonds,912810FB9,1998-02-17,2027-11-15,6.125,null,0,05/15,11/15,null,null,11334.186,30,09,0,null,427,5.8221
2024-09-30,2024-09-30,2024,4,2024,3,Marketable,Bonds,912810FE3,1998-08-17,2028-08-15,5.5,11776.201,0,02/15,08/15,null,null,11776.201,30,09,0,null,428,5.5904
2024-09-30,2024-09-30,2024,4,2024,3,Marketable,Bonds,912810FF0,1998-11-16,2028-11-15,5.25,10947.052,0,05/15,11/15,null,null,10947.052,30,09,0,null,429,5.3
2024-09-30,2024-09-30,2024,4,2024,3,Marketable,Bonds,912810FG8,1999-02-16,2029-02-15,5.25,11350.341,0,08/15,02/15,null,null,11350.341,30,09,0,null,430,5.298
2024-09-30,2024-09-30,2024,4,2024,3,Marketable,Bonds,912810FJ2,1999-08-16,2029-08-15,6.125,11178.58,0,02/15,08/15,null,null,11178.58,30,09,0,null,431,6.144
2024-09-30,2024-09-30,2024,4,2024,3,Marketable,Bonds,912810FM5,2000-02-15,2030-05-15,6.25,17043.162,0,05/15,11/15,null,null,11269.069,30,09,0,null,432,6.34
2024-09-30,2024-09-30,2024,4,2024,3,Marketable,Bonds,912810FM5,2000-08-15,2030-05-15,6.25,null,0,05/15,11/15,null,null,5774.093,30,09,0,null,433,5.697
2024-09-30,2024-09-30,2024,4,2024,3,Marketable,Bonds,912810FP8,2001-02-15,2031-02-15,5.375,16427.648,0,08/15,02/15,null,null,10886.993,30,09,0,null,434,5.46
2024-09-30,2024-09-30,2024,4,2024,3,Marketable,Bonds,912810FP8,2001-08-15,2031-02-15,5.375,null,0,08/15,02/15,null,null,5540.655,30,09,0,null,435,5.52
2024-09-30,2024-09-30,2024,4,2024,3,Marketable,Bonds,912810FT0,2006-02-15,2036-02-15,4.5,26397.13,0,08/15,02/15,null,null,14841.15,30,09,0,null,436,4.53
2024-09-30,2024-09-30,2024,4,2024,3,Marketable,Bonds,912810FT0,2006-08-15,2036-02-15,4.5,null,0,08/15,02/15,null,null,11555.98,30,09,0,null,437,5.08
2024-09-30,2024-09-30,2024,4,2024,3,Marketable,Bonds,912810PT9,2007-02-15,2037-02-15,4.75,16589.456,0,08/15,02/15,null,null,9825.586,30,09,0,null,438,4.812
2024-09-30,2024-09-30,2024,4,2024,3,Marketable,Bonds,912810PT9,2007-05-15,2037-02-15,4.75,null,0,08/15,02/15,null,null,6763.87,30,09,0,null,439,4.838
2024-09-30,2024-09-30,2024,4,2024,3,Marketable,Bonds,912810PU6,2007-08-15,2037-05-15,5,21413.045,0,11/15,05/15,null,null,13846.152,30,09,0,null,440,5.059
2024-09-30,2024-09-30,2024,4,2024,3,Marketable,Bonds,912810PU6,2007-11-15,2037-05-15,5,null,0,11/15,05/15,null,null,7566.893,30,09,0,null,441,4.666
2024-09-30,2024-09-30,2024,4,2024,3,Marketable,Bonds,912810PW2,2008-02-15,2038-02-15,4.375,22525.1487,0,08/15,02/15,null,null,13294.377,30,09,0,null,442,4.449
2024-09-30,2024-09-30,2024,4,2024,3,Marketable,Bonds,912810PW2,2008-05-15,2038-02-15,4.375,null,0,08/15,02/15,null,null,9230.7717,30,09,0,null,443,4.599
2024-09-30,2024-09-30,2024,4,2024,3,Marketable,Bonds,912810PX0,2008-08-15,2038-05-15,4.5,25500.1228,0,11/15,05/15,null,null,13728.111,30,09,0,null,444,4.609
2024-09-30,2024-09-30,2024,4,2024,3,Marketable,Bonds,912810PX0,2008-11-17,2038-05-15,4.5,null,0,11/15,05/15,null,null,11772.0118,30,09,0,null,445,4.31
2024-09-30,2024-09-30,2024,4,2024,3,Marketable,Bonds,912810QA9,2009-02-17,2039-02-15,3.5,25908.5693,0,08/15,02/15,null,null,14712.903,30,09,0,null,446,3.54
2024-09-30,2024-09-30,2024,4,2024,3,Marketable,Bonds,912810QA9,2009-03-16,2039-02-15,3.5,null,0,08/15,02/15,null,null,11195.6663,30,09,0,null,447,3.64
2024-09-30,2024-09-30,2024,4,2024,3,Marketable,Bonds,912810QB7,2009-05-15,2039-05-15,4.25,38778.773,0,11/15,05/15,null,null,16476.5417,30,09,0,null,448,4.288
2024-09-30,2024-09-30,2024,4,2024,3,Marketable,Bonds,912810QB7,2009-06-15,2039-05-15,4.25,null,0,11/15,05/15,null,null,11116.2765,30,09,0,null,449,4.72
2024-09-30,2024-09-30,2024,4,2024,3,Marketable,Bonds,912810QB7,2009-07-15,2039-05-15,4.25,null,0,11/15,05/15,null,null,11185.9548,30,09,0,null,450,4.303
2024-09-30,2024-09-30,2024,4,2024,3,Marketable,Bonds,912810QC5,2009-08-17,2039-08-15,4.5,41430.5382,0,02/15,08/15,null,null,17317.0373,30,09,0,null,451,4.541
2024-09-30,2024-09-30,2024,4,2024,3,Marketable,Bonds,912810QC5,2009-09-15,2039-08-15,4.5,null,0,02/15,08/15,null,null,12025.4266,30,09,0,null,452,4.238
2024-09-30,2024-09-30,2024,4,2024,3,Marketable,Bonds,912810QC5,2009-10-15,2039-08-15,4.5,null,0,02/15,08/15,null,null,12088.0743,30,09,0,null,453,4.009
2024-09-30,2024-09-30,2024,4,2024,3,Marketable,Bonds,912810QD3,2009-11-16,2039-11-15,4.375,44564.2491,0,05/15,11/15,null,null,17989.3001,30,09,0,null,454,4.469
2024-09-30,2024-09-30,2024,4,2024,3,Marketable,Bonds,912810QD3,2009-12-15,2039-11-15,4.375,null,0,05/15,11/15,null,null,13069.9495,30,09,0,null,455,4.52
2024-09-30,2024-09-30,2024,4,2024,3,Marketable,Bonds,912810QD3,2010-01-15,2039-11-15,4.375,null,0,05/15,11/15,null,null,13504.9995,30,09,0,null,456,4.64
2024-09-30,2024-09-30,2024,4,2024,3,Marketable,Bonds,912810QE1,2010-02-16,2040-02-15,4.625,44902.4903,0,08/15,02/15,null,null,17796.6808,30,09,0,null,457,4.72
2024-09-30,2024-09-30,2024,4,2024,3,Marketable,Bonds,912810QE1,2010-03-15,2040-02-15,4.625,null,0,08/15,02/15,null,null,13154.1481,30,09,0,null,458,4.679
2024-09-30,2024-09-30,2024,4,2024,3,Marketable,Bonds,912810QE1,2010-04-15,2040-02-15,4.625,null,0,08/15,02/15,null,null,13951.6614,30,09,0,null,459,4.77
2024-09-30,2024-09-30,2024,4,2024,3,Marketable,Bonds,912810QH4,2010-05-17,2040-05-15,4.375,43473.0444,0,11/15,05/15,null,null,17394.3627,30,09,0,null,460,4.49
2024-09-30,2024-09-30,2024,4,2024,3,Marketable,Bonds,912810QH4,2010-06-15,2040-05-15,4.375,null,0,11/15,05/15,null,null,13074.9781,30,09,0,null,461,4.182
2024-09-30,2024-09-30,2024,4,2024,3,Marketable,Bonds,912810QH4,2010-07-15,2040-05-15,4.375,null,0,11/15,05/15,null,null,13003.7036,30,09,0,null,462,4.08
2024-09-30,2024-09-30,2024,4,2024,3,Marketable,Bonds,912810SR0,2020-06-01,2040-05-15,1.125,60091.6391,0,11/15,05/15,null,null,22099.6866,30,09,0,null,463,1.22
2024-09-30,2024-09-30,2024,4,2024,3,Marketable,Bonds,912810SR0,2020-06-30,2040-05-15,1.125,null,0,11/15,05/15,null,null,19325.0903,30,09,0,null,464,1.314
2024-09-30,2024-09-30,2024,4,2024,3,Marketable,Bonds,912810SR0,2020-07-31,2040-05-15,1.125,null,0,11/15,05/15,null,null,18931.8622,30,09,-265,null,465,1.059
2024-09-30,2024-09-30,2024,4,2024,3,Marketable,Bonds,912810QK7,2010-08-16,2040-08-15,3.875,43213.3168,0,02/15,08/15,null,null,16958.1849,30,09,0,null,466,3.954
2024-09-30,2024-09-30,2024,4,2024,3,Marketable,Bonds,912810QK7,2010-09-15,2040-08-15,3.875,null,0,02/15,08/15,null,null,13140.6836,30,09,0,null,467,3.82
2024-09-30,2024-09-30,2024,4,2024,3,Marketable,Bonds,912810QK7,2010-10-15,2040-08-15,3.875,null,0,02/15,08/15,null,null,13114.4483,30,09,0,null,468,3.852
2024-09-30,2024-09-30,2024,4,2024,3,Marketable,Bonds,912810SQ2,2020-08-31,2040-08-15,1.125,76183.7494,0,02/15,08/15,null,null,27171.8514,30,09,0,null,469,1.185
2024-09-30,2024-09-30,2024,4,2024,3,Marketable,Bonds,912810SQ2,2020-09-30,2040-08-15,1.125,null,0,02/15,08/15,null,null,25011.8285,30,09,0,null,470,1.213
2024-09-30,2024-09-30,2024,4,2024,3,Marketable,Bonds,912810SQ2,2020-11-02,2040-08-15,1.125,null,0,02/15,08/15,null,null,24334.0695,30,09,-334,null,471,1.37
2024-09-30,2024-09-30,2024,4,2024,3,Marketable,Bonds,912810QL5,2010-11-15,2040-11-15,4.25,42903.1887,0,05/15,11/15,null,null,16429.1341,30,09,0,null,472,4.32
2024-09-30,2024-09-30,2024,4,2024,3,Marketable,Bonds,912810QL5,2010-12-15,2040-11-15,4.25,null,0,05/15,11/15,null,null,13189.1358,30,09,0,null,473,4.41
2024-09-30,2024-09-30,2024,4,2024,3,Marketable,Bonds,912810QL5,2011-01-18,2040-11-15,4.25,null,0,05/15,11/15,null,null,13284.9188,30,09,0,null,474,4.515
2024-09-30,2024-09-30,2024,4,2024,3,Marketable,Bonds,912810ST6,2020-11-30,2040-11-15,1.375,85507.9695,0,05/15,11/15,null,null,30745.6257,30,09,0,null,475,1.422
2024-09-30,2024-09-30,2024,4,2024,3,Marketable,Bonds,912810ST6,2020-12-31,2040-11-15,1.375,null,0,05/15,11/15,null,null,27651.533,30,09,0,null,476,1.47
2024-09-30,2024-09-30,2024,4,2024,3,Marketable,Bonds,912810ST6,2021-02-01,2040-11-15,1.375,null,0,05/15,11/15,null,null,27243.8108,30,09,-133,null,477,1.657
2024-09-30,2024-09-30,2024,4,2024,3,Marketable,Bonds,912810QN1,2011-02-15,2041-02-15,4.75,43004.9451,0,08/15,02/15,null,null,16366.1608,30,09,0,null,478,4.75
2024-09-30,2024-09-30,2024,4,2024,3,Marketable,Bonds,912810QN1,2011-03-15,2041-02-15,4.75,null,0,08/15,02/15,null,null,12998.8176,30,09,0,null,479,4.569
2024-09-30,2024-09-30,2024,4,2024,3,Marketable,Bonds,912810QN1,2011-04-15,2041-02-15,4.75,null,0,08/15,02/15,null,null,13639.9667,30,09,0,null,480,4.531
2024-09-30,2024-09-30,2024,4,2024,3,Marketable,Bonds,912810SW9,2021-03-01,2041-02-15,1.875,89602.0878,0,08/15,02/15,null,null,32849.0387,30,09,0,null,481,1.92
2024-09-30,2024-09-30,2024,4,2024,3,Marketable,Bonds,912810SW9,2021-03-31,2041-02-15,1.875,null,0,08/15,02/15,null,null,28309.705,30,09,0,null,482,2.29
2024-09-30,2024-09-30,2024,4,2024,3,Marketable,Bonds,912810SW9,2021-04-30,2041-02-15,1.875,null,0,08/15,02/15,null,null,28583.3441,30,09,-140,null,483,2.144
2024-09-30,2024-09-30,2024,4,2024,3,Marketable,Bonds,912810QQ4,2011-05-16,2041-05-15,4.375,41995.5073,0,11/15,05/15,null,null,16000.0039,30,09,0,null,484,4.38
2024-09-30,2024-09-30,2024,4,2024,3,Marketable,Bonds,912810QQ4,2011-06-15,2041-05-15,4.375,null,0,11/15,05/15,null,null,12995.5056,30,09,0,null,485,4.238
2024-09-30,2024-09-30,2024,4,2024,3,Marketable,Bonds,912810QQ4,2011-07-15,2041-05-15,4.375,null,0,11/15,05/15,null,null,12999.9978,30,09,0,null,486,4.198
2024-09-30,2024-09-30,2024,4,2024,3,Marketable,Bonds,912810SY5,2021-06-01,2041-05-15,2.25,85051.8406,0,11/15,05/15,null,null,32240.4836,30,09,0,null,487,2.286
2024-09-30,2024-09-30,2024,4,2024,3,Marketable,Bonds,912810SY5,2021-06-30,2041-05-15,2.25,null,0,11/15,05/15,null,null,27643.0298,30,09,0,null,488,2.12
2024-09-30,2024-09-30,2024,4,2024,3,Marketable,Bonds,912810SY5,2021-08-02,2041-05-15,2.25,null,0,11/15,05/15,null,null,26298.3272,30,09,-1130,null,489,1.89
2024-09-30,2024-09-30,2024,4,2024,3,Marketable,Bonds,912810QS0,2011-08-15,2041-08-15,3.75,42488.8374,0,02/15,08/15,null,null,16489.8004,30,09,0,null,490,3.75
2024-09-30,2024-09-30,2024,4,2024,3,Marketable,Bonds,912810QS0,2011-09-15,2041-08-15,3.75,null,0,02/15,08/15,null,null,12999.1178,30,09,0,null,491,3.31
2024-09-30,2024-09-30,2024,4,2024,3,Marketable,Bonds,912810QS0,2011-10-17,2041-08-15,3.75,null,0,02/15,08/15,null,null,12999.9192,30,09,0,null,492,3.12
2024-09-30,2024-09-30,2024,4,2024,3,Marketable,Bonds,912810TA6,2021-08-31,2041-08-15,1.75,83428.7416,0,02/15,08/15,null,null,30392.3486,30,09,0,null,493,1.85
2024-09-30,2024-09-30,2024,4,2024,3,Marketable,Bonds,912810TA6,2021-09-30,2041-08-15,1.75,null,0,02/15,08/15,null,null,26889.9079,30,09,0,null,494,1.795
2024-09-30,2024-09-30,2024,4,2024,3,Marketable,Bonds,912810TA6,2021-11-01,2041-08-15,1.75,null,0,02/15,08/15,null,null,26440.4851,30,09,-294,null,495,2.1
2024-09-30,2024-09-30,2024,4,2024,3,Marketable,Bonds,912810QT8,2011-11-15,2041-11-15,3.125,44622.4439,0,05/15,11/15,null,null,17224.2705,30,09,0,null,496,3.199
2024-09-30,2024-09-30,2024,4,2024,3,Marketable,Bonds,912810QT8,2011-12-15,2041-11-15,3.125,null,0,05/15,11/15,null,null,13475.7731,30,09,0,null,497,2.925
2024-09-30,2024-09-30,2024,4,2024,3,Marketable,Bonds,912810TC2,2021-11-30,2041-11-15,2,70329.6658,0,05/15,11/15,null,null,24895.2035,30,09,0,null,499,2.065
2024-09-30,2024-09-30,2024,4,2024,3,Marketable,Bonds,912810TC2,2021-12-06,2041-11-15,2,null,0,05/15,11/15,null,null,25.0001,30,09,0,null,500,1.872
2024-09-30,2024-09-30,2024,4,2024,3,Marketable,Bonds,912810TC2,2021-12-31,2041-11-15,2,null,0,05/15,11/15,null,null,22717.2465,30,09,0,null,501,1.942
2024-09-30,2024-09-30,2024,4,2024,3,Marketable,Bonds,912810TC2,2022-01-31,2041-11-15,2,null,0,05/15,11/15,null,null,22988.2157,30,09,-296,null,502,2.21
2024-09-30,2024-09-30,2024,4,2024,3,Marketable,Bonds,912810QU5,2012-02-15,2042-02-15,3.125,47219.0442,0,08/15,02/15,null,null,17950.9148,30,09,0,null,503,3.24
2024-09-30,2024-09-30,2024,4,2024,3,Marketable,Bonds,912810QU5,2012-03-15,2042-02-15,3.125,null,0,08/15,02/15,null,null,13902.6631,30,09,0,null,504,3.383
2024-09-30,2024-09-30,2024,4,2024,3,Marketable,Bonds,912810QU5,2012-04-16,2042-02-15,3.125,null,0,08/15,02/15,null,null,15365.4663,30,09,0,null,505,3.23
2024-09-30,2024-09-30,2024,4,2024,3,Marketable,Bonds,912810TF5,2022-02-28,2042-02-15,2.375,58795.3664,0,08/15,02/15,null,null,22252.0759,30,09,0,null,506,2.396
2024-09-30,2024-09-30,2024,4,2024,3,Marketable,Bonds,912810TF5,2022-03-31,2042-02-15,2.375,null,0,08/15,02/15,null,null,18975.4948,30,09,0,null,507,2.651
2024-09-30,2024-09-30,2024,4,2024,3,Marketable,Bonds,912810TF5,2022-05-02,2042-02-15,2.375,null,0,08/15,02/15,null,null,18212.7957,30,09,-645,null,508,3.095
2024-09-30,2024-09-30,2024,4,2024,3,Marketable,Bonds,912810QW1,2012-05-15,2042-05-15,3,43918.6856,0,11/15,05/15,null,null,17001.0186,30,09,0,null,509,3.09
2024-09-30,2024-09-30,2024,4,2024,3,Marketable,Bonds,912810QW1,2012-06-15,2042-05-15,3,null,0,11/15,05/15,null,null,13917.7567,30,09,0,null,510,2.72
2024-09-30,2024-09-30,2024,4,2024,3,Marketable,Bonds,912810QW1,2012-07-16,2042-05-15,3,null,0,11/15,05/15,null,null,12999.9103,30,09,0,null,511,2.58
2024-09-30,2024-09-30,2024,4,2024,3,Marketable,Bonds,912810TH1,2022-05-31,2042-05-15,3.25,49324.8382,0,11/15,05/15,null,null,19555.7451,30,09,0,null,512,3.29
2024-09-30,2024-09-30,2024,4,2024,3,Marketable,Bonds,912810TH1,2022-06-30,2042-05-15,3.25,null,0,11/15,05/15,null,null,15070.4468,30,09,0,null,513,3.488
2024-09-30,2024-09-30,2024,4,2024,3,Marketable,Bonds,912810TH1,2022-08-01,2042-05-15,3.25,null,0,11/15,05/15,null,null,15209.6463,30,09,-511,null,514,3.42
2024-09-30,2024-09-30,2024,4,2024,3,Marketable,Bonds,912810QX9,2012-08-15,2042-08-15,2.75,41995.4323,0,02/15,08/15,null,null,16000.2196,30,09,0,null,515,2.825
2024-09-30,2024-09-30,2024,4,2024,3,Marketable,Bonds,912810QX9,2012-09-17,2042-08-15,2.75,null,0,02/15,08/15,null,null,12995.1937,30,09,0,null,516,2.896
2024-09-30,2024-09-30,2024,4,2024,3,Marketable,Bonds,912810QX9,2012-10-15,2042-08-15,2.75,null,0,02/15,08/15,null,null,13000.019,30,09,0,null,517,2.904
2024-09-30,2024-09-30,2024,4,2024,3,Marketable,Bonds,912810TK4,2022-08-31,2042-08-15,3.375,40693.8734,0,02/15,08/15,null,null,16951.7991,30,09,0,null,518,3.38
2024-09-30,2024-09-30,2024,4,2024,3,Marketable,Bonds,912810TK4,2022-09-30,2042-08-15,3.375,null,0,02/15,08/15,null,null,11999.5947,30,09,0,null,519,3.82
2024-09-30,2024-09-30,2024,4,2024,3,Marketable,Bonds,912810TK4,2022-10-31,2042-08-15,3.375,null,0,02/15,08/15,null,null,11988.4796,30,09,-246,null,520,4.395
2024-09-30,2024-09-30,2024,4,2024,3,Marketable,Bonds,912810QY7,2012-11-15,2042-11-15,2.75,41994.0093,0,05/15,11/15,null,null,15995.0058,30,09,0,null,521,2.82
2024-09-30,2024-09-30,2024,4,2024,3,Marketable,Bonds,912810QY7,2012-12-17,2042-11-15,2.75,null,0,05/15,11/15,null,null,12999.0028,30,09,0,null,522,2.917
2024-09-30,2024-09-30,2024,4,2024,3,Marketable,Bonds,912810QY7,2013-01-15,2042-11-15,2.75,null,0,05/15,11/15,null,null,13000.0007,30,09,0,null,523,3.07
2024-09-30,2024-09-30,2024,4,2024,3,Marketable,Bonds,912810TM0,2022-11-30,2042-11-15,4,40605.2837,0,05/15,11/15,null,null,16617.352,30,09,0,null,524,4.072
2024-09-30,2024-09-30,2024,4,2024,3,Marketable,Bonds,912810TM0,2023-01-03,2042-11-15,4,null,0,05/15,11/15,null,null,11988.0811,30,09,0,null,525,3.935
2024-09-30,2024-09-30,2024,4,2024,3,Marketable,Bonds,912810TM0,2023-01-31,2042-11-15,4,null,0,05/15,11/15,null,null,11999.8506,30,09,0,null,526,3.678
2024-09-30,2024-09-30,2024,4,2024,3,Marketable,Bonds,912810QZ4,2013-02-15,2043-02-15,3.125,41999.7585,0,08/15,02/15,null,null,15999.8365,30,09,0,null,527,3.18
2024-09-30,2024-09-30,2024,4,2024,3,Marketable,Bonds,912810QZ4,2013-03-15,2043-02-15,3.125,null,0,08/15,02/15,null,null,13000.0354,30,09,0,null,528,3.248
2024-09-30,2024-09-30,2024,4,2024,3,Marketable,Bonds,912810QZ4,2013-04-15,2043-02-15,3.125,null,0,08/15,02/15,null,null,12999.8866,30,09,0,null,529,2.998
2024-09-30,2024-09-30,2024,4,2024,3,Marketable,Bonds,912810TQ1,2023-02-28,2043-02-15,3.875,43560.0195,0,08/15,02/15,null,null,18408.0483,30,09,0,null,530,3.977
2024-09-30,2024-09-30,2024,4,2024,3,Marketable,Bonds,912810TQ1,2023-03-31,2043-02-15,3.875,null,0,08/15,02/15,null,null,11990.6048,30,09,0,null,531,3.909
2024-09-30,2024-09-30,2024,4,2024,3,Marketable,Bonds,912810TQ1,2023-05-01,2043-02-15,3.875,null,0,08/15,02/15,null,null,13161.3664,30,09,0,null,532,3.92
2024-09-30,2024-09-30,2024,4,2024,3,Marketable,Bonds,912810RB6,2013-05-15,2043-05-15,2.875,41999.3186,0,11/15,05/15,null,null,16000.0296,30,09,0,null,533,2.98
2024-09-30,2024-09-30,2024,4,2024,3,Marketable,Bonds,912810RB6,2013-06-17,2043-05-15,2.875,null,0,11/15,05/15,null,null,13000.0033,30,09,0,null,534,3.355
2024-09-30,2024-09-30,2024,4,2024,3,Marketable,Bonds,912810RB6,2013-07-15,2043-05-15,2.875,null,0,11/15,05/15,null,null,12999.2857,30,09,0,null,535,3.66
2024-09-30,2024-09-30,2024,4,2024,3,Marketable,Bonds,912810TS7,2023-05-31,2043-05-15,3.875,41653.4109,0,11/15,05/15,null,null,17805.7796,30,09,0,null,536,3.954
2024-09-30,2024-09-30,2024,4,2024,3,Marketable,Bonds,912810TS7,2023-06-30,2043-05-15,3.875,null,0,11/15,05/15,null,null,11998.6551,30,09,0,null,537,4.01
2024-09-30,2024-09-30,2024,4,2024,3,Marketable,Bonds,912810TS7,2023-07-31,2043-05-15,3.875,null,0,11/15,05/15,null,null,11848.9762,30,09,0,null,538,4.036
2024-09-30,2024-09-30,2024,4,2024,3,Marketable,Bonds,912810RC4,2013-08-15,2043-08-15,3.625,41998.9684,0,02/15,08/15,null,null,15998.8569,30,09,0,null,539,3.652
2024-09-30,2024-09-30,2024,4,2024,3,Marketable,Bonds,912810RC4,2013-09-16,2043-08-15,3.625,null,0,02/15,08/15,null,null,13000.0197,30,09,0,null,540,3.82
2024-09-30,2024-09-30,2024,4,2024,3,Marketable,Bonds,912810RC4,2013-10-15,2043-08-15,3.625,null,0,02/15,08/15,null,null,13000.0918,30,09,0,null,541,3.758
2024-09-30,2024-09-30,2024,4,2024,3,Marketable,Bonds,912810TU2,2023-08-31,2043-08-15,4.375,43651.3725,0,02/15,08/15,null,null,17652.3538,30,09,0,null,542,4.499
2024-09-30,2024-09-30,2024,4,2024,3,Marketable,Bonds,912810TU2,2023-10-02,2043-08-15,4.375,null,0,02/15,08/15,null,null,12999.3369,30,09,0,null,543,4.592
2024-09-30,2024-09-30,2024,4,2024,3,Marketable,Bonds,912810TU2,2023-10-31,2043-08-15,4.375,null,0,02/15,08/15,null,null,12999.6818,30,09,0,null,544,5.245
2024-09-30,2024-09-30,2024,4,2024,3,Marketable,Bonds,912810RD2,2013-11-15,2043-11-15,3.75,41994.7869,0,05/15,11/15,null,null,15995.0431,30,09,0,null,545,3.81
2024-09-30,2024-09-30,2024,4,2024,3,Marketable,Bonds,912810RD2,2013-12-16,2043-11-15,3.75,null,0,05/15,11/15,null,null,12999.7067,30,09,0,null,546,3.9
2024-09-30,2024-09-30,2024,4,2024,3,Marketable,Bonds,912810RD2,2014-01-15,2043-11-15,3.75,null,0,05/15,11/15,null,null,13000.0371,30,09,0,null,547,3.899
2024-09-30,2024-09-30,2024,4,2024,3,Marketable,Bonds,912810TW8,2023-11-30,2043-11-15,4.75,42177.9157,0,05/15,11/15,null,null,16182.2245,30,09,0,null,548,4.78
2024-09-30,2024-09-30,2024,4,2024,3,Marketable,Bonds,912810TW8,2024-01-02,2043-11-15,4.75,null,0,05/15,11/15,null,null,12997.1983,30,09,0,null,549,4.213
2024-09-30,2024-09-30,2024,4,2024,3,Marketable,Bonds,912810TW8,2024-01-31,2043-11-15,4.75,null,0,05/15,11/15,null,null,12998.4929,30,09,0,null,550,4.423
2024-09-30,2024-09-30,2024,4,2024,3,Marketable,Bonds,912810RE0,2014-02-18,2044-02-15,3.625,41994.8793,0,08/15,02/15,null,null,15999.7548,30,09,0,null,551,3.69
2024-09-30,2024-09-30,2024,4,2024,3,Marketable,Bonds,912810RE0,2014-03-17,2044-02-15,3.625,null,0,08/15,02/15,null,null,13000.1118,30,09,0,null,552,3.63
2024-09-30,2024-09-30,2024,4,2024,3,Marketable,Bonds,912810RE0,2014-04-15,2044-02-15,3.625,null,0,08/15,02/15,null,null,13000.0127,30,09,-5,null,553,3.525
2024-09-30,2024-09-30,2024,4,2024,3,Marketable,Bonds,912810TZ1,2024-02-29,2044-02-15,4.5,42722.0479,0,08/15,02/15,null,null,16673.428,30,09,0,null,554,4.595
2024-09-30,2024-09-30,2024,4,2024,3,Marketable,Bonds,912810TZ1,2024-04-01,2044-02-15,4.5,null,0,08/15,02/15,null,null,12987.5261,30,09,0,null,555,4.542
2024-09-30,2024-09-30,2024,4,2024,3,Marketable,Bonds,912810TZ1,2024-04-30,2044-02-15,4.5,null,0,08/15,02/15,null,null,13061.0938,30,09,0,null,556,4.818
2024-09-30,2024-09-30,2024,4,2024,3,Marketable,Bonds,912810RG5,2014-05-15,2044-05-15,3.375,41988.1145,0,11/15,05/15,null,null,15995.1467,30,09,0,null,557,3.44
2024-09-30,2024-09-30,2024,4,2024,3,Marketable,Bonds,912810RG5,2014-06-16,2044-05-15,3.375,null,0,11/15,05/15,null,null,12999.9971,30,09,0,null,558,3.444
2024-09-30,2024-09-30,2024,4,2024,3,Marketable,Bonds,912810RG5,2014-07-15,2044-05-15,3.375,null,0,11/15,05/15,null,null,12996.9707,30,09,-4,null,559,3.369
2024-09-30,2024-09-30,2024,4,2024,3,Marketable,Bonds,912810UB2,2024-05-31,2044-05-15,4.625,44114.703,0,11/15,05/15,null,null,16947.1942,30,09,0,null,560,4.635
2024-09-30,2024-09-30,2024,4,2024,3,Marketable,Bonds,912810UB2,2024-07-01,2044-05-15,4.625,null,0,11/15,05/15,null,null,13451.7413,30,09,0,null,561,4.452
2024-09-30,2024-09-30,2024,4,2024,3,Marketable,Bonds,912810UB2,2024-07-31,2044-05-15,4.625,null,0,11/15,05/15,null,null,13715.7675,30,09,0,null,562,4.466
2024-09-30,2024-09-30,2024,4,2024,3,Marketable,Bonds,912810RH3,2014-08-15,2044-08-15,3.125,42000.0298,0,02/15,08/15,null,null,15999.9999,30,09,0,null,563,3.224
2024-09-30,2024-09-30,2024,4,2024,3,Marketable,Bonds,912810RH3,2014-09-15,2044-08-15,3.125,null,0,02/15,08/15,null,null,13000.0509,30,09,0,null,564,3.24
2024-09-30,2024-09-30,2024,4,2024,3,Marketable,Bonds,912810RH3,2014-10-15,2044-08-15,3.125,null,0,02/15,08/15,null,null,12999.979,30,09,0,null,565,3.074
2024-09-30,2024-09-30,2024,4,2024,3,Marketable,Bonds,912810UD8,2024-09-03,2044-08-15,4.125,30539.8001,0,02/15,08/15,null,null,17272.689,30,09,0,null,566,4.16
2024-09-30,2024-09-30,2024,4,2024,3,Marketable,Bonds,912810UD8,2024-09-30,2044-08-15,4.125,null,0,02/15,08/15,null,null,13267.1111,30,09,0,null,567,4.039
2024-09-30,2024-09-30,2024,4,2024,3,Marketable,Bonds,912810RJ9,2014-11-17,2044-11-15,3,41474.8915,0,05/15,11/15,null,null,16021.3911,30,09,0,null,568,3.092
2024-09-30,2024-09-30,2024,4,2024,3,Marketable,Bonds,912810RJ9,2014-12-15,2044-11-15,3,null,0,05/15,11/15,null,null,13000.0093,30,09,0,null,569,2.848
2024-09-30,2024-09-30,2024,4,2024,3,Marketable,Bonds,912810RJ9,2015-01-15,2044-11-15,3,null,0,05/15,11/15,null,null,12999.4911,30,09,-546,null,570,2.43
2024-09-30,2024-09-30,2024,4,2024,3,Marketable,Bonds,912810RK6,2015-02-17,2045-02-15,2.5,42000.609,0,08/15,02/15,null,null,16000.5989,30,09,0,null,571,2.56
2024-09-30,2024-09-30,2024,4,2024,3,Marketable,Bonds,912810RK6,2015-03-16,2045-02-15,2.5,null,0,08/15,02/15,null,null,13000.0013,30,09,0,null,572,2.681
2024-09-30,2024-09-30,2024,4,2024,3,Marketable,Bonds,912810RK6,2015-04-15,2045-02-15,2.5,null,0,08/15,02/15,null,null,13000.0088,30,09,0,null,573,2.597
2024-09-30,2024-09-30,2024,4,2024,3,Marketable,Bonds,912810RM2,2015-05-15,2045-05-15,3,41811.7146,0,11/15,05/15,null,null,16361.9009,30,09,0,null,574,3.044
2024-09-30,2024-09-30,2024,4,2024,3,Marketable,Bonds,912810RM2,2015-06-15,2045-05-15,3,null,0,11/15,05/15,null,null,12999.8126,30,09,0,null,575,3.138
2024-09-30,2024-09-30,2024,4,2024,3,Marketable,Bonds,912810RM2,2015-07-15,2045-05-15,3,null,0,11/15,05/15,null,null,13000.0011,30,09,-550,null,576,3.084
2024-09-30,2024-09-30,2024,4,2024,3,Marketable,Bonds,912810RN0,2015-08-17,2045-08-15,2.875,41722.9862,0,02/15,08/15,null,null,16321.6472,30,09,0,null,577,2.88
2024-09-30,2024-09-30,2024,4,2024,3,Marketable,Bonds,912810RN0,2015-09-15,2045-08-15,2.875,null,0,02/15,08/15,null,null,12999.3338,30,09,0,null,578,2.98
2024-09-30,2024-09-30,2024,4,2024,3,Marketable,Bonds,912810RN0,2015-10-15,2045-08-15,2.875,null,0,02/15,08/15,null,null,13000.0052,30,09,-598,null,579,2.914
2024-09-30,2024-09-30,2024,4,2024,3,Marketable,Bonds,912810RP5,2015-11-16,2045-11-15,3,42076.6697,0,05/15,11/15,null,null,16081.6808,30,09,0,null,580,3.07
2024-09-30,2024-09-30,2024,4,2024,3,Marketable,Bonds,912810RP5,2015-12-15,2045-11-15,3,null,0,05/15,11/15,null,null,13000.0033,30,09,0,null,581,2.978
2024-09-30,2024-09-30,2024,4,2024,3,Marketable,Bonds,912810RP5,2016-01-15,2045-11-15,3,null,0,05/15,11/15,null,null,12994.9856,30,09,0,null,582,2.905
2024-09-30,2024-09-30,2024,4,2024,3,Marketable,Bonds,912810RQ3,2016-02-16,2046-02-15,2.5,40191.1694,0,08/15,02/15,null,null,16172.8217,30,09,0,null,583,2.5
2024-09-30,2024-09-30,2024,4,2024,3,Marketable,Bonds,912810RQ3,2016-03-15,2046-02-15,2.5,null,0,08/15,02/15,null,null,11999.9,30,09,0,null,584,2.72
2024-09-30,2024-09-30,2024,4,2024,3,Marketable,Bonds,912810RQ3,2016-04-15,2046-02-15,2.5,null,0,08/15,02/15,null,null,12079.4477,30,09,-61,null,585,2.596
2024-09-30,2024-09-30,2024,4,2024,3,Marketable,Bonds,912810RS9,2016-05-16,2046-05-15,2.5,42832.5347,0,11/15,05/15,null,null,18392.2459,30,09,0,null,586,2.615
2024-09-30,2024-09-30,2024,4,2024,3,Marketable,Bonds,912810RS9,2016-06-15,2046-05-15,2.5,null,0,11/15,05/15,null,null,11999.9822,30,09,0,null,587,2.475
2024-09-30,2024-09-30,2024,4,2024,3,Marketable,Bonds,912810RS9,2016-07-15,2046-05-15,2.5,null,0,11/15,05/15,null,null,12781.3066,30,09,-341,null,588,2.172
2024-09-30,2024-09-30,2024,4,2024,3,Marketable,Bonds,912810RT7,2016-08-15,2046-08-15,2.25,40536.4068,0,02/15,08/15,null,null,16536.3595,30,09,0,null,589,2.274
2024-09-30,2024-09-30,2024,4,2024,3,Marketable,Bonds,912810RT7,2016-09-15,2046-08-15,2.25,null,0,02/15,08/15,null,null,12000.0163,30,09,0,null,590,2.475
2024-09-30,2024-09-30,2024,4,2024,3,Marketable,Bonds,912810RT7,2016-10-17,2046-08-15,2.25,null,0,02/15,08/15,null,null,12000.031,30,09,0,null,591,2.47
2024-09-30,2024-09-30,2024,4,2024,3,Marketable,Bonds,912810RU4,2016-11-15,2046-11-15,2.875,42941.7745,0,05/15,11/15,null,null,18283.8168,30,09,0,null,592,2.902
2024-09-30,2024-09-30,2024,4,2024,3,Marketable,Bonds,912810RU4,2016-12-15,2046-11-15,2.875,null,0,05/15,11/15,null,null,12000.0298,30,09,0,null,593,3.152
2024-09-30,2024-09-30,2024,4,2024,3,Marketable,Bonds,912810RU4,2017-01-17,2046-11-15,2.875,null,0,05/15,11/15,null,null,12664.9279,30,09,-7,null,594,2.914
2024-09-30,2024-09-30,2024,4,2024,3,Marketable,Bonds,912810RV2,2017-02-15,2047-02-15,3,40640.504,0,08/15,02/15,null,null,16731.8897,30,09,0,null,595,3.005
2024-09-30,2024-09-30,2024,4,2024,3,Marketable,Bonds,912810RV2,2017-03-15,2047-02-15,3,null,0,08/15,02/15,null,null,11999.9942,30,09,0,null,596,3.17
2024-09-30,2024-09-30,2024,4,2024,3,Marketable,Bonds,912810RV2,2017-04-17,2047-02-15,3,null,0,08/15,02/15,null,null,12098.6201,30,09,-190,null,597,2.938
2024-09-30,2024-09-30,2024,4,2024,3,Marketable,Bonds,912810RX8,2017-05-15,2047-05-15,3,43985.115,0,11/15,05/15,null,null,19950.6049,30,09,0,null,598,3.05
2024-09-30,2024-09-30,2024,4,2024,3,Marketable,Bonds,912810RX8,2017-06-15,2047-05-15,3,null,0,11/15,05/15,null,null,11999.5917,30,09,0,null,599,2.87
2024-09-30,2024-09-30,2024,4,2024,3,Marketable,Bonds,912810RX8,2017-07-17,2047-05-15,3,null,0,11/15,05/15,null,null,12273.9184,30,09,-239,null,600,2.936
2024-09-30,2024-09-30,2024,4,2024,3,Marketable,Bonds,912810RY6,2017-08-15,2047-08-15,2.75,43512.3307,0,02/15,08/15,null,null,19513.2736,30,09,0,null,601,2.818
2024-09-30,2024-09-30,2024,4,2024,3,Marketable,Bonds,912810RY6,2017-09-15,2047-08-15,2.75,null,0,02/15,08/15,null,null,11999.8802,30,09,0,null,602,2.79
2024-09-30,2024-09-30,2024,4,2024,3,Marketable,Bonds,912810RY6,2017-10-16,2047-08-15,2.75,null,0,02/15,08/15,null,null,11999.1769,30,09,0,null,603,2.87
2024-09-30,2024-09-30,2024,4,2024,3,Marketable,Bonds,912810RZ3,2017-11-15,2047-11-15,2.75,41228.7507,0,05/15,11/15,null,null,16823.7432,30,09,0,null,604,2.801
2024-09-30,2024-09-30,2024,4,2024,3,Marketable,Bonds,912810RZ3,2017-12-15,2047-11-15,2.75,null,0,05/15,11/15,null,null,11999.0648,30,09,0,null,605,2.804
2024-09-30,2024-09-30,2024,4,2024,3,Marketable,Bonds,912810RZ3,2018-01-16,2047-11-15,2.75,null,0,05/15,11/15,null,null,12405.9427,30,09,0,null,606,2.867
2024-09-30,2024-09-30,2024,4,2024,3,Marketable,Bonds,912810SA7,2018-02-15,2048-02-15,3,44952.5056,0,08/15,02/15,null,null,19022.2402,30,09,0,null,607,3.121
2024-09-30,2024-09-30,2024,4,2024,3,Marketable,Bonds,912810SA7,2018-03-15,2048-02-15,3,null,0,08/15,02/15,null,null,12999.9921,30,09,0,null,608,3.109
2024-09-30,2024-09-30,2024,4,2024,3,Marketable,Bonds,912810SA7,2018-04-16,2048-02-15,3,null,0,08/15,02/15,null,null,13022.2733,30,09,-92,null,609,3.044
2024-09-30,2024-09-30,2024,4,2024,3,Marketable,Bonds,912810SC3,2018-05-15,2048-05-15,3.125,48667.624,0,11/15,05/15,null,null,21098.1838,30,09,0,null,610,3.13
2024-09-30,2024-09-30,2024,4,2024,3,Marketable,Bonds,912810SC3,2018-06-15,2048-05-15,3.125,null,0,11/15,05/15,null,null,14000.0293,30,09,0,null,611,3.1
2024-09-30,2024-09-30,2024,4,2024,3,Marketable,Bonds,912810SC3,2018-07-16,2048-05-15,3.125,null,0,11/15,05/15,null,null,14053.4109,30,09,-484,null,612,2.958
2024-09-30,2024-09-30,2024,4,2024,3,Marketable,Bonds,912810SD1,2018-08-15,2048-08-15,3,50339.7811,0,02/15,08/15,null,null,20414.8055,30,09,0,null,613,3.09
2024-09-30,2024-09-30,2024,4,2024,3,Marketable,Bonds,912810SD1,2018-09-17,2048-08-15,3,null,0,02/15,08/15,null,null,15000.0231,30,09,0,null,614,3.088
2024-09-30,2024-09-30,2024,4,2024,3,Marketable,Bonds,912810SD1,2018-10-15,2048-08-15,3,null,0,02/15,08/15,null,null,14999.9525,30,09,-75,null,615,3.344
2024-09-30,2024-09-30,2024,4,2024,3,Marketable,Bonds,912810SE9,2018-11-15,2048-11-15,3.375,54514.2813,0,05/15,11/15,null,null,22873.5907,30,09,0,null,616,3.418
2024-09-30,2024-09-30,2024,4,2024,3,Marketable,Bonds,912810SE9,2018-12-17,2048-11-15,3.375,null,0,05/15,11/15,null,null,15999.9919,30,09,0,null,617,3.165
2024-09-30,2024-09-30,2024,4,2024,3,Marketable,Bonds,912810SE9,2019-01-15,2048-11-15,3.375,null,0,05/15,11/15,null,null,15994.6987,30,09,-354,null,618,3.035
2024-09-30,2024-09-30,2024,4,2024,3,Marketable,Bonds,912810SF6,2019-02-15,2049-02-15,3,55512.5118,0,08/15,02/15,null,null,23574.6037,30,09,0,null,619,3.022
2024-09-30,2024-09-30,2024,4,2024,3,Marketable,Bonds,912810SF6,2019-03-15,2049-02-15,3,null,0,08/15,02/15,null,null,15999.8837,30,09,0,null,620,3.014
2024-09-30,2024-09-30,2024,4,2024,3,Marketable,Bonds,912810SF6,2019-04-15,2049-02-15,3,null,0,08/15,02/15,null,null,16002.0244,30,09,-64,null,621,2.93
2024-09-30,2024-09-30,2024,4,2024,3,Marketable,Bonds,912810SH2,2019-05-15,2049-05-15,2.875,57257.3687,0,11/15,05/15,null,null,25472.4889,30,09,0,null,622,2.892
2024-09-30,2024-09-30,2024,4,2024,3,Marketable,Bonds,912810SH2,2019-06-17,2049-05-15,2.875,null,0,11/15,05/15,null,null,15999.6485,30,09,0,null,623,2.607
2024-09-30,2024-09-30,2024,4,2024,3,Marketable,Bonds,912810SH2,2019-07-15,2049-05-15,2.875,null,0,11/15,05/15,null,null,16136.2313,30,09,-351,null,624,2.644
2024-09-30,2024-09-30,2024,4,2024,3,Marketable,Bonds,912810SJ8,2019-08-15,2049-08-15,2.25,63396.3568,0,02/15,08/15,null,null,31398.5093,30,09,0,null,625,2.335
2024-09-30,2024-09-30,2024,4,2024,3,Marketable,Bonds,912810SJ8,2019-09-16,2049-08-15,2.25,null,0,02/15,08/15,null,null,15997.8287,30,09,0,null,626,2.27
2024-09-30,2024-09-30,2024,4,2024,3,Marketable,Bonds,912810SJ8,2019-10-15,2049-08-15,2.25,null,0,02/15,08/15,null,null,16000.0188,30,09,0,null,627,2.17
2024-09-30,2024-09-30,2024,4,2024,3,Marketable,Bonds,912810SK5,2019-11-15,2049-11-15,2.375,60477.7488,0,05/15,11/15,null,null,27993.8267,30,09,0,null,628,2.43
2024-09-30,2024-09-30,2024,4,2024,3,Marketable,Bonds,912810SK5,2019-12-16,2049-11-15,2.375,null,0,05/15,11/15,null,null,15998.9551,30,09,0,null,629,2.307
2024-09-30,2024-09-30,2024,4,2024,3,Marketable,Bonds,912810SK5,2020-01-15,2049-11-15,2.375,null,0,05/15,11/15,null,null,16511.967,30,09,-27,null,630,2.341
2024-09-30,2024-09-30,2024,4,2024,3,Marketable,Bonds,912810SL3,2020-02-18,2050-02-15,2,60422.8597,0,08/15,02/15,null,null,27449.7799,30,09,0,null,631,2.061
2024-09-30,2024-09-30,2024,4,2024,3,Marketable,Bonds,912810SL3,2020-03-16,2050-02-15,2,null,0,08/15,02/15,null,null,16015.1411,30,09,0,null,632,1.32
2024-09-30,2024-09-30,2024,4,2024,3,Marketable,Bonds,912810SL3,2020-04-15,2050-02-15,2,null,0,08/15,02/15,null,null,17055.9387,30,09,-98,null,633,1.325
2024-09-30,2024-09-30,2024,4,2024,3,Marketable,Bonds,912810SN9,2020-05-15,2050-05-15,1.25,73566.7975,0,11/15,05/15,null,null,33634.7555,30,09,0,null,634,1.342
2024-09-30,2024-09-30,2024,4,2024,3,Marketable,Bonds,912810SN9,2020-06-15,2050-05-15,1.25,null,0,11/15,05/15,null,null,19270.143,30,09,0,null,635,1.45
2024-09-30,2024-09-30,2024,4,2024,3,Marketable,Bonds,912810SN9,2020-07-15,2050-05-15,1.25,null,0,11/15,05/15,null,null,20666.899,30,09,-5,null,636,1.33
2024-09-30,2024-09-30,2024,4,2024,3,Marketable,Bonds,912810SP4,2020-08-17,2050-08-15,1.375,89044.5089,0,02/15,08/15,null,null,41463.5671,30,09,0,null,637,1.406
2024-09-30,2024-09-30,2024,4,2024,3,Marketable,Bonds,912810SP4,2020-09-15,2050-08-15,1.375,null,0,02/15,08/15,null,null,23945.5682,30,09,0,null,638,1.473
2024-09-30,2024-09-30,2024,4,2024,3,Marketable,Bonds,912810SP4,2020-10-15,2050-08-15,1.375,null,0,02/15,08/15,null,null,23643.3736,30,09,-8,null,639,1.578
2024-09-30,2024-09-30,2024,4,2024,3,Marketable,Bonds,912810SS8,2020-11-16,2050-11-15,1.625,85733.2569,0,05/15,11/15,null,null,34403.3897,30,09,0,null,640,1.68
2024-09-30,2024-09-30,2024,4,2024,3,Marketable,Bonds,912810SS8,2020-12-15,2050-11-15,1.625,null,0,05/15,11/15,null,null,25022.2459,30,09,0,null,641,1.665
2024-09-30,2024-09-30,2024,4,2024,3,Marketable,Bonds,912810SS8,2021-01-15,2050-11-15,1.625,null,0,05/15,11/15,null,null,26412.6213,30,09,-105,null,642,1.825
2024-09-30,2024-09-30,2024,4,2024,3,Marketable,Bonds,912810SU3,2021-02-16,2051-02-15,1.875,89848.4911,0,08/15,02/15,null,null,36794.6651,30,09,0,null,643,1.933
2024-09-30,2024-09-30,2024,4,2024,3,Marketable,Bonds,912810SU3,2021-03-15,2051-02-15,1.875,null,0,08/15,02/15,null,null,25487.4006,30,09,0,null,644,2.295
2024-09-30,2024-09-30,2024,4,2024,3,Marketable,Bonds,912810SU3,2021-04-15,2051-02-15,1.875,null,0,08/15,02/15,null,null,27684.4254,30,09,-118,null,645,2.32
2024-09-30,2024-09-30,2024,4,2024,3,Marketable,Bonds,912810SX7,2021-05-17,2051-05-15,2.375,95001.5868,0,11/15,05/15,null,null,41323.6408,30,09,0,null,646,2.395
2024-09-30,2024-09-30,2024,4,2024,3,Marketable,Bonds,912810SX7,2021-06-15,2051-05-15,2.375,null,0,11/15,05/15,null,null,26206.0006,30,09,0,null,647,2.172
2024-09-30,2024-09-30,2024,4,2024,3,Marketable,Bonds,912810SX7,2021-07-15,2051-05-15,2.375,null,0,11/15,05/15,null,null,27950.9454,30,09,-479,null,648,2
2024-09-30,2024-09-30,2024,4,2024,3,Marketable,Bonds,912810SZ2,2021-08-16,2051-08-15,2,91226.6626,0,02/15,08/15,null,null,39045.8235,30,09,0,null,649,2.04
2024-09-30,2024-09-30,2024,4,2024,3,Marketable,Bonds,912810SZ2,2021-09-15,2051-08-15,2,null,0,02/15,08/15,null,null,26555.4562,30,09,0,null,650,1.91
2024-09-30,2024-09-30,2024,4,2024,3,Marketable,Bonds,912810SZ2,2021-10-15,2051-08-15,2,null,0,02/15,08/15,null,null,25805.3829,30,09,-180,null,651,2.049
2024-09-30,2024-09-30,2024,4,2024,3,Marketable,Bonds,912810TB4,2021-11-15,2051-11-15,1.875,90235.3073,0,05/15,11/15,null,null,39461.4257,30,09,0,null,652,1.94
2024-09-30,2024-09-30,2024,4,2024,3,Marketable,Bonds,912810TB4,2021-12-15,2051-11-15,1.875,null,0,05/15,11/15,null,null,25244.0001,30,09,0,null,653,1.895
2024-09-30,2024-09-30,2024,4,2024,3,Marketable,Bonds,912810TB4,2022-01-18,2051-11-15,1.875,null,0,05/15,11/15,null,null,25529.8815,30,09,0,null,654,2.075
2024-09-30,2024-09-30,2024,4,2024,3,Marketable,Bonds,912810TD0,2022-02-15,2052-02-15,2.25,85045.3815,0,08/15,02/15,null,null,36914.1181,30,09,0,null,655,2.34
2024-09-30,2024-09-30,2024,4,2024,3,Marketable,Bonds,912810TD0,2022-03-15,2052-02-15,2.25,null,0,08/15,02/15,null,null,23360.3952,30,09,0,null,656,2.375
2024-09-30,2024-09-30,2024,4,2024,3,Marketable,Bonds,912810TD0,2022-04-18,2052-02-15,2.25,null,0,08/15,02/15,null,null,24770.8682,30,09,0,null,657,2.815
2024-09-30,2024-09-30,2024,4,2024,3,Marketable,Bonds,912810TG3,2022-05-16,2052-05-15,2.875,78502.1696,0,11/15,05/15,null,null,37386.3303,30,09,0,null,658,2.997
2024-09-30,2024-09-30,2024,4,2024,3,Marketable,Bonds,912810TG3,2022-06-15,2052-05-15,2.875,null,0,11/15,05/15,null,null,20117.1762,30,09,0,null,659,3.185
2024-09-30,2024-09-30,2024,4,2024,3,Marketable,Bonds,912810TG3,2022-07-15,2052-05-15,2.875,null,0,11/15,05/15,null,null,21421.6631,30,09,-423,null,660,3.115
2024-09-30,2024-09-30,2024,4,2024,3,Marketable,Bonds,912810TJ7,2022-08-15,2052-08-15,3,69939.9172,0,02/15,08/15,null,null,34277.0536,30,09,0,null,661,3.106
2024-09-30,2024-09-30,2024,4,2024,3,Marketable,Bonds,912810TJ7,2022-09-15,2052-08-15,3,null,0,02/15,08/15,null,null,17999.8732,30,09,0,null,662,3.511
2024-09-30,2024-09-30,2024,4,2024,3,Marketable,Bonds,912810TJ7,2022-10-17,2052-08-15,3,null,0,02/15,08/15,null,null,17999.9904,30,09,-337,null,663,3.93
2024-09-30,2024-09-30,2024,4,2024,3,Marketable,Bonds,912810TL2,2022-11-15,2052-11-15,4,64339.912,0,05/15,11/15,null,null,28353.3102,30,09,0,null,664,4.08
2024-09-30,2024-09-30,2024,4,2024,3,Marketable,Bonds,912810TL2,2022-12-15,2052-11-15,4,null,0,05/15,11/15,null,null,17986.576,30,09,0,null,665,3.513
2024-09-30,2024-09-30,2024,4,2024,3,Marketable,Bonds,912810TL2,2023-01-17,2052-11-15,4,null,0,05/15,11/15,null,null,18000.0258,30,09,0,null,666,3.585
2024-09-30,2024-09-30,2024,4,2024,3,Marketable,Bonds,912810TN8,2023-02-15,2053-02-15,3.625,65984.0277,0,08/15,02/15,null,null,29206.5431,30,09,0,null,667,3.686
2024-09-30,2024-09-30,2024,4,2024,3,Marketable,Bonds,912810TN8,2023-03-15,2053-02-15,3.625,null,0,08/15,02/15,null,null,17999.8265,30,09,0,null,668,3.877
2024-09-30,2024-09-30,2024,4,2024,3,Marketable,Bonds,912810TN8,2023-04-17,2053-02-15,3.625,null,0,08/15,02/15,null,null,19140.6581,30,09,-363,null,669,3.661
2024-09-30,2024-09-30,2024,4,2024,3,Marketable,Bonds,912810TR9,2023-05-15,2053-05-15,3.625,62593.0729,0,11/15,05/15,null,null,26711.2213,30,09,0,null,670,3.741
2024-09-30,2024-09-30,2024,4,2024,3,Marketable,Bonds,912810TR9,2023-06-15,2053-05-15,3.625,null,0,11/15,05/15,null,null,17999.881,30,09,0,null,671,3.908
2024-09-30,2024-09-30,2024,4,2024,3,Marketable,Bonds,912810TR9,2023-07-17,2053-05-15,3.625,null,0,11/15,05/15,null,null,17999.9706,30,09,-118,null,672,3.91
2024-09-30,2024-09-30,2024,4,2024,3,Marketable,Bonds,912810TT5,2023-08-15,2053-08-15,4.125,71574.3014,0,02/15,08/15,null,null,31583.9265,30,09,0,null,673,4.189
2024-09-30,2024-09-30,2024,4,2024,3,Marketable,Bonds,912810TT5,2023-09-15,2053-08-15,4.125,null,0,02/15,08/15,null,null,19999.1874,30,09,0,null,674,4.345
2024-09-30,2024-09-30,2024,4,2024,3,Marketable,Bonds,912810TT5,2023-10-16,2053-08-15,4.125,null,0,02/15,08/15,null,null,20000.1875,30,09,-9,null,675,4.837
2024-09-30,2024-09-30,2024,4,2024,3,Marketable,Bonds,912810TV0,2023-11-15,2053-11-15,4.75,66443.6446,0,05/15,11/15,null,null,24456.638,30,09,0,null,676,4.769
2024-09-30,2024-09-30,2024,4,2024,3,Marketable,Bonds,912810TV0,2023-12-15,2053-11-15,4.75,null,0,05/15,11/15,null,null,20988.8122,30,09,0,null,677,4.344
2024-09-30,2024-09-30,2024,4,2024,3,Marketable,Bonds,912810TV0,2024-01-16,2053-11-15,4.75,null,0,05/15,11/15,null,null,20998.1944,30,09,0,null,678,4.229
2024-09-30,2024-09-30,2024,4,2024,3,Marketable,Bonds,912810TX6,2024-02-15,2054-02-15,4.25,71198.7913,0,08/15,02/15,null,null,26846.2775,30,09,0,null,679,4.36
2024-09-30,2024-09-30,2024,4,2024,3,Marketable,Bonds,912810TX6,2024-03-15,2054-02-15,4.25,null,0,08/15,02/15,null,null,21989.8059,30,09,0,null,680,4.331
2024-09-30,2024-09-30,2024,4,2024,3,Marketable,Bonds,912810TX6,2024-04-15,2054-02-15,4.25,null,0,08/15,02/15,null,null,22362.7079,30,09,0,null,681,4.671
2024-09-30,2024-09-30,2024,4,2024,3,Marketable,Bonds,912810UA4,2024-05-15,2054-05-15,4.625,76420.8035,0,11/15,05/15,null,null,28141.8875,30,09,0,null,682,4.635
2024-09-30,2024-09-30,2024,4,2024,3,Marketable,Bonds,912810UA4,2024-06-17,2054-05-15,4.625,null,0,11/15,05/15,null,null,22708.1721,30,09,0,null,683,4.403
2024-09-30,2024-09-30,2024,4,2024,3,Marketable,Bonds,912810UA4,2024-07-15,2054-05-15,4.625,null,0,11/15,05/15,null,null,25570.7439,30,09,0,null,684,4.405
2024-09-30,2024-09-30,2024,4,2024,3,Marketable,Bonds,912810UC0,2024-08-15,2054-08-15,4.25,51964.8914,0,02/15,08/15,null,null,29755.0689,30,09,0,null,685,4.314
2024-09-30,2024-09-30,2024,4,2024,3,Marketable,Bonds,912810UC0,2024-09-16,2054-08-15,4.25,null,0,02/15,08/15,null,null,22209.8225,30,09,0,null,686,4.015
2024-09-30,2024-09-30,2024,4,2024,3,Marketable,Bonds,Total Unmatured Treasury Bonds,null,null,null,4708280.2773,0,null,null,null,null,4729755.2773,30,09,-21475,null,687,null
2024-09-30,2024-09-30,2024,4,2024,3,Marketable,Bonds,Total Matured Treasury Bonds,null,null,null,27.5507,0,null,null,null,null,27.5507,30,09,0,null,688,null
2024-09-30,2024-09-30,2024,4,2024,3,Marketable,Bonds,Total Treasury Bonds,null,null,null,4708307.828,0,null,null,null,null,4729782.828,30,09,-21475,null,689,null
2024-09-30,2024-09-30,2024,4,2024,3,Marketable,Inflation-Protected Securities,912828YL8,2019-10-31,2024-10-15,0.125,43138.7179342,4242.13363763,04/15,10/15,null,null,18777.1496,30,09,0,null,690,0.054
2024-09-30,2024-09-30,2024,4,2024,3,Marketable,Inflation-Protected Securities,912828YL8,2019-12-31,2024-10-15,0.125,null,3707.73189657,04/15,10/15,null,null,16411.7028,30,09,0,null,691,0.02
2024-09-30,2024-09-30,2024,4,2024,3,Marketable,Inflation-Protected Securities,912810FR4,2004-07-30,2025-01-15,2.375,46722.39152746,7355.27363823,01/15,07/15,null,null,11000.843,30,09,0,null,692,2.47
2024-09-30,2024-09-30,2024,4,2024,3,Marketable,Inflation-Protected Securities,912810FR4,2005-01-31,2025-01-15,2.375,null,7354.37970666,01/15,07/15,null,null,10999.506,30,09,0,null,693,2
2024-09-30,2024-09-30,2024,4,2024,3,Marketable,Inflation-Protected Securities,912810FR4,2005-07-29,2025-01-15,2.375,null,4011.95218257,01/15,07/15,null,null,6000.437,30,09,0,null,694,2.09
2024-09-30,2024-09-30,2024,4,2024,3,Marketable,Inflation-Protected Securities,912828H45,2015-01-30,2025-01-15,0.25,54437.97538979,4919.08583299,07/15,01/15,null,null,14999.9568,30,09,0,null,695,0.315
2024-09-30,2024-09-30,2024,4,2024,3,Marketable,Inflation-Protected Securities,912828H45,2015-03-31,2025-01-15,0.25,null,4263.00500254,07/15,01/15,null,null,12999.3444,30,09,0,null,696,0.2
2024-09-30,2024-09-30,2024,4,2024,3,Marketable,Inflation-Protected Securities,912828H45,2015-05-29,2025-01-15,0.25,null,4261.58105426,07/15,01/15,null,null,12995.0023,30,09,0,null,697,0.358
2024-09-30,2024-09-30,2024,4,2024,3,Marketable,Inflation-Protected Securities,912828ZJ2,2020-04-30,2025-04-15,0.125,43290.5765214,4021.92161527,10/15,04/15,null,null,18476.3029,30,09,0,null,698,-0.32
2024-09-30,2024-09-30,2024,4,2024,3,Marketable,Inflation-Protected Securities,912828ZJ2,2020-06-30,2025-04-15,0.125,null,3711.52730613,10/15,04/15,null,null,17050.3827,30,09,0,null,699,-0.766
2024-09-30,2024-09-30,2024,4,2024,3,Marketable,Inflation-Protected Securities,912828ZJ2,2020-07-13,2025-04-15,0.125,null,5.442,10/15,04/15,null,null,25,30,09,0,null,700,-0.951
2024-09-30,2024-09-30,2024,4,2024,3,Marketable,Inflation-Protected Securities,912828XL9,2015-07-31,2025-07-15,0.375,54311.28218043,4894.80048948,01/15,07/15,null,null,15000.0015,30,09,0,null,701,0.491
2024-09-30,2024-09-30,2024,4,2024,3,Marketable,Inflation-Protected Securities,912828XL9,2015-09-30,2025-07-15,0.375,null,4242.16254529,01/15,07/15,null,null,13000.0078,30,09,0,null,702,0.6
2024-09-30,2024-09-30,2024,4,2024,3,Marketable,Inflation-Protected Securities,912828XL9,2015-11-30,2025-07-15,0.375,null,4225.46654566,01/15,07/15,null,null,12998.8433,30,09,-50,null,703,0.664
2024-09-30,2024-09-30,2024,4,2024,3,Marketable,Inflation-Protected Securities,91282CAQ4,2020-10-30,2025-10-15,0.125,41552.50560724,3606.66990327,04/15,10/15,null,null,16997.3604,30,09,0,null,704,-1.32
2024-09-30,2024-09-30,2024,4,2024,3,Marketable,Inflation-Protected Securities,91282CAQ4,2020-12-31,2025-10-15,0.125,null,3666.96390397,04/15,10/15,null,null,17281.5114,30,09,0,null,705,-1.575
2024-09-30,2024-09-30,2024,4,2024,3,Marketable,Inflation-Protected Securities,912810FS2,2006-01-31,2026-01-15,2,31588.0105099,6878.7984561,07/15,01/15,null,null,11764.663,30,09,0,null,706,2.039
2024-09-30,2024-09-30,2024,4,2024,3,Marketable,Inflation-Protected Securities,912810FS2,2006-07-31,2026-01-15,2,null,4776.0950538,07/15,01/15,null,null,8235.454,30,09,-67,null,707,2.494
2024-09-30,2024-09-30,2024,4,2024,3,Marketable,Inflation-Protected Securities,912828N71,2016-01-29,2026-01-15,0.625,55774.51595227,4855.61180222,07/15,01/15,null,null,14999.882,30,09,0,null,708,0.725
2024-09-30,2024-09-30,2024,4,2024,3,Marketable,Inflation-Protected Securities,912828N71,2016-03-31,2026-01-15,0.625,null,4409.07816784,07/15,01/15,null,null,13620.4571,30,09,0,null,709,0.315
2024-09-30,2024-09-30,2024,4,2024,3,Marketable,Inflation-Protected Securities,912828N71,2016-05-31,2026-01-15,0.625,null,4374.82968221,07/15,01/15,null,null,13799.6572,30,09,-285,null,710,0.275
2024-09-30,2024-09-30,2024,4,2024,3,Marketable,Inflation-Protected Securities,91282CCA7,2021-04-30,2026-04-15,0.125,47807.47006175,4272.81229444,10/15,04/15,null,null,21434.7963,30,09,0,null,711,-1.631
2024-09-30,2024-09-30,2024,4,2024,3,Marketable,Inflation-Protected Securities,91282CCA7,2021-06-30,2026-04-15,0.125,null,3673.17556731,10/15,04/15,null,null,18426.6859,30,09,0,null,712,-1.416
2024-09-30,2024-09-30,2024,4,2024,3,Marketable,Inflation-Protected Securities,912828S50,2016-07-29,2026-07-15,0.125,48341.25265867,4058.20584814,01/15,07/15,null,null,12999.9867,30,09,0,null,713,0.045
2024-09-30,2024-09-30,2024,4,2024,3,Marketable,Inflation-Protected Securities,912828S50,2016-09-30,2026-07-15,0.125,null,3643.14333624,01/15,07/15,null,null,11670.3826,30,09,0,null,714,0.052
2024-09-30,2024-09-30,2024,4,2024,3,Marketable,Inflation-Protected Securities,912828S50,2016-11-30,2026-07-15,0.125,null,3799.21007429,01/15,07/15,null,null,12170.3241,30,09,0,null,715,0.369
2024-09-30,2024-09-30,2024,4,2024,3,Marketable,Inflation-Protected Securities,91282CDC2,2021-10-29,2026-10-15,0.125,44089.33949627,2869.42357642,04/15,10/15,null,null,18999.0305,30,09,0,null,716,-1.685
2024-09-30,2024-09-30,2024,4,2024,3,Marketable,Inflation-Protected Securities,91282CDC2,2021-12-31,2026-10-15,0.125,null,2915.66711985,04/15,10/15,null,null,19305.2183,30,09,0,null,717,-1.508
2024-09-30,2024-09-30,2024,4,2024,3,Marketable,Inflation-Protected Securities,912810PS1,2007-01-31,2027-01-15,2.375,25614.84362066,5142.43199238,07/15,01/15,null,null,9188.493,30,09,0,null,718,2.42
2024-09-30,2024-09-30,2024,4,2024,3,Marketable,Inflation-Protected Securities,912810PS1,2007-07-31,2027-01-15,2.375,null,4049.06062828,07/15,01/15,null,null,7293.858,30,09,-59,null,719,2.6
2024-09-30,2024-09-30,2024,4,2024,3,Marketable,Inflation-Protected Securities,912828V49,2017-01-31,2027-01-15,0.375,49984.53685101,4175.94146194,07/15,01/15,null,null,13824.4164,30,09,0,null,720,0.436
2024-09-30,2024-09-30,2024,4,2024,3,Marketable,Inflation-Protected Securities,912828V49,2017-03-31,2027-01-15,0.375,null,3725.05123919,07/15,01/15,null,null,12331.7484,30,09,0,null,721,0.466
2024-09-30,2024-09-30,2024,4,2024,3,Marketable,Inflation-Protected Securities,912828V49,2017-05-31,2027-01-15,0.375,null,3695.02674988,07/15,01/15,null,null,12322.3526,30,09,-90,null,722,0.42
2024-09-30,2024-09-30,2024,4,2024,3,Marketable,Inflation-Protected Securities,91282CEJ6,2022-04-29,2027-04-15,0.125,43856.0942563,2279.27593206,10/15,04/15,null,null,19997.1568,30,09,0,null,723,-0.34
2024-09-30,2024-09-30,2024,4,2024,3,Marketable,Inflation-Protected Securities,91282CEJ6,2022-06-30,2027-04-15,0.125,null,2207.98382424,10/15,04/15,null,null,19371.6777,30,09,0,null,724,0.362
2024-09-30,2024-09-30,2024,4,2024,3,Marketable,Inflation-Protected Securities,9128282L3,2017-07-31,2027-07-15,0.375,47422.07784047,4093.01873404,01/15,07/15,null,null,14321.7703,30,09,0,null,725,0.489
2024-09-30,2024-09-30,2024,4,2024,3,Marketable,Inflation-Protected Securities,9128282L3,2017-09-29,2027-07-15,0.375,null,3143.2301639,01/15,07/15,null,null,10998.391,30,09,0,null,726,0.45
2024-09-30,2024-09-30,2024,4,2024,3,Marketable,Inflation-Protected Securities,9128282L3,2017-11-30,2027-07-15,0.375,null,3304.16254253,01/15,07/15,null,null,11596.5051,30,09,-35,null,727,0.512
2024-09-30,2024-09-30,2024,4,2024,3,Marketable,Inflation-Protected Securities,91282CFR7,2022-10-31,2027-10-15,1.625,42441.07086471,1296.77086079,04/15,10/15,null,null,20993.5383,30,09,0,null,728,1.732
2024-09-30,2024-09-30,2024,4,2024,3,Marketable,Inflation-Protected Securities,91282CFR7,2022-12-30,2027-10-15,1.625,null,1172.29960392,04/15,10/15,null,null,18978.4621,30,09,0,null,729,1.504
2024-09-30,2024-09-30,2024,4,2024,3,Marketable,Inflation-Protected Securities,912810PV4,2008-01-31,2028-01-15,1.75,23472.72550715,4499.2402375,07/15,01/15,null,null,8974.25,30,09,0,null,730,1.807
2024-09-30,2024-09-30,2024,4,2024,3,Marketable,Inflation-Protected Securities,912810PV4,2008-07-31,2028-01-15,1.75,null,3339.07256965,07/15,01/15,null,null,6660.1627,30,09,0,null,731,2.219
2024-09-30,2024-09-30,2024,4,2024,3,Marketable,Inflation-Protected Securities,9128283R9,2018-01-31,2028-01-15,0.5,49499.93372385,4102.20597774,07/15,01/15,null,null,14910.6062,30,09,0,null,732,0.548
2024-09-30,2024-09-30,2024,4,2024,3,Marketable,Inflation-Protected Securities,9128283R9,2018-03-29,2028-01-15,0.5,null,3026.01357135,07/15,01/15,null,null,10998.8862,30,09,0,null,733,0.764
2024-09-30,2024-09-30,2024,4,2024,3,Marketable,Inflation-Protected Securities,9128283R9,2018-05-31,2028-01-15,0.5,null,3551.89037476,07/15,01/15,null,null,12910.3314,30,09,0,null,734,0.934
2024-09-30,2024-09-30,2024,4,2024,3,Marketable,Inflation-Protected Securities,912810FD5,1998-04-15,2028-04-15,3.625,32637.9904927,7915.2317965,10/15,04/15,null,null,8404.01,30,09,-25,null,735,3.74
2024-09-30,2024-09-30,2024,4,2024,3,Marketable,Inflation-Protected Securities,912810FD5,1998-07-15,2028-04-15,3.625,null,7939.2806962,10/15,04/15,null,null,8404.468,30,09,0,null,736,3.68
2024-09-30,2024-09-30,2024,4,2024,3,Marketable,Inflation-Protected Securities,91282CGW5,2023-04-28,2028-04-15,1.25,41891.82931878,1019.64231756,10/15,04/15,null,null,20980.2946,30,09,0,null,737,1.32
2024-09-30,2024-09-30,2024,4,2024,3,Marketable,Inflation-Protected Securities,91282CGW5,2023-06-30,2028-04-15,1.25,null,921.93970122,10/15,04/15,null,null,18989.9527,30,09,-20,null,738,1.832
2024-09-30,2024-09-30,2024,4,2024,3,Marketable,Inflation-Protected Securities,912828Y38,2018-07-31,2028-07-15,0.75,45856.19993397,3467.86750116,01/15,07/15,null,null,13705.9027,30,09,0,null,739,0.762
2024-09-30,2024-09-30,2024,4,2024,3,Marketable,Inflation-Protected Securities,912828Y38,2018-09-28,2028-07-15,0.75,null,2783.19404015,01/15,07/15,null,null,10999.8974,30,09,0,null,740,0.91
2024-09-30,2024-09-30,2024,4,2024,3,Marketable,Inflation-Protected Securities,912828Y38,2018-11-30,2028-07-15,0.75,null,3008.59569266,01/15,07/15,null,null,11965.7426,30,09,-75,null,741,1.109
2024-09-30,2024-09-30,2024,4,2024,3,Marketable,Inflation-Protected Securities,91282CJH5,2023-10-31,2028-10-15,2.375,43126.4253521,591.32877082,04/15,10/15,null,null,21998.8382,30,09,0,null,742,2.44
2024-09-30,2024-09-30,2024,4,2024,3,Marketable,Inflation-Protected Securities,91282CJH5,2023-12-29,2028-10-15,2.375,null,537.56488128,04/15,10/15,null,null,19998.6935,30,09,0,null,743,1.71
2024-09-30,2024-09-30,2024,4,2024,3,Marketable,Inflation-Protected Securities,912810PZ5,2009-01-30,2029-01-15,2.5,20715.41912577,3719.7507006,07/15,01/15,null,null,7999.98,30,09,0,null,744,2.5
2024-09-30,2024-09-30,2024,4,2024,3,Marketable,Inflation-Protected Securities,912810PZ5,2009-07-31,2029-01-15,2.5,null,2855.16102517,07/15,01/15,null,null,6150.5274,30,09,-10,null,745,2.387
2024-09-30,2024-09-30,2024,4,2024,3,Marketable,Inflation-Protected Securities,9128285W6,2019-01-31,2029-01-15,0.875,45036.36295431,3193.3214984,07/15,01/15,null,null,13000.0061,30,09,0,null,746,0.919
2024-09-30,2024-09-30,2024,4,2024,3,Marketable,Inflation-Protected Securities,9128285W6,2019-03-29,2029-01-15,0.875,null,2701.99104395,07/15,01/15,null,null,10999.8007,30,09,0,null,747,0.578
2024-09-30,2024-09-30,2024,4,2024,3,Marketable,Inflation-Protected Securities,9128285W6,2019-05-31,2029-01-15,0.875,null,2985.85071196,07/15,01/15,null,null,12155.3929,30,09,0,null,748,0.567
2024-09-30,2024-09-30,2024,4,2024,3,Marketable,Inflation-Protected Securities,912810FH6,1999-04-15,2029-04-15,3.875,37302.64654704,6507.72454668,10/15,04/15,null,null,7351.018,30,09,-225.2,null,749,3.899
2024-09-30,2024-09-30,2024,4,2024,3,Marketable,Inflation-Protected Securities,912810FH6,1999-10-15,2029-04-15,3.875,null,6730.98008628,10/15,04/15,null,null,7370.278,30,09,0,null,750,4.138
2024-09-30,2024-09-30,2024,4,2024,3,Marketable,Inflation-Protected Securities,912810FH6,2000-10-16,2029-04-15,3.875,null,4567.03791408,10/15,04/15,null,null,5000.808,30,09,0,null,751,3.953
2024-09-30,2024-09-30,2024,4,2024,3,Marketable,Inflation-Protected Securities,91282CKL4,2024-04-30,2029-04-15,2.125,44843.58778459,389.92075173,10/15,04/15,null,null,23099.5706,30,09,0,null,752,2.242
2024-09-30,2024-09-30,2024,4,2024,3,Marketable,Inflation-Protected Securities,91282CKL4,2024-06-28,2029-04-15,2.125,null,354.47363286,10/15,04/15,null,null,20999.6228,30,09,0,null,753,2.05
2024-09-30,2024-09-30,2024,4,2024,3,Marketable,Inflation-Protected Securities,9128287D6,2019-07-31,2029-07-15,0.25,48941.32675563,3342.26148736,01/15,07/15,null,null,14555.6201,30,09,0,null,754,0.282
2024-09-30,2024-09-30,2024,4,2024,3,Marketable,Inflation-Protected Securities,9128287D6,2019-09-30,2029-07-15,0.25,null,3041.67287989,01/15,07/15,null,null,13246.5503,30,09,0,null,755,0.174
2024-09-30,2024-09-30,2024,4,2024,3,Marketable,Inflation-Protected Securities,9128287D6,2019-11-29,2029-07-15,0.25,null,2755.39928838,01/15,07/15,null,null,11999.8227,30,09,0,null,756,0.149
2024-09-30,2024-09-30,2024,4,2024,3,Marketable,Inflation-Protected Securities,912828Z37,2020-01-31,2030-01-15,0.125,50193.67840316,3436.41180359,07/15,01/15,null,null,15445.2416,30,09,0,null,757,0.036
2024-09-30,2024-09-30,2024,4,2024,3,Marketable,Inflation-Protected Securities,912828Z37,2020-03-31,2030-01-15,0.125,null,3028.82689933,07/15,01/15,null,null,13613.317,30,09,0,null,758,0.68
2024-09-30,2024-09-30,2024,4,2024,3,Marketable,Inflation-Protected Securities,912828Z37,2020-05-29,2030-01-15,0.125,null,2669.88020024,07/15,01/15,null,null,12000.0009,30,09,0,null,759,-0.47
2024-09-30,2024-09-30,2024,4,2024,3,Marketable,Inflation-Protected Securities,912828ZZ6,2020-07-31,2030-07-15,0.125,52470.70544785,3535.08560486,01/15,07/15,null,null,15590.2342,30,09,0,null,760,-0.93
2024-09-30,2024-09-30,2024,4,2024,3,Marketable,Inflation-Protected Securities,912828ZZ6,2020-09-30,2030-07-15,0.125,null,3093.38878133,01/15,07/15,null,null,13642.2879,30,09,0,null,761,-0.966
2024-09-30,2024-09-30,2024,4,2024,3,Marketable,Inflation-Protected Securities,912828ZZ6,2020-11-30,2030-07-15,0.125,null,3070.10516166,01/15,07/15,null,null,13664.6038,30,09,-125,null,762,-0.867
2024-09-30,2024-09-30,2024,4,2024,3,Marketable,Inflation-Protected Securities,91282CBF7,2021-01-29,2031-01-15,0.125,52356.80074547,3123.59233393,07/15,01/15,null,null,14999.2429,30,09,0,null,763,-0.987
2024-09-30,2024-09-30,2024,4,2024,3,Marketable,Inflation-Protected Securities,91282CBF7,2021-03-31,2031-01-15,0.125,null,3193.23336221,07/15,01/15,null,null,15333.6536,30,09,0,null,764,-0.58
2024-09-30,2024-09-30,2024,4,2024,3,Marketable,Inflation-Protected Securities,91282CBF7,2021-05-28,2031-01-15,0.125,null,2707.22044933,07/15,01/15,null,null,12999.8581,30,09,0,null,765,-0.805
2024-09-30,2024-09-30,2024,4,2024,3,Marketable,Inflation-Protected Securities,91282CCM1,2021-07-30,2031-07-15,0.125,54924.75460189,2776.26778783,01/15,07/15,null,null,15999.6991,30,09,0,null,766,-1.016
2024-09-30,2024-09-30,2024,4,2024,3,Marketable,Inflation-Protected Securities,91282CCM1,2021-09-30,2031-07-15,0.125,null,2721.70490969,01/15,07/15,null,null,15685.2519,30,09,0,null,767,-0.939
2024-09-30,2024-09-30,2024,4,2024,3,Marketable,Inflation-Protected Securities,91282CCM1,2021-11-30,2031-07-15,0.125,null,2623.35750437,01/15,07/15,null,null,15153.4734,30,09,-35,null,768,-1.145
2024-09-30,2024-09-30,2024,4,2024,3,Marketable,Inflation-Protected Securities,91282CDX6,2022-01-31,2032-01-15,0.125,57980.69839679,2476.25253504,07/15,01/15,null,null,18390.2899,30,09,0,null,769,-0.54
2024-09-30,2024-09-30,2024,4,2024,3,Marketable,Inflation-Protected Securities,91282CDX6,2022-03-31,2032-01-15,0.125,null,2235.92999601,07/15,01/15,null,null,16605.4957,30,09,0,null,770,-0.589
2024-09-30,2024-09-30,2024,4,2024,3,Marketable,Inflation-Protected Securities,91282CDX6,2022-05-31,2032-01-15,0.125,null,2168.44236574,07/15,01/15,null,null,16104.2879,30,09,0,null,771,0.232
2024-09-30,2024-09-30,2024,4,2024,3,Marketable,Inflation-Protected Securities,912810FQ6,2001-10-15,2032-04-15,3.375,8881.63029765,3869.39529765,04/15,10/15,null,null,5012.235,30,09,0,null,772,3.465
2024-09-30,2024-09-30,2024,4,2024,3,Marketable,Inflation-Protected Securities,91282CEZ0,2022-07-29,2032-07-15,0.625,52580.39070865,1402.55412904,01/15,07/15,null,null,16994.4763,30,09,0,null,773,0.63
2024-09-30,2024-09-30,2024,4,2024,3,Marketable,Inflation-Protected Securities,91282CEZ0,2022-09-30,2032-07-15,0.625,null,1237.11123936,01/15,07/15,null,null,14989.8369,30,09,0,null,774,1.248
2024-09-30,2024-09-30,2024,4,2024,3,Marketable,Inflation-Protected Securities,91282CEZ0,2022-11-30,2032-07-15,0.625,null,1368.96224025,01/15,07/15,null,null,16620.4499,30,09,-33,null,775,1.485
2024-09-30,2024-09-30,2024,4,2024,3,Marketable,Inflation-Protected Securities,91282CGK1,2023-01-31,2033-01-15,1.125,52563.94331604,949.72120022,07/15,01/15,null,null,16989.6458,30,09,0,null,776,1.22
2024-09-30,2024-09-30,2024,4,2024,3,Marketable,Inflation-Protected Securities,91282CGK1,2023-03-31,2033-01-15,1.125,null,838.48108903,07/15,01/15,null,null,14999.6617,30,09,0,null,777,1.182
2024-09-30,2024-09-30,2024,4,2024,3,Marketable,Inflation-Protected Securities,91282CGK1,2023-05-31,2033-01-15,1.125,null,994.56542679,07/15,01/15,null,null,17816.8681,30,09,-25,null,778,1.395
2024-09-30,2024-09-30,2024,4,2024,3,Marketable,Inflation-Protected Securities,91282CHP9,2023-07-31,2033-07-15,1.375,48656.84904907,600.71358016,01/15,07/15,null,null,16859.7693,30,09,0,null,779,1.495
2024-09-30,2024-09-30,2024,4,2024,3,Marketable,Inflation-Protected Securities,91282CHP9,2023-09-29,2033-07-15,1.375,null,534.09295177,01/15,07/15,null,null,14989.979,30,09,0,null,780,2.094
2024-09-30,2024-09-30,2024,4,2024,3,Marketable,Inflation-Protected Securities,91282CHP9,2023-11-30,2033-07-15,1.375,null,539.19241714,01/15,07/15,null,null,15163.1018,30,09,-30,null,781,2.18
2024-09-30,2024-09-30,2024,4,2024,3,Marketable,Inflation-Protected Securities,91282CJY8,2024-01-31,2034-01-15,1.75,52130.53369304,417.95450615,07/15,01/15,null,null,17999.7634,30,09,0,null,782,1.81
2024-09-30,2024-09-30,2024,4,2024,3,Marketable,Inflation-Protected Securities,91282CJY8,2024-03-28,2034-01-15,1.75,null,371.49885587,07/15,01/15,null,null,15999.0894,30,09,0,null,783,1.932
2024-09-30,2024-09-30,2024,4,2024,3,Marketable,Inflation-Protected Securities,91282CJY8,2024-05-31,2034-01-15,1.75,null,393.54833102,07/15,01/15,null,null,16948.6792,30,09,0,null,784,2.184
2024-09-30,2024-09-30,2024,4,2024,3,Marketable,Inflation-Protected Securities,91282CLE9,2024-07-31,2034-07-15,1.875,37466.94079922,47.46504797,01/15,07/15,null,null,20027.4464,30,09,0,null,785,1.883
2024-09-30,2024-09-30,2024,4,2024,3,Marketable,Inflation-Protected Securities,91282CLE9,2024-09-30,2034-07-15,1.875,null,41.12165125,01/15,07/15,null,null,17350.9077,30,09,0,null,786,1.592
2024-09-30,2024-09-30,2024,4,2024,3,Marketable,Inflation-Protected Securities,912810QF8,2010-02-26,2040-02-15,2.125,21955.16087432,3641.65364334,08/15,02/15,null,null,7999.9421,30,09,0,null,787,2.229
2024-09-30,2024-09-30,2024,4,2024,3,Marketable,Inflation-Protected Securities,912810QF8,2010-08-31,2040-02-15,2.125,null,3226.22713098,08/15,02/15,null,null,7171.338,30,09,-84,null,788,1.768
2024-09-30,2024-09-30,2024,4,2024,3,Marketable,Inflation-Protected Securities,912810QP6,2011-02-28,2041-02-15,2.125,34448.20360644,4142.05172357,08/15,02/15,null,null,9494.4568,30,09,0,null,789,2.19
2024-09-30,2024-09-30,2024,4,2024,3,Marketable,Inflation-Protected Securities,912810QP6,2011-06-30,2041-02-15,2.125,null,3151.98142294,08/15,02/15,null,null,7225.0067,30,09,0,null,790,1.744
2024-09-30,2024-09-30,2024,4,2024,3,Marketable,Inflation-Protected Securities,912810QP6,2011-10-31,2041-02-15,2.125,null,3169.51335993,08/15,02/15,null,null,7265.1936,30,09,0,null,791,0.999
2024-09-30,2024-09-30,2024,4,2024,3,Marketable,Inflation-Protected Securities,912810QV3,2012-02-29,2042-02-15,0.75,32184.43517972,3577.652097,08/15,02/15,null,null,9127.5949,30,09,0,null,792,0.77
2024-09-30,2024-09-30,2024,4,2024,3,Marketable,Inflation-Protected Securities,912810QV3,2012-06-29,2042-02-15,0.75,null,2743.72536985,08/15,02/15,null,null,7000.0137,30,09,0,null,793,0.52
2024-09-30,2024-09-30,2024,4,2024,3,Marketable,Inflation-Protected Securities,912810QV3,2012-10-31,2042-02-15,0.75,null,2741.39101287,08/15,02/15,null,null,7000.0581,30,09,-6,null,794,0.479
2024-09-30,2024-09-30,2024,4,2024,3,Marketable,Inflation-Protected Securities,912810RA8,2013-02-28,2043-02-15,0.625,31459.18161942,3312.37523686,08/15,02/15,null,null,9000.0414,30,09,0,null,795,0.639
2024-09-30,2024-09-30,2024,4,2024,3,Marketable,Inflation-Protected Securities,912810RA8,2013-06-28,2043-02-15,0.625,null,2576.27882227,08/15,02/15,null,null,6999.9968,30,09,0,null,796,1.42
2024-09-30,2024-09-30,2024,4,2024,3,Marketable,Inflation-Protected Securities,912810RA8,2013-10-31,2043-02-15,0.625,null,2574.72216029,08/15,02/15,null,null,6999.7672,30,09,-4,null,797,1.33
2024-09-30,2024-09-30,2024,4,2024,3,Marketable,Inflation-Protected Securities,912810RF7,2014-02-28,2044-02-15,1.375,31048.93811176,3154.88984547,08/15,02/15,null,null,9025.3171,30,09,0,null,798,1.495
2024-09-30,2024-09-30,2024,4,2024,3,Marketable,Inflation-Protected Securities,912810RF7,2014-06-30,2044-02-15,1.375,null,2446.71064852,08/15,02/15,null,null,6999.4011,30,09,0,null,799,1.116
2024-09-30,2024-09-30,2024,4,2024,3,Marketable,Inflation-Protected Securities,912810RF7,2014-10-31,2044-02-15,1.375,null,2440.62571777,08/15,02/15,null,null,6992.9937,30,09,-11,null,800,0.985
2024-09-30,2024-09-30,2024,4,2024,3,Marketable,Inflation-Protected Securities,912810RL4,2015-02-27,2045-02-15,0.75,30720.63065024,3021.12046995,08/15,02/15,null,null,9000.0014,30,09,0,null,801,0.842
2024-09-30,2024-09-30,2024,4,2024,3,Marketable,Inflation-Protected Securities,912810RL4,2015-06-30,2045-02-15,0.75,null,2349.75711316,08/15,02/15,null,null,6999.9914,30,09,0,null,802,1.142
2024-09-30,2024-09-30,2024,4,2024,3,Marketable,Inflation-Protected Securities,912810RL4,2015-10-30,2045-02-15,0.75,null,2349.76006713,08/15,02/15,null,null,7000.0002,30,09,0,null,803,1.2
2024-09-30,2024-09-30,2024,4,2024,3,Marketable,Inflation-Protected Securities,912810RR1,2016-02-29,2046-02-15,1,27047.30881384,3060.17158519,08/15,02/15,null,null,9346.033,30,09,0,null,804,1.12
2024-09-30,2024-09-30,2024,4,2024,3,Marketable,Inflation-Protected Securities,912810RR1,2016-06-30,2046-02-15,1,null,1875.97740925,08/15,02/15,null,null,5729.3999,30,09,0,null,805,0.905
2024-09-30,2024-09-30,2024,4,2024,3,Marketable,Inflation-Protected Securities,912810RR1,2016-10-31,2046-02-15,1,null,1735.4648194,08/15,02/15,null,null,5302.2621,30,09,-2,null,806,0.666
2024-09-30,2024-09-30,2024,4,2024,3,Marketable,Inflation-Protected Securities,912810RW0,2017-02-28,2047-02-15,0.875,24349.01369209,2414.23719844,08/15,02/15,null,null,7968.5685,30,09,0,null,807,0.923
2024-09-30,2024-09-30,2024,4,2024,3,Marketable,Inflation-Protected Securities,912810RW0,2017-06-30,2047-02-15,0.875,null,1698.95844604,08/15,02/15,null,null,5607.6788,30,09,0,null,808,0.88
2024-09-30,2024-09-30,2024,4,2024,3,Marketable,Inflation-Protected Securities,912810RW0,2017-10-31,2047-02-15,0.875,null,1548.50084761,08/15,02/15,null,null,5125.0699,30,09,-14,null,809,0.908
2024-09-30,2024-09-30,2024,4,2024,3,Marketable,Inflation-Protected Securities,912810SB5,2018-02-28,2048-02-15,1,23811.36330193,2398.48758403,08/15,02/15,null,null,8706.5761,30,09,0,null,810,1.003
2024-09-30,2024-09-30,2024,4,2024,3,Marketable,Inflation-Protected Securities,912810SB5,2018-06-29,2048-02-15,1,null,1377.39223146,08/15,02/15,null,null,4999.9718,30,09,0,null,811,0.934
2024-09-30,2024-09-30,2024,4,2024,3,Marketable,Inflation-Protected Securities,912810SB5,2018-10-31,2048-02-15,1,null,1366.93258644,08/15,02/15,null,null,5000.003,30,09,-38,null,812,1.235
2024-09-30,2024-09-30,2024,4,2024,3,Marketable,Inflation-Protected Securities,912810SG4,2019-02-28,2049-02-15,1,19103.94961891,2095.66322496,08/15,02/15,null,null,8385.0007,30,09,0,null,813,1.093
2024-09-30,2024-09-30,2024,4,2024,3,Marketable,Inflation-Protected Securities,912810SG4,2019-08-30,2049-02-15,1,null,1724.27079395,08/15,02/15,null,null,7000.0149,30,09,-101,null,814,0.501
2024-09-30,2024-09-30,2024,4,2024,3,Marketable,Inflation-Protected Securities,912810SM1,2020-02-28,2050-02-15,0.25,19089.84239967,1787.1205138,08/15,02/15,null,null,8000.0023,30,09,0,null,815,0.261
2024-09-30,2024-09-30,2024,4,2024,3,Marketable,Inflation-Protected Securities,912810SM1,2020-08-31,2050-02-15,0.25,null,1698.66888587,08/15,02/15,null,null,7608.0507,30,09,-4,null,816,-0.272
2024-09-30,2024-09-30,2024,4,2024,3,Marketable,Inflation-Protected Securities,912810SV1,2021-02-26,2051-02-15,0.125,21715.46619441,1871.76850955,08/15,02/15,null,null,8994.995,30,09,0,null,817,-0.04
2024-09-30,2024-09-30,2024,4,2024,3,Marketable,Inflation-Protected Securities,912810SV1,2021-08-31,2051-02-15,0.125,null,1868.65758486,08/15,02/15,null,null,9004.0451,30,09,-24,null,818,-0.292
2024-09-30,2024-09-30,2024,4,2024,3,Marketable,Inflation-Protected Securities,912810TE8,2022-02-28,2052-02-15,0.125,22114.93183857,1368.27876159,08/15,02/15,null,null,10535.757,30,09,0,null,819,0.195
2024-09-30,2024-09-30,2024,4,2024,3,Marketable,Inflation-Protected Securities,912810TE8,2022-08-31,2052-02-15,0.125,null,1173.66517698,08/15,02/15,null,null,9041.2309,30,09,-4,null,820,0.92
2024-09-30,2024-09-30,2024,4,2024,3,Marketable,Inflation-Protected Securities,912810TP3,2023-02-28,2053-02-15,1.5,20990.72163529,641.70629519,08/15,02/15,null,null,11042.9581,30,09,0,null,821,1.55
2024-09-30,2024-09-30,2024,4,2024,3,Marketable,Inflation-Protected Securities,912810TP3,2023-08-31,2053-02-15,1.5,null,511.0763401,08/15,02/15,null,null,8820.9809,30,09,-26,null,822,1.97
2024-09-30,2024-09-30,2024,4,2024,3,Marketable,Inflation-Protected Securities,912810TY4,2024-02-29,2054-02-15,2.125,17799.70899755,232.9653704,08/15,02/15,null,null,9378.6381,30,09,0,null,823,2.2
2024-09-30,2024-09-30,2024,4,2024,3,Marketable,Inflation-Protected Securities,912810TY4,2024-08-30,2054-02-15,2.125,null,198.46272715,08/15,02/15,null,null,7989.6428,30,09,0,null,824,2.055
2024-09-30,2024-09-30,2024,4,2024,3,Marketable,Inflation-Protected Securities,Total Treasury TIPS,null,null,null,2051742.89076141,386883.95606141,null,null,null,null,1666366.1347,30,09,-1507.2,null,825,null
2024-09-30,2024-09-30,2024,4,2024,3,Marketable,Floating Rate Notes,91282CFS5,2022-10-31,2024-10-31,null,67972.2473,0,01/31,04/30,07/31,10/31,23993.1571,30,09,0,null,826,0.14
2024-09-30,2024-09-30,2024,4,2024,3,Marketable,Floating Rate Notes,91282CFS5,2022-11-25,2024-10-31,null,null,0,01/31,04/30,07/31,10/31,21989.3554,30,09,0,null,827,0.22
2024-09-30,2024-09-30,2024,4,2024,3,Marketable,Floating Rate Notes,91282CFS5,2022-12-30,2024-10-31,null,null,0,01/31,04/30,07/31,10/31,21989.7348,30,09,0,null,828,0.239
2024-09-30,2024-09-30,2024,4,2024,3,Marketable,Floating Rate Notes,91282CGF2,2023-01-31,2025-01-31,null,67987.9749,0,04/30,07/31,10/31,01/31,23989.2725,30,09,0,null,829,0.2
2024-09-30,2024-09-30,2024,4,2024,3,Marketable,Floating Rate Notes,91282CGF2,2023-02-24,2025-01-31,null,null,0,04/30,07/31,10/31,01/31,22000.0933,30,09,0,null,830,0.16
2024-09-30,2024-09-30,2024,4,2024,3,Marketable,Floating Rate Notes,91282CGF2,2023-03-31,2025-01-31,null,null,0,04/30,07/31,10/31,01/31,21998.6091,30,09,0,null,831,0.19
2024-09-30,2024-09-30,2024,4,2024,3,Marketable,Floating Rate Notes,91282CGY1,2023-05-01,2025-04-30,null,70300.5912,0,07/31,10/31,01/31,04/30,26311.7291,30,09,0,null,832,0.169
2024-09-30,2024-09-30,2024,4,2024,3,Marketable,Floating Rate Notes,91282CGY1,2023-05-26,2025-04-30,null,null,0,07/31,10/31,01/31,04/30,21988.7956,30,09,0,null,833,0.17
2024-09-30,2024-09-30,2024,4,2024,3,Marketable,Floating Rate Notes,91282CGY1,2023-06-30,2025-04-30,null,null,0,07/31,10/31,01/31,04/30,22000.0665,30,09,0,null,834,0.134
2024-09-30,2024-09-30,2024,4,2024,3,Marketable,Floating Rate Notes,91282CHS3,2023-07-31,2025-07-31,null,71878.6427,0,10/31,01/31,04/30,07/31,23888.5451,30,09,0,null,835,0.125
2024-09-30,2024-09-30,2024,4,2024,3,Marketable,Floating Rate Notes,91282CHS3,2023-08-25,2025-07-31,null,null,0,10/31,01/31,04/30,07/31,23989.897,30,09,0,null,836,0.165
2024-09-30,2024-09-30,2024,4,2024,3,Marketable,Floating Rate Notes,91282CHS3,2023-09-29,2025-07-31,null,null,0,10/31,01/31,04/30,07/31,24000.2006,30,09,0,null,837,0.18
2024-09-30,2024-09-30,2024,4,2024,3,Marketable,Floating Rate Notes,91282CJD4,2023-10-31,2025-10-31,null,78000.2363,0,01/31,04/30,07/31,10/31,26000.0529,30,09,0,null,838,0.17
2024-09-30,2024-09-30,2024,4,2024,3,Marketable,Floating Rate Notes,91282CJD4,2023-11-24,2025-10-31,null,null,0,01/31,04/30,07/31,10/31,26000.0705,30,09,0,null,839,0.2
2024-09-30,2024-09-30,2024,4,2024,3,Marketable,Floating Rate Notes,91282CJD4,2023-12-29,2025-10-31,null,null,0,01/31,04/30,07/31,10/31,26000.1129,30,09,0,null,840,0.25
2024-09-30,2024-09-30,2024,4,2024,3,Marketable,Floating Rate Notes,91282CJU6,2024-01-31,2026-01-31,null,83999.8403,0,04/30,07/31,10/31,01/31,27999.8369,30,09,0,null,841,0.245
2024-09-30,2024-09-30,2024,4,2024,3,Marketable,Floating Rate Notes,91282CJU6,2024-02-23,2026-01-31,null,null,0,04/30,07/31,10/31,01/31,28000.5647,30,09,0,null,842,0.2
2024-09-30,2024-09-30,2024,4,2024,3,Marketable,Floating Rate Notes,91282CJU6,2024-04-01,2026-01-31,null,null,0,04/30,07/31,10/31,01/31,27999.4387,30,09,0,null,843,0.19
2024-09-30,2024-09-30,2024,4,2024,3,Marketable,Floating Rate Notes,91282CKM2,2024-04-30,2026-04-30,null,87795.7349,0,07/31,10/31,01/31,04/30,30133.7027,30,09,0,null,844,0.15
2024-09-30,2024-09-30,2024,4,2024,3,Marketable,Floating Rate Notes,91282CKM2,2024-05-31,2026-04-30,null,null,0,07/31,10/31,01/31,04/30,29662.468,30,09,0,null,845,0.139
2024-09-30,2024-09-30,2024,4,2024,3,Marketable,Floating Rate Notes,91282CKM2,2024-06-28,2026-04-30,null,null,0,07/31,10/31,01/31,04/30,27999.5642,30,09,0,null,846,0.155
2024-09-30,2024-09-30,2024,4,2024,3,Marketable,Floating Rate Notes,91282CLA7,2024-07-31,2026-07-31,null,87642.8484,0,10/31,01/31,04/30,07/31,31644.1041,30,09,0,null,847,0.182
2024-09-30,2024-09-30,2024,4,2024,3,Marketable,Floating Rate Notes,91282CLA7,2024-08-30,2026-07-31,null,null,0,10/31,01/31,04/30,07/31,27998.7436,30,09,0,null,848,0.235
2024-09-30,2024-09-30,2024,4,2024,3,Marketable,Floating Rate Notes,91282CLA7,2024-09-27,2026-07-31,null,null,0,10/31,01/31,04/30,07/31,28000.0007,30,09,0,null,849,0.261
2024-09-30,2024-09-30,2024,4,2024,3,Marketable,Floating Rate Notes,Total Treasury Floating Rate Notes,null,null,null,615578.116,0,null,null,null,null,615578.116,30,09,0,null,850,null
2024-09-30,2024-09-30,2024,4,2024,3,Marketable,Federal Financing Bank,null,null,null,null,4514.1241,0,null,null,null,null,4514.1241,30,09,0,null,851,null
2024-09-30,2024-09-30,2024,4,2024,3,Marketable,Total Marketable,null,null,null,null,27728337.4603614,386883.95606141,null,null,null,null,27397385.7043,30,09,-55932.2,null,852,null
2025-09-30,2025-09-30,2025,4,2025,3,Marketable,Bills Maturity Value,912797MS3,2024-10-03,2025-10-02,null,296632.4299,0,10/25,null,null,null,50980.5631,30,09,0,null,1,3.78
2025-09-30,2025-09-30,2025,4,2025,3,Marketable,Bills Maturity Value,912797MS3,2025-04-03,2025-10-02,null,null,0,10/25,null,null,null,72338.4505,30,09,0,null,2,4.07
2025-09-30,2025-09-30,2025,4,2025,3,Marketable,Bills Maturity Value,912797MS3,2025-07-03,2025-10-02,null,null,0,10/25,null,null,null,84326.6326,30,09,0,null,3,4.235
2025-09-30,2025-09-30,2025,4,2025,3,Marketable,Bills Maturity Value,912797MS3,2025-08-21,2025-10-02,null,null,0,10/25,null,null,null,88986.7837,30,09,0,null,4,4.245
2025-09-30,2025-09-30,2025,4,2025,3,Marketable,Bills Maturity Value,912797RB5,2025-06-10,2025-10-07,null,245735.6089,0,10/25,null,null,null,60238.4122,30,09,0,null,5,4.205
2025-09-30,2025-09-30,2025,4,2025,3,Marketable,Bills Maturity Value,912797RB5,2025-08-12,2025-10-07,null,null,0,10/25,null,null,null,85224.2759,30,09,0,null,6,4.235
2025-09-30,2025-09-30,2025,4,2025,3,Marketable,Bills Maturity Value,912797RB5,2025-09-09,2025-10-07,null,null,0,10/25,null,null,null,100272.9208,30,09,0,null,7,4.175
2025-09-30,2025-09-30,2025,4,2025,3,Marketable,Bills Maturity Value,912797QE0,2025-04-10,2025-10-09,null,247212.8605,0,10/25,null,null,null,71825.4325,30,09,0,null,8,4
2025-09-30,2025-09-30,2025,4,2025,3,Marketable,Bills Maturity Value,912797QE0,2025-07-10,2025-10-09,null,null,0,10/25,null,null,null,86703.8019,30,09,0,null,9,4.255
2025-09-30,2025-09-30,2025,4,2025,3,Marketable,Bills Maturity Value,912797QE0,2025-08-28,2025-10-09,null,null,0,10/25,null,null,null,88683.6261,30,09,0,null,10,4.21
2025-09-30,2025-09-30,2025,4,2025,3,Marketable,Bills Maturity Value,912797RC3,2025-06-17,2025-10-14,null,245729.6374,0,10/25,null,null,null,60229.8534,30,09,0,null,11,4.22
2025-09-30,2025-09-30,2025,4,2025,3,Marketable,Bills Maturity Value,912797RC3,2025-08-19,2025-10-14,null,null,0,10/25,null,null,null,85225.669,30,09,0,null,12,4.185
2025-09-30,2025-09-30,2025,4,2025,3,Marketable,Bills Maturity Value,912797RC3,2025-09-16,2025-10-14,null,null,0,10/25,null,null,null,100274.115,30,09,0,null,13,4.06
2025-09-30,2025-09-30,2025,4,2025,3,Marketable,Bills Maturity Value,912797QF7,2025-04-17,2025-10-16,null,243369.6916,0,10/25,null,null,null,71322.5381,30,09,0,null,14,4.06
2025-09-30,2025-09-30,2025,4,2025,3,Marketable,Bills Maturity Value,912797QF7,2025-07-17,2025-10-16,null,null,0,10/25,null,null,null,85341.9825,30,09,0,null,15,4.245
2025-09-30,2025-09-30,2025,4,2025,3,Marketable,Bills Maturity Value,912797QF7,2025-09-04,2025-10-16,null,null,0,10/25,null,null,null,86705.171,30,09,0,null,16,4.19
2025-09-30,2025-09-30,2025,4,2025,3,Marketable,Bills Maturity Value,912797RD1,2025-06-24,2025-10-21,null,245720.6578,0,10/25,null,null,null,60236.2957,30,09,0,null,17,4.235
2025-09-30,2025-09-30,2025,4,2025,3,Marketable,Bills Maturity Value,912797RD1,2025-08-26,2025-10-21,null,null,0,10/25,null,null,null,85230.5781,30,09,0,null,18,4.22
2025-09-30,2025-09-30,2025,4,2025,3,Marketable,Bills Maturity Value,912797RD1,2025-09-23,2025-10-21,null,null,0,10/25,null,null,null,100253.784,30,09,0,null,19,4.04
2025-09-30,2025-09-30,2025,4,2025,3,Marketable,Bills Maturity Value,912797QG5,2025-04-24,2025-10-23,null,243938.1346,0,10/25,null,null,null,70972.8047,30,09,0,null,20,4.05
2025-09-30,2025-09-30,2025,4,2025,3,Marketable,Bills Maturity Value,912797QG5,2025-07-24,2025-10-23,null,null,0,10/25,null,null,null,85147.5638,30,09,0,null,21,4.24
2025-09-30,2025-09-30,2025,4,2025,3,Marketable,Bills Maturity Value,912797QG5,2025-09-11,2025-10-23,null,null,0,10/25,null,null,null,87817.7661,30,09,0,null,22,4.09
2025-09-30,2025-09-30,2025,4,2025,3,Marketable,Bills Maturity Value,912797RE9,2025-07-01,2025-10-28,null,248772.9915,0,10/25,null,null,null,63264.3717,30,09,0,null,23,4.195
2025-09-30,2025-09-30,2025,4,2025,3,Marketable,Bills Maturity Value,912797RE9,2025-09-02,2025-10-28,null,null,0,10/25,null,null,null,85221.1572,30,09,0,null,24,4.145
2025-09-30,2025-09-30,2025,4,2025,3,Marketable,Bills Maturity Value,912797RE9,2025-09-30,2025-10-28,null,null,0,10/25,null,null,null,100287.4626,30,09,0,null,25,4.08
2025-09-30,2025-09-30,2025,4,2025,3,Marketable,Bills Maturity Value,912797NA1,2024-10-31,2025-10-30,null,300164.9136,0,10/25,null,null,null,52861.9916,30,09,0,null,26,4.1
2025-09-30,2025-09-30,2025,4,2025,3,Marketable,Bills Maturity Value,912797NA1,2025-05-01,2025-10-30,null,null,0,10/25,null,null,null,73021.8996,30,09,0,null,27,4.065
2025-09-30,2025-09-30,2025,4,2025,3,Marketable,Bills Maturity Value,912797NA1,2025-07-31,2025-10-30,null,null,0,10/25,null,null,null,86893.9195,30,09,0,null,28,4.235
2025-09-30,2025-09-30,2025,4,2025,3,Marketable,Bills Maturity Value,912797NA1,2025-09-18,2025-10-30,null,null,0,10/25,null,null,null,87387.1029,30,09,0,null,29,4.04
2025-09-30,2025-09-30,2025,4,2025,3,Marketable,Bills Maturity Value,912797RM1,2025-07-08,2025-11-04,null,150504.6688,0,11/25,null,null,null,65276.1597,30,09,0,null,30,4.185
2025-09-30,2025-09-30,2025,4,2025,3,Marketable,Bills Maturity Value,912797RM1,2025-09-09,2025-11-04,null,null,0,11/25,null,null,null,85228.5091,30,09,0,null,31,4.1
2025-09-30,2025-09-30,2025,4,2025,3,Marketable,Bills Maturity Value,912797QP5,2025-05-08,2025-11-06,null,247172.7822,0,11/25,null,null,null,72120.3535,30,09,0,null,32,4.09
2025-09-30,2025-09-30,2025,4,2025,3,Marketable,Bills Maturity Value,912797QP5,2025-08-07,2025-11-06,null,null,0,11/25,null,null,null,86573.4706,30,09,0,null,33,4.165
2025-09-30,2025-09-30,2025,4,2025,3,Marketable,Bills Maturity Value,912797QP5,2025-09-25,2025-11-06,null,null,0,11/25,null,null,null,88478.9581,30,09,0,null,34,4.01
2025-09-30,2025-09-30,2025,4,2025,3,Marketable,Bills Maturity Value,912797RN9,2025-07-15,2025-11-12,null,150452.0717,0,11/25,null,null,null,65209.9488,30,09,0,null,35,4.23
2025-09-30,2025-09-30,2025,4,2025,3,Marketable,Bills Maturity Value,912797RN9,2025-09-16,2025-11-12,null,null,0,11/25,null,null,null,85242.1229,30,09,0,null,36,4
2025-09-30,2025-09-30,2025,4,2025,3,Marketable,Bills Maturity Value,912797QQ3,2025-05-15,2025-11-13,null,161564.3191,0,11/25,null,null,null,73964.2021,30,09,0,null,37,4.105
2025-09-30,2025-09-30,2025,4,2025,3,Marketable,Bills Maturity Value,912797QQ3,2025-08-14,2025-11-13,null,null,0,11/25,null,null,null,87600.117,30,09,0,null,38,4.15
2025-09-30,2025-09-30,2025,4,2025,3,Marketable,Bills Maturity Value,912797RP4,2025-07-22,2025-11-18,null,150435.5334,0,11/25,null,null,null,65193.1245,30,09,0,null,39,4.23
2025-09-30,2025-09-30,2025,4,2025,3,Marketable,Bills Maturity Value,912797RP4,2025-09-23,2025-11-18,null,null,0,11/25,null,null,null,85242.4089,30,09,0,null,40,3.965
2025-09-30,2025-09-30,2025,4,2025,3,Marketable,Bills Maturity Value,912797QR1,2025-05-22,2025-11-20,null,158097.3049,0,11/25,null,null,null,72246.8543,30,09,0,null,41,4.14
2025-09-30,2025-09-30,2025,4,2025,3,Marketable,Bills Maturity Value,912797QR1,2025-08-21,2025-11-20,null,null,0,11/25,null,null,null,85850.4506,30,09,0,null,42,4.13
2025-09-30,2025-09-30,2025,4,2025,3,Marketable,Bills Maturity Value,912797RQ2,2025-07-29,2025-11-25,null,150428.5793,0,11/25,null,null,null,65185.383,30,09,0,null,43,4.225
2025-09-30,2025-09-30,2025,4,2025,3,Marketable,Bills Maturity Value,912797RQ2,2025-09-30,2025-11-25,null,null,0,11/25,null,null,null,85243.1963,30,09,0,null,44,4
2025-09-30,2025-09-30,2025,4,2025,3,Marketable,Bills Maturity Value,912797NL7,2024-11-29,2025-11-28,null,208702.2255,0,11/25,null,null,null,51319.9683,30,09,0,null,45,4.19
2025-09-30,2025-09-30,2025,4,2025,3,Marketable,Bills Maturity Value,912797NL7,2025-05-29,2025-11-28,null,null,0,11/25,null,null,null,71829.0341,30,09,0,null,46,4.16
2025-09-30,2025-09-30,2025,4,2025,3,Marketable,Bills Maturity Value,912797NL7,2025-08-28,2025-11-28,null,null,0,11/25,null,null,null,85553.2231,30,09,0,null,47,4.1
2025-09-30,2025-09-30,2025,4,2025,3,Marketable,Bills Maturity Value,912797RR0,2025-08-05,2025-12-02,null,65177.0686,0,12/25,null,null,null,65177.0686,30,09,0,null,48,4.21
2025-09-30,2025-09-30,2025,4,2025,3,Marketable,Bills Maturity Value,912797QS9,2025-06-05,2025-12-04,null,153122.4653,0,12/25,null,null,null,69472.8442,30,09,0,null,49,4.15
2025-09-30,2025-09-30,2025,4,2025,3,Marketable,Bills Maturity Value,912797QS9,2025-09-04,2025-12-04,null,null,0,12/25,null,null,null,83649.6211,30,09,0,null,50,4.045
2025-09-30,2025-09-30,2025,4,2025,3,Marketable,Bills Maturity Value,912797RW9,2025-08-12,2025-12-09,null,65174.3762,0,12/25,null,null,null,65174.3762,30,09,0,null,51,4.105
2025-09-30,2025-09-30,2025,4,2025,3,Marketable,Bills Maturity Value,912797QY6,2025-06-12,2025-12-11,null,154931.9918,0,12/25,null,null,null,70220.4987,30,09,0,null,52,4.15
2025-09-30,2025-09-30,2025,4,2025,3,Marketable,Bills Maturity Value,912797QY6,2025-09-11,2025-12-11,null,null,0,12/25,null,null,null,84711.4931,30,09,0,null,53,3.94
2025-09-30,2025-09-30,2025,4,2025,3,Marketable,Bills Maturity Value,912797RX7,2025-08-19,2025-12-16,null,65172.6542,0,12/25,null,null,null,65172.6542,30,09,0,null,54,4.05
2025-09-30,2025-09-30,2025,4,2025,3,Marketable,Bills Maturity Value,912797QZ3,2025-06-20,2025-12-18,null,153928.5586,0,12/25,null,null,null,69623.8155,30,09,0,null,55,4.155
2025-09-30,2025-09-30,2025,4,2025,3,Marketable,Bills Maturity Value,912797QZ3,2025-09-18,2025-12-18,null,null,0,12/25,null,null,null,84304.7431,30,09,0,null,56,3.905
2025-09-30,2025-09-30,2025,4,2025,3,Marketable,Bills Maturity Value,912797RY5,2025-08-26,2025-12-23,null,65172.2876,0,12/25,null,null,null,65172.2876,30,09,0,null,57,4.05
2025-09-30,2025-09-30,2025,4,2025,3,Marketable,Bills Maturity Value,912797NU7,2024-12-26,2025-12-26,null,205168.2394,0,12/25,null,null,null,48938.2942,30,09,0,null,58,4.07
2025-09-30,2025-09-30,2025,4,2025,3,Marketable,Bills Maturity Value,912797NU7,2025-06-26,2025-12-26,null,null,0,12/25,null,null,null,70881.0998,30,09,0,null,59,4.12
2025-09-30,2025-09-30,2025,4,2025,3,Marketable,Bills Maturity Value,912797NU7,2025-09-25,2025-12-26,null,null,0,12/25,null,null,null,85348.8454,30,09,0,null,60,3.86
2025-09-30,2025-09-30,2025,4,2025,3,Marketable,Bills Maturity Value,912797RZ2,2025-09-02,2025-12-30,null,65170.5243,0,12/25,null,null,null,65170.5243,30,09,0,null,61,4.02
2025-09-30,2025-09-30,2025,4,2025,3,Marketable,Bills Maturity Value,912797RA7,2025-07-03,2026-01-02,null,75772.268,0,01/26,null,null,null,75772.268,30,09,0,null,62,4.11
2025-09-30,2025-09-30,2025,4,2025,3,Marketable,Bills Maturity Value,912797SE8,2025-09-09,2026-01-06,null,65182.5483,0,01/26,null,null,null,65182.5483,30,09,0,null,63,3.965
2025-09-30,2025-09-30,2025,4,2025,3,Marketable,Bills Maturity Value,912797RH2,2025-07-10,2026-01-08,null,77192.4347,0,01/26,null,null,null,77192.4347,30,09,0,null,64,4.145
2025-09-30,2025-09-30,2025,4,2025,3,Marketable,Bills Maturity Value,912797SF5,2025-09-16,2026-01-13,null,65191.94,0,01/26,null,null,null,65191.94,30,09,0,null,65,3.85
2025-09-30,2025-09-30,2025,4,2025,3,Marketable,Bills Maturity Value,912797RJ8,2025-07-17,2026-01-15,null,75973.6251,0,01/26,null,null,null,75973.6251,30,09,0,null,66,4.125
2025-09-30,2025-09-30,2025,4,2025,3,Marketable,Bills Maturity Value,912797SG3,2025-09-23,2026-01-20,null,65183.4445,0,01/26,null,null,null,65183.4445,30,09,0,null,67,3.815
2025-09-30,2025-09-30,2025,4,2025,3,Marketable,Bills Maturity Value,912797PD3,2025-01-23,2026-01-22,null,126422.2088,0,01/26,null,null,null,50617.765,30,09,0,null,68,4.025
2025-09-30,2025-09-30,2025,4,2025,3,Marketable,Bills Maturity Value,912797PD3,2025-07-24,2026-01-22,null,null,0,01/26,null,null,null,75804.4438,30,09,0,null,69,4.115
2025-09-30,2025-09-30,2025,4,2025,3,Marketable,Bills Maturity Value,912797SH1,2025-09-30,2026-01-27,null,65186.3693,0,01/26,null,null,null,65186.3693,30,09,0,null,70,3.805
2025-09-30,2025-09-30,2025,4,2025,3,Marketable,Bills Maturity Value,912797RK5,2025-07-31,2026-01-29,null,77355.9507,0,01/26,null,null,null,77355.9507,30,09,0,null,71,4.12
2025-09-30,2025-09-30,2025,4,2025,3,Marketable,Bills Maturity Value,912797RL3,2025-08-07,2026-02-05,null,77073.5005,0,02/26,null,null,null,77073.5005,30,09,0,null,72,3.98
2025-09-30,2025-09-30,2025,4,2025,3,Marketable,Bills Maturity Value,912797RT6,2025-08-14,2026-02-12,null,77987.045,0,02/26,null,null,null,77987.045,30,09,0,null,73,3.97
2025-09-30,2025-09-30,2025,4,2025,3,Marketable,Bills Maturity Value,912797PM3,2025-02-20,2026-02-19,null,126928.4396,0,02/26,null,null,null,50502.5172,30,09,0,null,74,4.05
2025-09-30,2025-09-30,2025,4,2025,3,Marketable,Bills Maturity Value,912797PM3,2025-08-21,2026-02-19,null,null,0,02/26,null,null,null,76425.9224,30,09,0,null,75,3.945
2025-09-30,2025-09-30,2025,4,2025,3,Marketable,Bills Maturity Value,912797RU3,2025-08-28,2026-02-26,null,76161.5269,0,02/26,null,null,null,76161.5269,30,09,0,null,76,3.915
2025-09-30,2025-09-30,2025,4,2025,3,Marketable,Bills Maturity Value,912797RV1,2025-09-04,2026-03-05,null,74460.4725,0,03/26,null,null,null,74460.4725,30,09,0,null,77,3.88
2025-09-30,2025-09-30,2025,4,2025,3,Marketable,Bills Maturity Value,912797SB4,2025-09-11,2026-03-12,null,75401.8624,0,03/26,null,null,null,75401.8624,30,09,0,null,78,3.73
2025-09-30,2025-09-30,2025,4,2025,3,Marketable,Bills Maturity Value,912797PV3,2025-03-20,2026-03-19,null,123151.665,0,03/26,null,null,null,48116.9158,30,09,0,null,79,3.945
2025-09-30,2025-09-30,2025,4,2025,3,Marketable,Bills Maturity Value,912797PV3,2025-09-18,2026-03-19,null,null,0,03/26,null,null,null,75034.7492,30,09,0,null,80,3.715
2025-09-30,2025-09-30,2025,4,2025,3,Marketable,Bills Maturity Value,912797SC2,2025-09-25,2026-03-26,null,75986.9982,0,03/26,null,null,null,75986.9982,30,09,0,null,81,3.705
2025-09-30,2025-09-30,2025,4,2025,3,Marketable,Bills Maturity Value,912797QD2,2025-04-17,2026-04-16,null,50348.8793,0,04/26,null,null,null,50348.8793,30,09,0,null,82,3.82
2025-09-30,2025-09-30,2025,4,2025,3,Marketable,Bills Maturity Value,912797QN0,2025-05-15,2026-05-14,null,52208.6367,0,05/26,null,null,null,52208.6367,30,09,0,null,83,3.93
2025-09-30,2025-09-30,2025,4,2025,3,Marketable,Bills Maturity Value,912797QX8,2025-06-12,2026-06-11,null,49568.0537,0,06/26,null,null,null,49568.0537,30,09,0,null,84,3.94
2025-09-30,2025-09-30,2025,4,2025,3,Marketable,Bills Maturity Value,912797RF6,2025-07-10,2026-07-09,null,52869.5375,0,07/26,null,null,null,52869.5375,30,09,0,null,85,3.925
2025-09-30,2025-09-30,2025,4,2025,3,Marketable,Bills Maturity Value,912797RG4,2025-08-07,2026-08-06,null,52785.6995,0,08/26,null,null,null,52785.6995,30,09,0,null,86,3.76
2025-09-30,2025-09-30,2025,4,2025,3,Marketable,Bills Maturity Value,912797RS8,2025-09-04,2026-09-03,null,50998.9522,0,09/26,null,null,null,50998.9522,30,09,0,null,87,3.66
2025-09-30,2025-09-30,2025,4,2025,3,Marketable,Bills Maturity Value,Total Unmatured Treasury Bills,null,null,null,6397044.6351,0,null,null,null,null,6397044.6351,30,09,0,null,88,null
2025-09-30,2025-09-30,2025,4,2025,3,Marketable,Bills Maturity Value,Total Matured Treasury Bills,null,null,null,*,0,null,null,null,null,*,30,09,0,null,89,null
2025-09-30,2025-09-30,2025,4,2025,3,Marketable,Bills Maturity Value,Total Treasury Bills,null,null,null,6397045.0501,0,null,null,null,null,6397045.0501,30,09,0,null,90,null
2025-09-30,2025-09-30,2025,4,2025,3,Marketable,Notes,91282CFP1,2022-10-17,2025-10-15,4.25,39646.2765,0,04/15,10/15,null,null,39997.2765,30,09,-351,null,91,4.318
2025-09-30,2025-09-30,2025,4,2025,3,Marketable,Notes,9128285J5,2018-10-31,2025-10-31,3,29468.9987,0,04/30,10/31,null,null,30999.9987,30,09,-1531,null,92,3.074
2025-09-30,2025-09-30,2025,4,2025,3,Marketable,Notes,91282CAT8,2020-11-02,2025-10-31,0.25,58467.976,0,04/30,10/31,null,null,60834.976,30,09,-2367,null,93,0.33
2025-09-30,2025-09-30,2025,4,2025,3,Marketable,Notes,91282CJE2,2023-10-31,2025-10-31,5,46529.3822,0,04/30,10/31,null,null,50995.3822,30,09,-4466,null,94,5.055
2025-09-30,2025-09-30,2025,4,2025,3,Marketable,Notes,912828M56,2015-11-16,2025-11-15,2.25,66046.8194,0,05/15,11/15,null,null,24122.0698,30,09,0,null,95,2.304
2025-09-30,2025-09-30,2025,4,2025,3,Marketable,Notes,912828M56,2015-12-15,2025-11-15,2.25,null,0,05/15,11/15,null,null,21000.1102,30,09,0,null,96,2.233
2025-09-30,2025-09-30,2025,4,2025,3,Marketable,Notes,912828M56,2016-01-15,2025-11-15,2.25,null,0,05/15,11/15,null,null,20998.6394,30,09,-74,null,97,2.09
2025-09-30,2025-09-30,2025,4,2025,3,Marketable,Notes,91282CFW6,2022-11-15,2025-11-15,4.5,53966.6375,0,05/15,11/15,null,null,54026.6375,30,09,-60,null,98,4.605
2025-09-30,2025-09-30,2025,4,2025,3,Marketable,Notes,9128285N6,2018-11-30,2025-11-30,2.875,31217.1908,0,05/31,11/30,null,null,34809.1908,30,09,-3592,null,99,2.974
2025-09-30,2025-09-30,2025,4,2025,3,Marketable,Notes,91282CAZ4,2020-11-30,2025-11-30,0.375,61105.5887,0,05/31,11/30,null,null,64907.5887,30,09,-3802,null,100,0.397
2025-09-30,2025-09-30,2025,4,2025,3,Marketable,Notes,91282CJL6,2023-11-30,2025-11-30,4.875,48233.5654,0,05/31,11/30,null,null,54625.5654,30,09,-6392,null,101,4.887
2025-09-30,2025-09-30,2025,4,2025,3,Marketable,Notes,91282CGA3,2022-12-15,2025-12-15,4,39998.8552,0,06/15,12/15,null,null,39998.8552,30,09,0,null,102,4.093
2025-09-30,2025-09-30,2025,4,2025,3,Marketable,Notes,9128285T3,2018-12-31,2025-12-31,2.625,31996.157,0,06/30,12/31,null,null,32000.157,30,09,-4,null,103,2.68
2025-09-30,2025-09-30,2025,4,2025,3,Marketable,Notes,91282CBC4,2020-12-31,2025-12-31,0.375,67876.5429,0,06/30,12/31,null,null,67976.5429,30,09,-100,null,104,0.394
2025-09-30,2025-09-30,2025,4,2025,3,Marketable,Notes,91282CJS1,2024-01-02,2025-12-31,4.25,55264.4086,0,06/30,12/31,null,null,56996.4086,30,09,-1732,null,105,4.314
2025-09-30,2025-09-30,2025,4,2025,3,Marketable,Notes,91282CGE5,2023-01-17,2026-01-15,3.875,39998.0822,0,07/15,01/15,null,null,39998.0822,30,09,0,null,106,3.977
2025-09-30,2025-09-30,2025,4,2025,3,Marketable,Notes,9128286A3,2019-01-31,2026-01-31,2.625,31000.1042,0,07/31,01/31,null,null,32000.1042,30,09,-1000,null,107,2.625
2025-09-30,2025-09-30,2025,4,2025,3,Marketable,Notes,91282CBH3,2021-02-01,2026-01-31,0.375,67871.7058,0,07/31,01/31,null,null,69244.7058,30,09,-1373,null,108,0.424
2025-09-30,2025-09-30,2025,4,2025,3,Marketable,Notes,91282CJV4,2024-01-31,2026-01-31,4.25,58968.4581,0,07/31,01/31,null,null,59997.4581,30,09,-1029,null,109,4.365
2025-09-30,2025-09-30,2025,4,2025,3,Marketable,Notes,912828P46,2016-02-16,2026-02-15,1.625,61486.6599,0,08/15,02/15,null,null,24805.84,30,09,0,null,110,1.73
2025-09-30,2025-09-30,2025,4,2025,3,Marketable,Notes,912828P46,2016-03-15,2026-02-15,1.625,null,0,08/15,02/15,null,null,20000.0618,30,09,0,null,111,1.895
2025-09-30,2025-09-30,2025,4,2025,3,Marketable,Notes,912828P46,2016-04-15,2026-02-15,1.625,null,0,08/15,02/15,null,null,20140.7581,30,09,-3460,null,112,1.765
2025-09-30,2025-09-30,2025,4,2025,3,Marketable,Notes,91282CGL9,2023-02-15,2026-02-15,4,51298.5862,0,08/15,02/15,null,null,55630.5862,30,09,-4332,null,113,4.073
2025-09-30,2025-09-30,2025,4,2025,3,Marketable,Notes,9128286F2,2019-02-28,2026-02-28,2.5,33171.1011,0,08/31,02/29,null,null,33540.1011,30,09,-369,null,114,2.538
2025-09-30,2025-09-30,2025,4,2025,3,Marketable,Notes,91282CBQ3,2021-03-01,2026-02-28,0.5,67693.4683,0,08/31,02/28,null,null,74214.4683,30,09,-6521,null,115,0.621
2025-09-30,2025-09-30,2025,4,2025,3,Marketable,Notes,91282CKB6,2024-02-29,2026-02-28,4.625,63086.7575,0,08/31,02/28,null,null,65724.7575,30,09,-2638,null,116,4.691
2025-09-30,2025-09-30,2025,4,2025,3,Marketable,Notes,91282CGR6,2023-03-15,2026-03-15,4.625,37756.9487,0,09/15,03/15,null,null,39999.9487,30,09,-2243,null,117,4.635
2025-09-30,2025-09-30,2025,4,2025,3,Marketable,Notes,9128286L9,2019-04-01,2026-03-31,2.25,31769.9707,0,09/30,03/31,null,null,31999.9707,30,09,-230,null,118,2.281
2025-09-30,2025-09-30,2025,4,2025,3,Marketable,Notes,91282CBT7,2021-03-31,2026-03-31,0.75,67088.7456,0,09/30,03/31,null,null,71953.7456,30,09,-4865,null,119,0.85
2025-09-30,2025-09-30,2025,4,2025,3,Marketable,Notes,91282CKH3,2024-04-01,2026-03-31,4.5,62052.03,0,09/30,03/31,null,null,65989.03,30,09,-3937,null,120,4.595
2025-09-30,2025-09-30,2025,4,2025,3,Marketable,Notes,91282CGV7,2023-04-17,2026-04-15,3.75,42518.5822,0,10/15,04/15,null,null,42543.5822,30,09,-25,null,121,3.81
2025-09-30,2025-09-30,2025,4,2025,3,Marketable,Notes,9128286S4,2019-04-30,2026-04-30,2.375,32382.2418,0,10/31,04/30,null,null,32408.2418,30,09,-26,null,122,2.426
2025-09-30,2025-09-30,2025,4,2025,3,Marketable,Notes,91282CKK6,2024-04-30,2026-04-30,4.875,69309.8907,0,10/31,04/30,null,null,69309.8907,30,09,0,null,123,4.898
2025-09-30,2025-09-30,2025,4,2025,3,Marketable,Notes,91282CBW0,2021-04-30,2026-04-30,0.75,72148.3797,0,10/31,04/30,null,null,72649.3797,30,09,-501,null,124,0.849
2025-09-30,2025-09-30,2025,4,2025,3,Marketable,Notes,912828R36,2016-05-16,2026-05-15,1.625,66871.7591,0,11/15,05/15,null,null,28201.0181,30,09,0,null,125,1.71
2025-09-30,2025-09-30,2025,4,2025,3,Marketable,Notes,912828R36,2016-06-15,2026-05-15,1.625,null,0,11/15,05/15,null,null,20000.0406,30,09,0,null,126,1.702
2025-09-30,2025-09-30,2025,4,2025,3,Marketable,Notes,912828R36,2016-07-15,2026-05-15,1.625,null,0,11/15,05/15,null,null,21302.7004,30,09,-2632,null,127,1.516
2025-09-30,2025-09-30,2025,4,2025,3,Marketable,Notes,91282CHB0,2023-05-15,2026-05-15,3.625,46337.822,0,11/15,05/15,null,null,50887.822,30,09,-4550,null,128,3.695
2025-09-30,2025-09-30,2025,4,2025,3,Marketable,Notes,9128286X3,2019-05-31,2026-05-31,2.125,34547.5669,0,11/30,05/31,null,null,35361.5669,30,09,-814,null,129,2.144
2025-09-30,2025-09-30,2025,4,2025,3,Marketable,Notes,91282CCF6,2021-06-01,2026-05-31,0.75,65231.141,0,11/30,05/31,null,null,72840.141,30,09,-7609,null,130,0.788
2025-09-30,2025-09-30,2025,4,2025,3,Marketable,Notes,91282CKS9,2024-05-31,2026-05-31,4.875,71425.4896,0,11/30,05/31,null,null,73094.4896,30,09,-1669,null,131,4.917
2025-09-30,2025-09-30,2025,4,2025,3,Marketable,Notes,91282CHH7,2023-06-15,2026-06-15,4.125,39999.4623,0,12/15,06/15,null,null,39999.4623,30,09,0,null,132,4.202
2025-09-30,2025-09-30,2025,4,2025,3,Marketable,Notes,9128287B0,2019-07-01,2026-06-30,1.875,33828.1221,0,12/31,06/30,null,null,33828.1221,30,09,0,null,133,1.889
2025-09-30,2025-09-30,2025,4,2025,3,Marketable,Notes,91282CCJ8,2021-06-30,2026-06-30,0.875,70259.2718,0,12/31,06/30,null,null,70259.2718,30,09,0,null,134,0.904
2025-09-30,2025-09-30,2025,4,2025,3,Marketable,Notes,91282CKY6,2024-07-01,2026-06-30,4.625,71382.4457,0,12/31,06/30,null,null,71392.4457,30,09,-10,null,135,4.706
2025-09-30,2025-09-30,2025,4,2025,3,Marketable,Notes,91282CHM6,2023-07-17,2026-07-15,4.5,38644.024,0,01/15,07/15,null,null,40000.024,30,09,-1356,null,136,4.534
2025-09-30,2025-09-30,2025,4,2025,3,Marketable,Notes,912828Y95,2019-07-31,2026-07-31,1.875,31462.1323,0,01/31,07/31,null,null,33271.1323,30,09,-1809,null,137,1.967
2025-09-30,2025-09-30,2025,4,2025,3,Marketable,Notes,91282CCP4,2021-08-02,2026-07-31,0.625,64125.5919,0,01/31,07/31,null,null,66841.5919,30,09,-2716,null,138,0.71
2025-09-30,2025-09-30,2025,4,2025,3,Marketable,Notes,91282CLB5,2024-07-31,2026-07-31,4.375,67780.8883,0,01/31,07/31,null,null,72782.8883,30,09,-5002,null,139,4.434
2025-09-30,2025-09-30,2025,4,2025,3,Marketable,Notes,9128282A7,2016-08-15,2026-08-15,1.5,64404.2405,0,02/15,08/15,null,null,25355.9764,30,09,0,null,140,1.503
2025-09-30,2025-09-30,2025,4,2025,3,Marketable,Notes,9128282A7,2016-09-15,2026-08-15,1.5,null,0,02/15,08/15,null,null,20000.043,30,09,0,null,141,1.699
2025-09-30,2025-09-30,2025,4,2025,3,Marketable,Notes,9128282A7,2016-10-17,2026-08-15,1.5,null,0,02/15,08/15,null,null,20000.2211,30,09,-952,null,142,1.793
2025-09-30,2025-09-30,2025,4,2025,3,Marketable,Notes,91282CHU8,2023-08-15,2026-08-15,4.375,57117.848,0,02/15,08/15,null,null,57701.848,30,09,-584,null,143,4.398
2025-09-30,2025-09-30,2025,4,2025,3,Marketable,Notes,912828YD6,2019-09-03,2026-08-31,1.375,35591.3821,0,02/29,08/31,null,null,36155.3821,30,09,-564,null,144,1.489
2025-09-30,2025-09-30,2025,4,2025,3,Marketable,Notes,91282CCW9,2021-08-31,2026-08-31,0.75,65452.147,0,02/28,08/31,null,null,68664.147,30,09,-3212,null,145,0.831
2025-09-30,2025-09-30,2025,4,2025,3,Marketable,Notes,91282CLH2,2024-09-03,2026-08-31,3.75,73711.6428,0,02/28,08/31,null,null,74480.6428,30,09,-769,null,146,3.874
2025-09-30,2025-09-30,2025,4,2025,3,Marketable,Notes,91282CHY0,2023-09-15,2026-09-15,4.625,43081.6988,0,03/15,09/15,null,null,43999.6988,30,09,-918,null,147,4.66
2025-09-30,2025-09-30,2025,4,2025,3,Marketable,Notes,912828YG9,2019-09-30,2026-09-30,1.625,35324.2104,0,03/31,09/30,null,null,35324.2104,30,09,0,null,148,1.633
2025-09-30,2025-09-30,2025,4,2025,3,Marketable,Notes,91282CCZ2,2021-09-30,2026-09-30,0.875,68246.4253,0,03/31,09/30,null,null,68346.4253,30,09,-100,null,149,0.99
2025-09-30,2025-09-30,2025,4,2025,3,Marketable,Notes,91282CLP4,2024-09-30,2026-09-30,3.5,70422.9585,0,03/31,09/30,null,null,70422.9585,30,09,0,null,150,3.52
2025-09-30,2025-09-30,2025,4,2025,3,Marketable,Notes,91282CJC6,2023-10-16,2026-10-15,4.625,45349.8115,0,04/15,10/15,null,null,45999.8115,30,09,-650,null,151,4.74
2025-09-30,2025-09-30,2025,4,2025,3,Marketable,Notes,912828YQ7,2019-10-31,2026-10-31,1.625,34982.6666,0,04/30,10/31,null,null,35345.6666,30,09,-363,null,152,1.657
2025-09-30,2025-09-30,2025,4,2025,3,Marketable,Notes,91282CDG3,2021-11-01,2026-10-31,1.125,66747.6911,0,04/30,10/31,null,null,67201.6911,30,09,-454,null,153,1.157
2025-09-30,2025-09-30,2025,4,2025,3,Marketable,Notes,91282CLS8,2024-10-31,2026-10-31,4.125,70157.3418,0,04/30,10/31,null,null,70157.3418,30,09,0,null,154,4.13
2025-09-30,2025-09-30,2025,4,2025,3,Marketable,Notes,912828U24,2016-11-15,2026-11-15,2,67978.5749,0,05/15,11/15,null,null,28035.2779,30,09,0,null,155,2.02
2025-09-30,2025-09-30,2025,4,2025,3,Marketable,Notes,912828U24,2016-12-15,2026-11-15,2,null,0,05/15,11/15,null,null,20000.0197,30,09,0,null,156,2.485
2025-09-30,2025-09-30,2025,4,2025,3,Marketable,Notes,912828U24,2017-01-17,2026-11-15,2,null,0,05/15,11/15,null,null,21107.2773,30,09,-1164,null,157,2.342
2025-09-30,2025-09-30,2025,4,2025,3,Marketable,Notes,91282CJK8,2023-11-15,2026-11-15,4.625,48791.4001,0,05/15,11/15,null,null,48910.4001,30,09,-119,null,158,4.701
2025-09-30,2025-09-30,2025,4,2025,3,Marketable,Notes,912828YU8,2019-12-02,2026-11-30,1.625,33632.4881,0,05/31,11/30,null,null,34540.4881,30,09,-908,null,159,1.719
2025-09-30,2025-09-30,2025,4,2025,3,Marketable,Notes,91282CDK4,2021-11-30,2026-11-30,1.25,62649.0424,0,05/31,11/30,null,null,63863.0424,30,09,-1214,null,160,1.319
2025-09-30,2025-09-30,2025,4,2025,3,Marketable,Notes,91282CLY5,2024-12-02,2026-11-30,4.25,73148.7907,0,05/31,11/30,null,null,73688.7907,30,09,-540,null,161,4.274
2025-09-30,2025-09-30,2025,4,2025,3,Marketable,Notes,91282CJP7,2023-12-15,2026-12-15,4.375,49998.6465,0,06/15,12/15,null,null,49998.6465,30,09,0,null,162,4.49
2025-09-30,2025-09-30,2025,4,2025,3,Marketable,Notes,912828YX2,2019-12-31,2026-12-31,1.75,35011.7014,0,06/30,12/31,null,null,35011.7014,30,09,0,null,163,1.835
2025-09-30,2025-09-30,2025,4,2025,3,Marketable,Notes,91282CDQ1,2021-12-31,2026-12-31,1.25,63499.1915,0,06/30,12/31,null,null,64744.1915,30,09,-1245,null,164,1.263
2025-09-30,2025-09-30,2025,4,2025,3,Marketable,Notes,91282CME8,2024-12-31,2026-12-31,4.25,69666.3664,0,06/30,12/31,null,null,69666.3664,30,09,0,null,165,4.335
2025-09-30,2025-09-30,2025,4,2025,3,Marketable,Notes,91282CJT9,2024-01-16,2027-01-15,4,51194.7476,0,07/15,01/15,null,null,51997.7476,30,09,-803,null,166,4.105
2025-09-30,2025-09-30,2025,4,2025,3,Marketable,Notes,912828Z78,2020-01-31,2027-01-31,1.5,98325.8406,0,07/31,01/31,null,null,35304.3009,30,09,0,null,167,1.57
2025-09-30,2025-09-30,2025,4,2025,3,Marketable,Notes,912828Z78,2022-01-31,2027-01-31,1.5,null,0,07/31,01/31,null,null,63220.5397,30,09,-199,null,168,1.533
2025-09-30,2025-09-30,2025,4,2025,3,Marketable,Notes,91282CMH1,2025-01-31,2027-01-31,4.125,72826.7807,0,07/31,01/31,null,null,72826.7807,30,09,0,null,169,4.211
2025-09-30,2025-09-30,2025,4,2025,3,Marketable,Notes,912828V98,2017-02-15,2027-02-15,2.25,64537.8684,0,08/15,02/15,null,null,25655.7885,30,09,0,null,170,2.333
2025-09-30,2025-09-30,2025,4,2025,3,Marketable,Notes,912828V98,2017-03-15,2027-02-15,2.25,null,0,08/15,02/15,null,null,20000.7616,30,09,0,null,171,2.56
2025-09-30,2025-09-30,2025,4,2025,3,Marketable,Notes,912828V98,2017-04-17,2027-02-15,2.25,null,0,08/15,02/15,null,null,20164.3183,30,09,-1283,null,172,2.332
2025-09-30,2025-09-30,2025,4,2025,3,Marketable,Notes,91282CKA8,2024-02-15,2027-02-15,4.125,57117.441,0,08/15,02/15,null,null,57993.441,30,09,-876,null,173,4.169
2025-09-30,2025-09-30,2025,4,2025,3,Marketable,Notes,912828ZB9,2020-03-02,2027-02-28,1.125,36836.3239,0,08/31,02/28,null,null,36836.3239,30,09,0,null,174,1.247
2025-09-30,2025-09-30,2025,4,2025,3,Marketable,Notes,91282CEC1,2022-02-28,2027-02-28,1.875,59614.7848,0,08/31,02/28,null,null,62079.7848,30,09,-2465,null,175,1.88
2025-09-30,2025-09-30,2025,4,2025,3,Marketable,Notes,91282CMP3,2025-02-28,2027-02-28,4.125,75951.3569,0,08/31,02/28,null,null,75951.3569,30,09,0,null,176,4.169
2025-09-30,2025-09-30,2025,4,2025,3,Marketable,Notes,91282CKE0,2024-03-15,2027-03-15,4.25,55446.8667,0,09/15,03/15,null,null,55999.8667,30,09,-553,null,177,4.256
2025-09-30,2025-09-30,2025,4,2025,3,Marketable,Notes,912828ZE3,2020-03-31,2027-03-31,0.625,35888.5047,0,09/30,03/31,null,null,36302.5047,30,09,-414,null,178,0.68
2025-09-30,2025-09-30,2025,4,2025,3,Marketable,Notes,91282CEF4,2022-03-31,2027-03-31,2.5,60444.7113,0,09/30,03/31,null,null,60494.7113,30,09,-50,null,179,2.543
2025-09-30,2025-09-30,2025,4,2025,3,Marketable,Notes,91282CMV0,2025-03-31,2027-03-31,3.875,71035.1968,0,09/30,03/31,null,null,71035.1968,30,09,0,null,180,3.984
2025-09-30,2025-09-30,2025,4,2025,3,Marketable,Notes,91282CKJ9,2024-04-15,2027-04-15,4.5,58951.2958,0,10/15,04/15,null,null,58951.2958,30,09,0,null,181,4.548
2025-09-30,2025-09-30,2025,4,2025,3,Marketable,Notes,912828ZN3,2020-04-30,2027-04-30,0.5,37218.5902,0,10/31,04/30,null,null,38039.5902,30,09,-821,null,182,0.525
2025-09-30,2025-09-30,2025,4,2025,3,Marketable,Notes,91282CEN7,2022-05-02,2027-04-30,2.75,55033.8757,0,10/31,04/30,null,null,55793.8757,30,09,-760,null,183,2.785
2025-09-30,2025-09-30,2025,4,2025,3,Marketable,Notes,91282CMY4,2025-04-30,2027-04-30,3.75,73718.2948,0,10/31,04/30,null,null,73718.2948,30,09,0,null,184,3.795
2025-09-30,2025-09-30,2025,4,2025,3,Marketable,Notes,912828X88,2017-05-15,2027-05-15,2.375,69638.2206,0,11/15,05/15,null,null,30593.7355,30,09,0,null,185,2.4
2025-09-30,2025-09-30,2025,4,2025,3,Marketable,Notes,912828X88,2017-06-15,2027-05-15,2.375,null,0,11/15,05/15,null,null,19999.9223,30,09,0,null,186,2.195
2025-09-30,2025-09-30,2025,4,2025,3,Marketable,Notes,912828X88,2017-07-17,2027-05-15,2.375,null,0,11/15,05/15,null,null,20456.5628,30,09,-1412,null,187,2.325
2025-09-30,2025-09-30,2025,4,2025,3,Marketable,Notes,91282CKR1,2024-05-15,2027-05-15,4.5,64790.0435,0,11/15,05/15,null,null,65289.0435,30,09,-499,null,188,4.605
2025-09-30,2025-09-30,2025,4,2025,3,Marketable,Notes,912828ZS2,2020-06-01,2027-05-31,0.5,41974.3545,0,11/30,05/31,null,null,41989.3545,30,09,-15,null,189,0.553
2025-09-30,2025-09-30,2025,4,2025,3,Marketable,Notes,91282CET4,2022-05-31,2027-05-31,2.625,55040.6122,0,11/30,05/31,null,null,55215.6122,30,09,-175,null,190,2.736
2025-09-30,2025-09-30,2025,4,2025,3,Marketable,Notes,91282CNE7,2025-06-02,2027-05-31,3.875,78439.7757,0,11/30,05/31,null,null,78439.7757,30,09,0,null,191,3.955
2025-09-30,2025-09-30,2025,4,2025,3,Marketable,Notes,91282CKV2,2024-06-17,2027-06-15,4.625,59875.6033,0,12/15,06/15,null,null,59875.6033,30,09,0,null,192,4.659
2025-09-30,2025-09-30,2025,4,2025,3,Marketable,Notes,912828ZV5,2020-06-30,2027-06-30,0.5,45951.7319,0,12/31,06/30,null,null,46607.7319,30,09,-656,null,193,0.511
2025-09-30,2025-09-30,2025,4,2025,3,Marketable,Notes,91282CEW7,2022-06-30,2027-06-30,3.25,50592.5718,0,12/31,06/30,null,null,50592.5718,30,09,0,null,194,3.271
2025-09-30,2025-09-30,2025,4,2025,3,Marketable,Notes,91282CNL1,2025-06-30,2027-06-30,3.75,75863.4307,0,12/31,06/30,null,null,75863.4307,30,09,0,null,195,3.786
2025-09-30,2025-09-30,2025,4,2025,3,Marketable,Notes,91282CKZ3,2024-07-15,2027-07-15,4.375,67018.2779,0,01/15,07/15,null,null,67413.2779,30,09,-395,null,196,4.399
2025-09-30,2025-09-30,2025,4,2025,3,Marketable,Notes,91282CAD3,2020-07-31,2027-07-31,0.375,48738.1011,0,01/31,07/31,null,null,49000.1011,30,09,-262,null,197,0.446
2025-09-30,2025-09-30,2025,4,2025,3,Marketable,Notes,91282CFB2,2022-08-01,2027-07-31,2.75,49770.6782,0,01/31,07/31,null,null,49990.6782,30,09,-220,null,198,2.86
2025-09-30,2025-09-30,2025,4,2025,3,Marketable,Notes,91282CNP2,2025-07-31,2027-07-31,3.875,73697.2875,0,01/31,07/31,null,null,73697.2875,30,09,0,null,199,3.92
2025-09-30,2025-09-30,2025,4,2025,3,Marketable,Notes,9128282R0,2017-08-15,2027-08-15,2.25,69822.3604,0,02/15,08/15,null,null,29920.4635,30,09,0,null,200,2.25
2025-09-30,2025-09-30,2025,4,2025,3,Marketable,Notes,9128282R0,2017-09-15,2027-08-15,2.25,null,0,02/15,08/15,null,null,19999.9057,30,09,0,null,201,2.18
2025-09-30,2025-09-30,2025,4,2025,3,Marketable,Notes,9128282R0,2017-10-16,2027-08-15,2.25,null,0,02/15,08/15,null,null,19999.9912,30,09,-98,null,202,2.346
2025-09-30,2025-09-30,2025,4,2025,3,Marketable,Notes,91282CLG4,2024-08-15,2027-08-15,3.75,68829.2792,0,02/15,08/15,null,null,69029.2792,30,09,-200,null,203,3.81
2025-09-30,2025-09-30,2025,4,2025,3,Marketable,Notes,91282CAH4,2020-08-31,2027-08-31,0.5,50806.0757,0,02/28,08/31,null,null,51083.0757,30,09,-277,null,204,0.519
2025-09-30,2025-09-30,2025,4,2025,3,Marketable,Notes,91282CFH9,2022-08-31,2027-08-31,3.125,50677.9032,0,02/28,08/31,null,null,50857.9032,30,09,-180,null,205,3.23
2025-09-30,2025-09-30,2025,4,2025,3,Marketable,Notes,91282CNV9,2025-09-02,2027-08-31,3.625,77326.1911,0,02/28,08/31,null,null,77326.1911,30,09,0,null,206,3.641
2025-09-30,2025-09-30,2025,4,2025,3,Marketable,Notes,91282CLL3,2024-09-16,2027-09-15,3.375,58553.7853,0,03/15,09/15,null,null,58553.7853,30,09,0,null,207,3.44
2025-09-30,2025-09-30,2025,4,2025,3,Marketable,Notes,91282CAL5,2020-09-30,2027-09-30,0.375,56617.2943,0,03/31,09/30,null,null,56845.2943,30,09,-228,null,208,0.462
2025-09-30,2025-09-30,2025,4,2025,3,Marketable,Notes,91282CFM8,2022-09-30,2027-09-30,4.125,44000.1154,0,03/31,09/30,null,null,44000.1154,30,09,0,null,209,4.228
2025-09-30,2025-09-30,2025,4,2025,3,Marketable,Notes,91282CPB1,2025-09-30,2027-09-30,3.5,72809.8119,0,03/31,09/30,null,null,72809.8119,30,09,0,null,210,3.571
2025-09-30,2025-09-30,2025,4,2025,3,Marketable,Notes,91282CLQ2,2024-10-15,2027-10-15,3.875,58795.814,0,04/15,10/15,null,null,58795.814,30,09,0,null,211,3.878
2025-09-30,2025-09-30,2025,4,2025,3,Marketable,Notes,91282CAU5,2020-11-02,2027-10-31,0.5,57927.9768,0,04/30,10/31,null,null,58622.9768,30,09,-695,null,212,0.6
2025-09-30,2025-09-30,2025,4,2025,3,Marketable,Notes,91282CFU0,2022-10-31,2027-10-31,4.125,42999.5559,0,04/30,10/31,null,null,42999.5559,30,09,0,null,213,4.192
2025-09-30,2025-09-30,2025,4,2025,3,Marketable,Notes,9128283F5,2017-11-15,2027-11-15,2.25,65748.1106,0,05/15,11/15,null,null,25796.7611,30,09,0,null,214,2.314
2025-09-30,2025-09-30,2025,4,2025,3,Marketable,Notes,9128283F5,2017-12-15,2027-11-15,2.25,null,0,05/15,11/15,null,null,19999.9963,30,09,0,null,215,2.384
2025-09-30,2025-09-30,2025,4,2025,3,Marketable,Notes,9128283F5,2018-01-16,2027-11-15,2.25,null,0,05/15,11/15,null,null,20677.3532,30,09,-726,null,216,2.579
2025-09-30,2025-09-30,2025,4,2025,3,Marketable,Notes,91282CLX7,2024-11-15,2027-11-15,4.125,72044.4462,0,05/15,11/15,null,null,72094.4462,30,09,-50,null,217,4.152
2025-09-30,2025-09-30,2025,4,2025,3,Marketable,Notes,91282CAY7,2020-11-30,2027-11-30,0.625,63403.8862,0,05/31,11/30,null,null,63768.8862,30,09,-365,null,218,0.653
2025-09-30,2025-09-30,2025,4,2025,3,Marketable,Notes,91282CFZ9,2022-11-30,2027-11-30,3.875,46905.9145,0,05/31,11/30,null,null,47669.9145,30,09,-764,null,219,3.974
2025-09-30,2025-09-30,2025,4,2025,3,Marketable,Notes,91282CMB4,2024-12-16,2027-12-15,4,58415.371,0,06/15,12/15,null,null,58415.371,30,09,0,null,220,4.117
2025-09-30,2025-09-30,2025,4,2025,3,Marketable,Notes,91282CBB6,2020-12-31,2027-12-31,0.625,67277.5168,0,06/30,12/31,null,null,67976.5168,30,09,-699,null,221,0.662
2025-09-30,2025-09-30,2025,4,2025,3,Marketable,Notes,91282CGC9,2023-01-03,2027-12-31,3.875,42999.7134,0,06/30,12/31,null,null,42999.7134,30,09,0,null,222,3.973
2025-09-30,2025-09-30,2025,4,2025,3,Marketable,Notes,91282CMF5,2025-01-15,2028-01-15,4.25,70744.4391,0,07/15,01/15,null,null,70744.4391,30,09,0,null,223,4.332
2025-09-30,2025-09-30,2025,4,2025,3,Marketable,Notes,91282CBJ9,2021-02-01,2028-01-31,0.75,70070.8497,0,07/31,01/31,null,null,70379.8497,30,09,-309,null,224,0.754
2025-09-30,2025-09-30,2025,4,2025,3,Marketable,Notes,91282CGH8,2023-01-31,2028-01-31,3.5,42989.6949,0,07/31,01/31,null,null,42989.6949,30,09,0,null,225,3.53
2025-09-30,2025-09-30,2025,4,2025,3,Marketable,Notes,9128283W8,2018-02-15,2028-02-15,2.75,69894.1045,0,08/15,02/15,null,null,28536.05,30,09,0,null,226,2.811
2025-09-30,2025-09-30,2025,4,2025,3,Marketable,Notes,9128283W8,2018-03-15,2028-02-15,2.75,null,0,08/15,02/15,null,null,21000.0038,30,09,0,null,227,2.889
2025-09-30,2025-09-30,2025,4,2025,3,Marketable,Notes,9128283W8,2018-04-16,2028-02-15,2.75,null,0,08/15,02/15,null,null,21036.0507,30,09,-678,null,228,2.795
2025-09-30,2025-09-30,2025,4,2025,3,Marketable,Notes,91282CMN8,2025-02-18,2028-02-15,4.25,73931.0993,0,08/15,02/15,null,null,73931.0993,30,09,0,null,229,4.3
2025-09-30,2025-09-30,2025,4,2025,3,Marketable,Notes,91282CBP5,2021-03-01,2028-02-29,1.125,75418.1485,0,08/31,02/28,null,null,75431.1485,30,09,-13,null,230,1.195
2025-09-30,2025-09-30,2025,4,2025,3,Marketable,Notes,91282CGP0,2023-02-28,2028-02-29,4,52769.3168,0,08/31,02/29,null,null,52769.3168,30,09,0,null,231,4.109
2025-09-30,2025-09-30,2025,4,2025,3,Marketable,Notes,91282CMS7,2025-03-17,2028-03-15,3.875,58981.363,0,09/15,03/15,null,null,58981.363,30,09,0,null,232,3.908
2025-09-30,2025-09-30,2025,4,2025,3,Marketable,Notes,91282CBS9,2021-03-31,2028-03-31,1.25,73132.916,0,09/30,03/31,null,null,73132.916,30,09,0,null,233,1.3
2025-09-30,2025-09-30,2025,4,2025,3,Marketable,Notes,91282CGT2,2023-03-31,2028-03-31,3.625,42999.8097,0,09/30,03/31,null,null,42999.8097,30,09,0,null,234,3.665
2025-09-30,2025-09-30,2025,4,2025,3,Marketable,Notes,91282CMW8,2025-04-15,2028-04-15,3.75,67679.3019,0,10/15,04/15,null,null,67679.3019,30,09,0,null,235,3.784
2025-09-30,2025-09-30,2025,4,2025,3,Marketable,Notes,91282CBZ3,2021-04-30,2028-04-30,1.25,73440.2701,0,10/31,04/30,null,null,73840.2701,30,09,-400,null,236,1.306
2025-09-30,2025-09-30,2025,4,2025,3,Marketable,Notes,91282CHA2,2023-05-01,2028-04-30,3.5,47182.5132,0,10/31,04/30,null,null,47182.5132,30,09,0,null,237,3.5
2025-09-30,2025-09-30,2025,4,2025,3,Marketable,Notes,9128284N7,2018-05-15,2028-05-15,2.875,73329.2308,0,11/15,05/15,null,null,31026.682,30,09,0,null,238,2.995
2025-09-30,2025-09-30,2025,4,2025,3,Marketable,Notes,9128284N7,2018-06-15,2028-05-15,2.875,null,0,11/15,05/15,null,null,22000.0172,30,09,0,null,239,2.962
2025-09-30,2025-09-30,2025,4,2025,3,Marketable,Notes,9128284N7,2018-07-16,2028-05-15,2.875,null,0,11/15,05/15,null,null,22085.5316,30,09,-1783,null,240,2.859
2025-09-30,2025-09-30,2025,4,2025,3,Marketable,Notes,91282CND9,2025-05-15,2028-05-15,3.75,78473.4418,0,11/15,05/15,null,null,78473.4418,30,09,0,null,241,3.824
2025-09-30,2025-09-30,2025,4,2025,3,Marketable,Notes,91282CCE9,2021-06-01,2028-05-31,1.25,73910.2334,0,11/30,05/31,null,null,74034.2334,30,09,-124,null,242,1.285
2025-09-30,2025-09-30,2025,4,2025,3,Marketable,Notes,91282CHE4,2023-05-31,2028-05-31,3.625,49363.1542,0,11/30,05/31,null,null,51060.1542,30,09,-1697,null,243,3.749
2025-09-30,2025-09-30,2025,4,2025,3,Marketable,Notes,91282CNH0,2025-06-16,2028-06-15,3.875,59042.8635,0,12/15,06/15,null,null,59042.8635,30,09,0,null,244,3.972
2025-09-30,2025-09-30,2025,4,2025,3,Marketable,Notes,91282CCH2,2021-06-30,2028-06-30,1.25,71080.1021,0,12/31,06/30,null,null,71410.1021,30,09,-330,null,245,1.264
2025-09-30,2025-09-30,2025,4,2025,3,Marketable,Notes,91282CHK0,2023-06-30,2028-06-30,4,42999.6645,0,12/31,06/30,null,null,42999.6645,30,09,0,null,246,4.019
2025-09-30,2025-09-30,2025,4,2025,3,Marketable,Notes,91282CNM9,2025-07-15,2028-07-15,3.875,64862.5606,0,01/15,07/15,null,null,64862.5606,30,09,0,null,247,3.891
2025-09-30,2025-09-30,2025,4,2025,3,Marketable,Notes,91282CCR0,2021-08-02,2028-07-31,1,67862.6586,0,01/31,07/31,null,null,67937.6586,30,09,-75,null,248,1.05
2025-09-30,2025-09-30,2025,4,2025,3,Marketable,Notes,91282CHQ7,2023-07-31,2028-07-31,4.125,42999.6711,0,01/31,07/31,null,null,42999.6711,30,09,0,null,249,4.17
2025-09-30,2025-09-30,2025,4,2025,3,Marketable,Notes,9128284V9,2018-08-15,2028-08-15,2.875,73987.7101,0,02/15,08/15,null,null,29495.4751,30,09,0,null,250,2.96
2025-09-30,2025-09-30,2025,4,2025,3,Marketable,Notes,9128284V9,2018-09-17,2028-08-15,2.875,null,0,02/15,08/15,null,null,22999.9659,30,09,0,null,251,2.957
2025-09-30,2025-09-30,2025,4,2025,3,Marketable,Notes,9128284V9,2018-10-15,2028-08-15,2.875,null,0,02/15,08/15,null,null,23000.2691,30,09,-1508,null,252,3.225
2025-09-30,2025-09-30,2025,4,2025,3,Marketable,Notes,91282CNU1,2025-08-15,2028-08-15,3.625,77683.3338,0,02/15,08/15,null,null,77683.3338,30,09,0,null,253,3.669
2025-09-30,2025-09-30,2025,4,2025,3,Marketable,Notes,91282CCV1,2021-08-31,2028-08-31,1.125,69172.8029,0,02/28,08/31,null,null,69789.8029,30,09,-617,null,254,1.155
2025-09-30,2025-09-30,2025,4,2025,3,Marketable,Notes,91282CHX2,2023-08-31,2028-08-31,4.375,50672.9706,0,02/29,08/31,null,null,50767.9706,30,09,-95,null,255,4.4
2025-09-30,2025-09-30,2025,4,2025,3,Marketable,Notes,91282CNY3,2025-09-15,2028-09-15,3.375,57999.3991,0,03/15,09/15,null,null,57999.3991,30,09,0,null,256,3.485
2025-09-30,2025-09-30,2025,4,2025,3,Marketable,Notes,91282CCY5,2021-09-30,2028-09-30,1.25,69466.8874,0,03/31,09/30,null,null,69466.8874,30,09,0,null,257,1.332
2025-09-30,2025-09-30,2025,4,2025,3,Marketable,Notes,91282CJA0,2023-10-02,2028-09-30,4.625,48999.9713,0,03/31,09/30,null,null,48999.9713,30,09,0,null,258,4.659
2025-09-30,2025-09-30,2025,4,2025,3,Marketable,Notes,91282CDF5,2021-11-01,2028-10-31,1.375,68091.325,0,04/30,10/31,null,null,68303.325,30,09,-212,null,259,1.461
2025-09-30,2025-09-30,2025,4,2025,3,Marketable,Notes,91282CJF9,2023-10-31,2028-10-31,4.875,51999.3315,0,04/30,10/31,null,null,51999.3315,30,09,0,null,260,4.899
2025-09-30,2025-09-30,2025,4,2025,3,Marketable,Notes,9128285M8,2018-11-15,2028-11-15,3.125,80486.8543,0,05/15,11/15,null,null,32506.5792,30,09,0,null,261,3.209
2025-09-30,2025-09-30,2025,4,2025,3,Marketable,Notes,9128285M8,2018-12-17,2028-11-15,3.125,null,0,05/15,11/15,null,null,23999.5335,30,09,0,null,262,2.915
2025-09-30,2025-09-30,2025,4,2025,3,Marketable,Notes,9128285M8,2019-01-15,2028-11-15,3.125,null,0,05/15,11/15,null,null,23999.7416,30,09,-19,null,263,2.728
2025-09-30,2025-09-30,2025,4,2025,3,Marketable,Notes,91282CDL2,2021-11-30,2028-11-30,1.5,63476.6206,0,05/31,11/30,null,null,63863.6206,30,09,-387,null,264,1.588
2025-09-30,2025-09-30,2025,4,2025,3,Marketable,Notes,91282CJN2,2023-11-30,2028-11-30,4.375,55534.0337,0,05/31,11/30,null,null,55622.0337,30,09,-88,null,265,4.42
2025-09-30,2025-09-30,2025,4,2025,3,Marketable,Notes,91282CDP3,2021-12-31,2028-12-31,1.375,63608.1801,0,06/30,12/31,null,null,63608.1801,30,09,0,null,266,1.48
2025-09-30,2025-09-30,2025,4,2025,3,Marketable,Notes,91282CJR3,2024-01-02,2028-12-31,3.75,57996.2671,0,06/30,12/31,null,null,57996.2671,30,09,0,null,267,3.801
2025-09-30,2025-09-30,2025,4,2025,3,Marketable,Notes,91282CDW8,2022-01-31,2029-01-31,1.75,60917.6569,0,07/31,01/31,null,null,60921.6569,30,09,-4,null,268,1.769
2025-09-30,2025-09-30,2025,4,2025,3,Marketable,Notes,91282CJW2,2024-01-31,2029-01-31,4,60789.5914,0,07/31,01/31,null,null,60999.5914,30,09,-210,null,269,4.055
2025-09-30,2025-09-30,2025,4,2025,3,Marketable,Notes,9128286B1,2019-02-15,2029-02-15,2.625,81070.475,0,08/15,02/15,null,null,33502.0739,30,09,0,null,270,2.689
2025-09-30,2025-09-30,2025,4,2025,3,Marketable,Notes,9128286B1,2019-03-15,2029-02-15,2.625,null,0,08/15,02/15,null,null,24000.0332,30,09,0,null,271,2.615
2025-09-30,2025-09-30,2025,4,2025,3,Marketable,Notes,9128286B1,2019-04-15,2029-02-15,2.625,null,0,08/15,02/15,null,null,24003.3679,30,09,-435,null,272,2.466
2025-09-30,2025-09-30,2025,4,2025,3,Marketable,Notes,91282CEB3,2022-02-28,2029-02-28,1.875,57368.8318,0,08/31,02/28,null,null,58565.8318,30,09,-1197,null,273,1.905
2025-09-30,2025-09-30,2025,4,2025,3,Marketable,Notes,91282CKD2,2024-02-29,2029-02-28,4.25,66465.3251,0,08/31,02/28,null,null,66769.3251,30,09,-304,null,274,4.32
2025-09-30,2025-09-30,2025,4,2025,3,Marketable,Notes,91282CEE7,2022-03-31,2029-03-31,2.375,55674.7207,0,09/30,03/31,null,null,55749.7207,30,09,-75,null,275,2.499
2025-09-30,2025-09-30,2025,4,2025,3,Marketable,Notes,91282CKG5,2024-04-01,2029-03-31,4.125,66999.7216,0,09/30,03/31,null,null,66999.7216,30,09,0,null,276,4.235
2025-09-30,2025-09-30,2025,4,2025,3,Marketable,Notes,91282CEM9,2022-05-02,2029-04-30,2.875,49020.2335,0,10/31,04/30,null,null,50100.2335,30,09,-1080,null,277,2.908
2025-09-30,2025-09-30,2025,4,2025,3,Marketable,Notes,91282CKP5,2024-04-30,2029-04-30,4.625,70332.3058,0,10/31,04/30,null,null,70332.3058,30,09,0,null,278,4.659
2025-09-30,2025-09-30,2025,4,2025,3,Marketable,Notes,9128286T2,2019-05-15,2029-05-15,2.375,84173.0589,0,11/15,05/15,null,null,36197.7175,30,09,0,null,279,2.479
2025-09-30,2025-09-30,2025,4,2025,3,Marketable,Notes,9128286T2,2019-06-17,2029-05-15,2.375,null,0,11/15,05/15,null,null,24000.0006,30,09,0,null,280,2.13
2025-09-30,2025-09-30,2025,4,2025,3,Marketable,Notes,9128286T2,2019-06-26,2029-05-15,2.375,null,0,11/15,05/15,null,null,25.0004,30,09,0,null,281,2.065
2025-09-30,2025-09-30,2025,4,2025,3,Marketable,Notes,9128286T2,2019-07-15,2029-05-15,2.375,null,0,11/15,05/15,null,null,24204.3404,30,09,-254,null,282,2.064
2025-09-30,2025-09-30,2025,4,2025,3,Marketable,Notes,91282CES6,2022-05-31,2029-05-31,2.75,46748.1243,0,11/30,05/31,null,null,48314.1243,30,09,-1566,null,283,2.777
2025-09-30,2025-09-30,2025,4,2025,3,Marketable,Notes,91282CKT7,2024-05-31,2029-05-31,4.5,74155.7385,0,11/30,05/31,null,null,74155.7385,30,09,0,null,284,4.553
2025-09-30,2025-09-30,2025,4,2025,3,Marketable,Notes,91282CEV9,2022-06-30,2029-06-30,3.25,42974.1464,0,12/31,06/30,null,null,43057.1464,30,09,-83,null,285,3.28
2025-09-30,2025-09-30,2025,4,2025,3,Marketable,Notes,91282CKX8,2024-07-01,2029-06-30,4.25,72396.7834,0,12/31,06/30,null,null,72436.7834,30,09,-40,null,286,4.331
2025-09-30,2025-09-30,2025,4,2025,3,Marketable,Notes,91282CFC0,2022-08-01,2029-07-31,2.625,40151.9639,0,01/31,07/31,null,null,41296.9639,30,09,-1145,null,287,2.73
2025-09-30,2025-09-30,2025,4,2025,3,Marketable,Notes,91282CLC3,2024-07-31,2029-07-31,4,73858.6093,0,01/31,07/31,null,null,73858.6093,30,09,0,null,288,4.121
2025-09-30,2025-09-30,2025,4,2025,3,Marketable,Notes,912828YB0,2019-08-15,2029-08-15,1.625,92618.67,0,02/15,08/15,null,null,44618.5812,30,09,0,null,289,1.67
2025-09-30,2025-09-30,2025,4,2025,3,Marketable,Notes,912828YB0,2019-09-16,2029-08-15,1.625,null,0,02/15,08/15,null,null,24000.0403,30,09,0,null,290,1.739
2025-09-30,2025-09-30,2025,4,2025,3,Marketable,Notes,912828YB0,2019-10-15,2029-08-15,1.625,null,0,02/15,08/15,null,null,24000.0485,30,09,0,null,291,1.59
2025-09-30,2025-09-30,2025,4,2025,3,Marketable,Notes,91282CFJ5,2022-08-31,2029-08-31,3.125,41164.502,0,02/28,08/31,null,null,41817.502,30,09,-653,null,292,3.13
2025-09-30,2025-09-30,2025,4,2025,3,Marketable,Notes,91282CLK5,2024-09-03,2029-08-31,3.625,75563.7874,0,02/28,08/31,null,null,75563.7874,30,09,0,null,293,3.645
2025-09-30,2025-09-30,2025,4,2025,3,Marketable,Notes,91282CFL0,2022-09-30,2029-09-30,3.875,35884.998,0,03/31,09/30,null,null,36001.998,30,09,-117,null,294,3.898
2025-09-30,2025-09-30,2025,4,2025,3,Marketable,Notes,91282CLN9,2024-09-30,2029-09-30,3.5,71444.682,0,03/31,09/30,null,null,71444.682,30,09,0,null,295,3.519
2025-09-30,2025-09-30,2025,4,2025,3,Marketable,Notes,91282CFT3,2022-10-31,2029-10-31,4,34908.0228,0,04/30,10/31,null,null,35000.0228,30,09,-92,null,296,4.027
2025-09-30,2025-09-30,2025,4,2025,3,Marketable,Notes,91282CLR0,2024-10-31,2029-10-31,4.125,71180.6392,0,04/30,10/31,null,null,71180.6392,30,09,0,null,297,4.138
2025-09-30,2025-09-30,2025,4,2025,3,Marketable,Notes,912828YS3,2019-11-15,2029-11-15,1.75,88552.5072,0,05/15,11/15,null,null,39784.5457,30,09,0,null,298,1.809
2025-09-30,2025-09-30,2025,4,2025,3,Marketable,Notes,912828YS3,2019-12-16,2029-11-15,1.75,null,0,05/15,11/15,null,null,24000.0112,30,09,0,null,299,1.842
2025-09-30,2025-09-30,2025,4,2025,3,Marketable,Notes,912828YS3,2020-01-15,2029-11-15,1.75,null,0,05/15,11/15,null,null,24767.9503,30,09,0,null,300,1.869
2025-09-30,2025-09-30,2025,4,2025,3,Marketable,Notes,91282CFY2,2022-11-30,2029-11-30,3.875,38190.4113,0,05/31,11/30,null,null,38805.4113,30,09,-615,null,301,3.89
2025-09-30,2025-09-30,2025,4,2025,3,Marketable,Notes,91282CMA6,2024-12-02,2029-11-30,4.125,74761.0312,0,05/31,11/30,null,null,74761.0312,30,09,0,null,302,4.197
2025-09-30,2025-09-30,2025,4,2025,3,Marketable,Notes,91282CGB1,2023-01-03,2029-12-31,3.875,34824.9553,0,06/30,12/31,null,null,34999.9553,30,09,-175,null,303,3.921
2025-09-30,2025-09-30,2025,4,2025,3,Marketable,Notes,91282CMD0,2024-12-31,2029-12-31,4.375,70688.9862,0,06/30,12/31,null,null,70688.9862,30,09,0,null,304,4.478
2025-09-30,2025-09-30,2025,4,2025,3,Marketable,Notes,91282CGJ4,2023-01-31,2030-01-31,3.5,34864.566,0,07/31,01/31,null,null,34999.566,30,09,-135,null,305,3.517
2025-09-30,2025-09-30,2025,4,2025,3,Marketable,Notes,91282CMG3,2025-01-31,2030-01-31,4.25,73885.6256,0,07/31,01/31,null,null,73885.6256,30,09,0,null,306,4.33
2025-09-30,2025-09-30,2025,4,2025,3,Marketable,Notes,912828Z94,2020-02-18,2030-02-15,1.5,87401.5957,0,08/15,02/15,null,null,39007.7122,30,09,0,null,307,1.622
2025-09-30,2025-09-30,2025,4,2025,3,Marketable,Notes,912828Z94,2020-03-16,2030-02-15,1.5,null,0,08/15,02/15,null,null,24022.5969,30,09,0,null,308,0.849
2025-09-30,2025-09-30,2025,4,2025,3,Marketable,Notes,912828Z94,2020-04-15,2030-02-15,1.5,null,0,08/15,02/15,null,null,25082.2866,30,09,-711,null,309,0.782
2025-09-30,2025-09-30,2025,4,2025,3,Marketable,Notes,91282CGQ8,2023-02-28,2030-02-28,4,119634.7938,0,08/31,02/29,null,null,42952.3735,30,09,-370,null,310,4.062
2025-09-30,2025-09-30,2025,4,2025,3,Marketable,Notes,91282CGQ8,2025-02-28,2030-02-28,4,null,0,08/31,02/29,null,null,77052.4203,30,09,0,null,311,4.123
2025-09-30,2025-09-30,2025,4,2025,3,Marketable,Notes,91282CGS4,2023-03-31,2030-03-31,3.625,34899.9105,0,09/30,03/31,null,null,34999.9105,30,09,-100,null,312,3.626
2025-09-30,2025-09-30,2025,4,2025,3,Marketable,Notes,91282CMU2,2025-03-31,2030-03-31,4,72067.5247,0,09/30,03/31,null,null,72067.5247,30,09,0,null,313,4.1
2025-09-30,2025-09-30,2025,4,2025,3,Marketable,Notes,91282CGZ8,2023-05-01,2030-04-30,3.5,38057.0889,0,10/31,04/30,null,null,38406.0889,30,09,-349,null,314,3.563
2025-09-30,2025-09-30,2025,4,2025,3,Marketable,Notes,91282CMZ1,2025-04-30,2030-04-30,3.875,74793.7821,0,10/31,04/30,null,null,74793.7821,30,09,0,null,315,3.995
2025-09-30,2025-09-30,2025,4,2025,3,Marketable,Notes,912828ZQ6,2020-05-15,2030-05-15,0.625,109879.7215,0,11/15,05/15,null,null,48923.195,30,09,0,null,316,0.7
2025-09-30,2025-09-30,2025,4,2025,3,Marketable,Notes,912828ZQ6,2020-06-15,2030-05-15,0.625,null,0,11/15,05/15,null,null,29412.3192,30,09,0,null,317,0.832
2025-09-30,2025-09-30,2025,4,2025,3,Marketable,Notes,912828ZQ6,2020-07-15,2030-05-15,0.625,null,0,11/15,05/15,null,null,31544.2073,30,09,0,null,318,0.653
2025-09-30,2025-09-30,2025,4,2025,3,Marketable,Notes,91282CHF1,2023-05-31,2030-05-31,3.75,40694.9514,0,11/30,05/31,null,null,41562.9514,30,09,-868,null,319,3.827
2025-09-30,2025-09-30,2025,4,2025,3,Marketable,Notes,91282CNG2,2025-06-02,2030-05-31,4,79582.3101,0,11/30,05/31,null,null,79582.3101,30,09,0,null,320,4.071
2025-09-30,2025-09-30,2025,4,2025,3,Marketable,Notes,91282CHJ3,2023-06-30,2030-06-30,3.75,34514.1219,0,12/31,06/30,null,null,35000.1219,30,09,-486,null,321,3.839
2025-09-30,2025-09-30,2025,4,2025,3,Marketable,Notes,91282CNK3,2025-06-30,2030-06-30,3.875,76965.5472,0,12/31,06/30,null,null,76965.5472,30,09,0,null,322,3.879
2025-09-30,2025-09-30,2025,4,2025,3,Marketable,Notes,91282CHR5,2023-07-31,2030-07-31,4,34450.3086,0,01/31,07/31,null,null,34990.3086,30,09,-540,null,323,4.087
2025-09-30,2025-09-30,2025,4,2025,3,Marketable,Notes,91282CNN7,2025-07-31,2030-07-31,3.875,74766.5963,0,01/31,07/31,null,null,74766.5963,30,09,0,null,324,3.983
2025-09-30,2025-09-30,2025,4,2025,3,Marketable,Notes,91282CAE1,2020-08-17,2030-08-15,0.625,132350.6532,0,02/15,08/15,null,null,60600.628,30,09,0,null,325,0.677
2025-09-30,2025-09-30,2025,4,2025,3,Marketable,Notes,91282CAE1,2020-09-15,2030-08-15,0.625,null,0,02/15,08/15,null,null,36438.9174,30,09,0,null,326,0.704
2025-09-30,2025-09-30,2025,4,2025,3,Marketable,Notes,91282CAE1,2020-10-15,2030-08-15,0.625,null,0,02/15,08/15,null,null,35979.1078,30,09,-668,null,327,0.765
2025-09-30,2025-09-30,2025,4,2025,3,Marketable,Notes,91282CHW4,2023-08-31,2030-08-31,4.125,39737.4345,0,02/29,08/31,null,null,39737.4345,30,09,0,null,328,4.212
2025-09-30,2025-09-30,2025,4,2025,3,Marketable,Notes,91282CNX5,2025-09-02,2030-08-31,3.625,78448.3357,0,02/28,08/31,null,null,78448.3357,30,09,0,null,329,3.724
2025-09-30,2025-09-30,2025,4,2025,3,Marketable,Notes,91282CHZ7,2023-10-02,2030-09-30,4.625,36834.9038,0,03/31,09/30,null,null,36999.9038,30,09,-165,null,330,4.673
2025-09-30,2025-09-30,2025,4,2025,3,Marketable,Notes,91282CPA3,2025-09-30,2030-09-30,3.625,73865.2778,0,03/31,09/30,null,null,73865.2778,30,09,0,null,331,3.71
2025-09-30,2025-09-30,2025,4,2025,3,Marketable,Notes,91282CJG7,2023-10-31,2030-10-31,4.875,37230.1286,0,04/30,10/31,null,null,38000.1286,30,09,-770,null,332,4.908
2025-09-30,2025-09-30,2025,4,2025,3,Marketable,Notes,91282CAV3,2020-11-16,2030-11-15,0.875,133680.8207,0,05/15,11/15,null,null,52242.272,30,09,0,null,333,0.96
2025-09-30,2025-09-30,2025,4,2025,3,Marketable,Notes,91282CAV3,2020-12-15,2030-11-15,0.875,null,0,05/15,11/15,null,null,39618.5582,30,09,0,null,334,0.951
2025-09-30,2025-09-30,2025,4,2025,3,Marketable,Notes,91282CAV3,2021-01-15,2030-11-15,0.875,null,0,05/15,11/15,null,null,41819.9905,30,09,0,null,335,1.164
2025-09-30,2025-09-30,2025,4,2025,3,Marketable,Notes,91282CJM4,2023-11-30,2030-11-30,4.375,39411.6963,0,05/31,11/30,null,null,39458.6963,30,09,-47,null,336,4.399
2025-09-30,2025-09-30,2025,4,2025,3,Marketable,Notes,91282CJQ5,2024-01-02,2030-12-31,3.75,39649.8979,0,06/30,12/31,null,null,39999.8979,30,09,-350,null,337,3.859
2025-09-30,2025-09-30,2025,4,2025,3,Marketable,Notes,91282CJX0,2024-01-31,2031-01-31,4,40428.8752,0,07/31,01/31,null,null,40999.8752,30,09,-571,null,338,4.109
2025-09-30,2025-09-30,2025,4,2025,3,Marketable,Notes,91282CBL4,2021-02-16,2031-02-15,1.125,140062.6147,0,08/15,02/15,null,null,55873.9708,30,09,0,null,339,1.155
2025-09-30,2025-09-30,2025,4,2025,3,Marketable,Notes,91282CBL4,2021-03-15,2031-02-15,1.125,null,0,08/15,02/15,null,null,40355.0173,30,09,0,null,340,1.523
2025-09-30,2025-09-30,2025,4,2025,3,Marketable,Notes,91282CBL4,2021-04-15,2031-02-15,1.125,null,0,08/15,02/15,null,null,43833.6266,30,09,0,null,341,1.68
2025-09-30,2025-09-30,2025,4,2025,3,Marketable,Notes,91282CKC4,2024-02-29,2031-02-28,4.25,42561.9378,0,08/31,02/28,null,null,43816.9378,30,09,-1255,null,342,4.327
2025-09-30,2025-09-30,2025,4,2025,3,Marketable,Notes,91282CKF7,2024-04-01,2031-03-31,4.125,42849.9146,0,09/30,03/31,null,null,42999.9146,30,09,-150,null,343,4.185
2025-09-30,2025-09-30,2025,4,2025,3,Marketable,Notes,91282CKN0,2024-04-30,2031-04-30,4.625,44209.7454,0,10/31,04/30,null,null,44209.7454,30,09,0,null,344,4.716
2025-09-30,2025-09-30,2025,4,2025,3,Marketable,Notes,91282CCB5,2021-05-17,2031-05-15,1.625,147753.7151,0,11/15,05/15,null,null,62752.7687,30,09,0,null,345,1.684
2025-09-30,2025-09-30,2025,4,2025,3,Marketable,Notes,91282CCB5,2021-06-15,2031-05-15,1.625,null,0,11/15,05/15,null,null,41493.4388,30,09,0,null,346,1.497
2025-09-30,2025-09-30,2025,4,2025,3,Marketable,Notes,91282CCB5,2021-07-15,2031-05-15,1.625,null,0,11/15,05/15,null,null,44254.5076,30,09,-747,null,347,1.371
2025-09-30,2025-09-30,2025,4,2025,3,Marketable,Notes,91282CKU4,2024-05-31,2031-05-31,4.625,46552.8325,0,11/30,05/31,null,null,46609.8325,30,09,-57,null,348,4.65
2025-09-30,2025-09-30,2025,4,2025,3,Marketable,Notes,91282CKW0,2024-07-01,2031-06-30,4.25,45531.2964,0,12/31,06/30,null,null,45531.2964,30,09,0,null,349,4.276
2025-09-30,2025-09-30,2025,4,2025,3,Marketable,Notes,91282CLD1,2024-07-31,2031-07-31,4.125,46415.9851,0,01/31,07/31,null,null,46425.9851,30,09,-10,null,350,4.162
2025-09-30,2025-09-30,2025,4,2025,3,Marketable,Notes,91282CCS8,2021-08-16,2031-08-15,1.25,141547.4572,0,02/15,08/15,null,null,59291.8637,30,09,0,null,351,1.34
2025-09-30,2025-09-30,2025,4,2025,3,Marketable,Notes,91282CCS8,2021-09-15,2031-08-15,1.25,null,0,02/15,08/15,null,null,42046.3696,30,09,0,null,352,1.338
2025-09-30,2025-09-30,2025,4,2025,3,Marketable,Notes,91282CCS8,2021-10-15,2031-08-15,1.25,null,0,02/15,08/15,null,null,40859.2239,30,09,-650,null,353,1.584
2025-09-30,2025-09-30,2025,4,2025,3,Marketable,Notes,91282CLJ8,2024-09-03,2031-08-31,3.75,47498.4839,0,02/28,08/31,null,null,47498.4839,30,09,0,null,354,3.77
2025-09-30,2025-09-30,2025,4,2025,3,Marketable,Notes,91282CLM1,2024-09-30,2031-09-30,3.625,44900.7306,0,03/31,09/30,null,null,44900.7306,30,09,0,null,355,3.668
2025-09-30,2025-09-30,2025,4,2025,3,Marketable,Notes,91282CLU3,2024-10-31,2031-10-31,4.125,44695.1104,0,04/30,10/31,null,null,44742.1104,30,09,-47,null,356,4.215
2025-09-30,2025-09-30,2025,4,2025,3,Marketable,Notes,91282CDJ7,2021-11-15,2031-11-15,1.375,144586.2759,0,05/15,11/15,null,null,61559.6748,30,09,0,null,357,1.444
2025-09-30,2025-09-30,2025,4,2025,3,Marketable,Notes,91282CDJ7,2021-12-15,2031-11-15,1.375,null,0,05/15,11/15,null,null,41308.4412,30,09,0,null,358,1.518
2025-09-30,2025-09-30,2025,4,2025,3,Marketable,Notes,91282CDJ7,2022-01-18,2031-11-15,1.375,null,0,05/15,11/15,null,null,41776.1599,30,09,-58,null,359,1.723
2025-09-30,2025-09-30,2025,4,2025,3,Marketable,Notes,91282CLZ2,2024-12-02,2031-11-30,4.125,46992.4846,0,05/31,11/30,null,null,46992.4846,30,09,0,null,360,4.183
2025-09-30,2025-09-30,2025,4,2025,3,Marketable,Notes,91282CMC2,2024-12-31,2031-12-31,4.5,44358.0803,0,06/30,12/31,null,null,44433.0803,30,09,-75,null,361,4.532
2025-09-30,2025-09-30,2025,4,2025,3,Marketable,Notes,91282CMK4,2025-01-31,2032-01-31,4.375,46442.9446,0,07/31,01/31,null,null,46442.9446,30,09,0,null,362,4.457
2025-09-30,2025-09-30,2025,4,2025,3,Marketable,Notes,91282CDY4,2022-02-15,2032-02-15,1.875,140563.7051,0,08/15,02/15,null,null,59383.3893,30,09,0,null,363,1.904
2025-09-30,2025-09-30,2025,4,2025,3,Marketable,Notes,91282CDY4,2022-03-15,2032-02-15,1.875,null,0,08/15,02/15,null,null,39712.6376,30,09,0,null,364,1.92
2025-09-30,2025-09-30,2025,4,2025,3,Marketable,Notes,91282CDY4,2022-04-18,2032-02-15,1.875,null,0,08/15,02/15,null,null,42110.6782,30,09,-643,null,365,2.72
2025-09-30,2025-09-30,2025,4,2025,3,Marketable,Notes,91282CMR9,2025-02-28,2032-02-29,4.125,48434.9416,0,08/31,02/28,null,null,48434.9416,30,09,0,null,366,4.194
2025-09-30,2025-09-30,2025,4,2025,3,Marketable,Notes,91282CMT5,2025-03-31,2032-03-31,4.125,45299.485,0,09/30,03/31,null,null,45299.485,30,09,0,null,367,4.233
2025-09-30,2025-09-30,2025,4,2025,3,Marketable,Notes,91282CNA5,2025-04-30,2032-04-30,4,47013.0409,0,10/31,04/30,null,null,47013.0409,30,09,0,null,368,4.123
2025-09-30,2025-09-30,2025,4,2025,3,Marketable,Notes,91282CEP2,2022-05-16,2032-05-15,2.875,132775.6339,0,11/15,05/15,null,null,61194.0544,30,09,0,null,369,2.943
2025-09-30,2025-09-30,2025,4,2025,3,Marketable,Notes,91282CEP2,2022-06-15,2032-05-15,2.875,null,0,11/15,05/15,null,null,34940.4697,30,09,0,null,370,3.03
2025-09-30,2025-09-30,2025,4,2025,3,Marketable,Notes,91282CEP2,2022-07-15,2032-05-15,2.875,null,0,11/15,05/15,null,null,37206.1098,30,09,-565,null,371,2.96
2025-09-30,2025-09-30,2025,4,2025,3,Marketable,Notes,91282CNF4,2025-06-02,2032-05-31,4.125,50023.6652,0,11/30,05/31,null,null,50023.6652,30,09,0,null,372,4.194
2025-09-30,2025-09-30,2025,4,2025,3,Marketable,Notes,91282CNJ6,2025-06-30,2032-06-30,4,48378.2247,0,12/31,06/30,null,null,48378.2247,30,09,0,null,373,4.022
2025-09-30,2025-09-30,2025,4,2025,3,Marketable,Notes,91282CNR8,2025-07-31,2032-07-31,4,46996.5523,0,01/31,07/31,null,null,46996.5523,30,09,0,null,374,4.092
2025-09-30,2025-09-30,2025,4,2025,3,Marketable,Notes,91282CFF3,2022-08-15,2032-08-15,2.75,120268.2032,0,02/15,08/15,null,null,57136.8754,30,09,0,null,375,2.755
2025-09-30,2025-09-30,2025,4,2025,3,Marketable,Notes,91282CFF3,2022-09-15,2032-08-15,2.75,null,0,02/15,08/15,null,null,32000.0093,30,09,0,null,376,3.33
2025-09-30,2025-09-30,2025,4,2025,3,Marketable,Notes,91282CFF3,2022-10-17,2032-08-15,2.75,null,0,02/15,08/15,null,null,32000.3185,30,09,-869,null,377,3.93
2025-09-30,2025-09-30,2025,4,2025,3,Marketable,Notes,91282CNW7,2025-09-02,2032-08-31,3.875,49310.2015,0,02/28,08/31,null,null,49310.2015,30,09,0,null,378,3.925
2025-09-30,2025-09-30,2025,4,2025,3,Marketable,Notes,91282CNZ0,2025-09-30,2032-09-30,3.875,46429.8146,0,03/31,09/30,null,null,46429.8146,30,09,0,null,379,3.953
2025-09-30,2025-09-30,2025,4,2025,3,Marketable,Notes,91282CFV8,2022-11-15,2032-11-15,4.125,111255.1404,0,05/15,11/15,null,null,47267.1045,30,09,0,null,380,4.14
2025-09-30,2025-09-30,2025,4,2025,3,Marketable,Notes,91282CFV8,2022-12-15,2032-11-15,4.125,null,0,05/15,11/15,null,null,31989.2788,30,09,0,null,381,3.625
2025-09-30,2025-09-30,2025,4,2025,3,Marketable,Notes,91282CFV8,2023-01-17,2032-11-15,4.125,null,0,05/15,11/15,null,null,31998.7571,30,09,0,null,382,3.575
2025-09-30,2025-09-30,2025,4,2025,3,Marketable,Notes,91282CGM7,2023-02-15,2033-02-15,3.5,114600.8474,0,08/15,02/15,null,null,48667.2178,30,09,0,null,383,3.613
2025-09-30,2025-09-30,2025,4,2025,3,Marketable,Notes,91282CGM7,2023-03-15,2033-02-15,3.5,null,0,08/15,02/15,null,null,32000.1761,30,09,0,null,384,3.985
2025-09-30,2025-09-30,2025,4,2025,3,Marketable,Notes,91282CGM7,2023-04-17,2033-02-15,3.5,null,0,08/15,02/15,null,null,34033.4535,30,09,-100,null,385,3.455
2025-09-30,2025-09-30,2025,4,2025,3,Marketable,Notes,91282CHC8,2023-05-15,2033-05-15,3.375,108464.7781,0,11/15,05/15,null,null,44525.0633,30,09,0,null,386,3.448
2025-09-30,2025-09-30,2025,4,2025,3,Marketable,Notes,91282CHC8,2023-06-15,2033-05-15,3.375,null,0,11/15,05/15,null,null,31999.4961,30,09,0,null,387,3.791
2025-09-30,2025-09-30,2025,4,2025,3,Marketable,Notes,91282CHC8,2023-07-17,2033-05-15,3.375,null,0,11/15,05/15,null,null,31990.2187,30,09,-50,null,388,3.857
2025-09-30,2025-09-30,2025,4,2025,3,Marketable,Notes,91282CHT1,2023-08-15,2033-08-15,3.875,122099.7988,0,02/15,08/15,null,null,52175.9445,30,09,0,null,389,3.999
2025-09-30,2025-09-30,2025,4,2025,3,Marketable,Notes,91282CHT1,2023-09-15,2033-08-15,3.875,null,0,02/15,08/15,null,null,34999.113,30,09,0,null,390,4.289
2025-09-30,2025-09-30,2025,4,2025,3,Marketable,Notes,91282CHT1,2023-10-16,2033-08-15,3.875,null,0,02/15,08/15,null,null,34999.7413,30,09,-75,null,391,4.61
2025-09-30,2025-09-30,2025,4,2025,3,Marketable,Notes,91282CJJ1,2023-11-15,2033-11-15,4.5,114743.2959,0,05/15,11/15,null,null,40758.5387,30,09,0,null,392,4.519
2025-09-30,2025-09-30,2025,4,2025,3,Marketable,Notes,91282CJJ1,2023-12-15,2033-11-15,4.5,null,0,05/15,11/15,null,null,36987.8484,30,09,0,null,393,4.296
2025-09-30,2025-09-30,2025,4,2025,3,Marketable,Notes,91282CJJ1,2024-01-16,2033-11-15,4.5,null,0,05/15,11/15,null,null,36996.9088,30,09,0,null,394,4.024
2025-09-30,2025-09-30,2025,4,2025,3,Marketable,Notes,91282CJZ5,2024-02-15,2034-02-15,4,123092.8823,0,08/15,02/15,null,null,45103.927,30,09,0,null,395,4.093
2025-09-30,2025-09-30,2025,4,2025,3,Marketable,Notes,91282CJZ5,2024-03-15,2034-02-15,4,null,0,08/15,02/15,null,null,38999.8558,30,09,0,null,396,4.166
2025-09-30,2025-09-30,2025,4,2025,3,Marketable,Notes,91282CJZ5,2024-04-15,2034-02-15,4,null,0,08/15,02/15,null,null,39643.0995,30,09,-654,null,397,4.56
2025-09-30,2025-09-30,2025,4,2025,3,Marketable,Notes,91282CKQ3,2024-05-15,2034-05-15,4.375,132755.968,0,11/15,05/15,null,null,47281.2059,30,09,0,null,398,4.483
2025-09-30,2025-09-30,2025,4,2025,3,Marketable,Notes,91282CKQ3,2024-06-17,2034-05-15,4.375,null,0,11/15,05/15,null,null,40260.9085,30,09,0,null,399,4.438
2025-09-30,2025-09-30,2025,4,2025,3,Marketable,Notes,91282CKQ3,2024-07-15,2034-05-15,4.375,null,0,11/15,05/15,null,null,45335.8536,30,09,-122,null,400,4.276
2025-09-30,2025-09-30,2025,4,2025,3,Marketable,Notes,91282CLF6,2024-08-15,2034-08-15,3.875,128740.3749,0,02/15,08/15,null,null,49987.0164,30,09,0,null,401,3.96
2025-09-30,2025-09-30,2025,4,2025,3,Marketable,Notes,91282CLF6,2024-09-16,2034-08-15,3.875,null,0,02/15,08/15,null,null,39369.917,30,09,0,null,402,3.648
2025-09-30,2025-09-30,2025,4,2025,3,Marketable,Notes,91282CLF6,2024-10-15,2034-08-15,3.875,null,0,02/15,08/15,null,null,39533.4415,30,09,-150,null,403,4.066
2025-09-30,2025-09-30,2025,4,2025,3,Marketable,Notes,91282CLW9,2024-11-15,2034-11-15,4.25,139055.9167,0,05/15,11/15,null,null,52206.7566,30,09,0,null,404,4.347
2025-09-30,2025-09-30,2025,4,2025,3,Marketable,Notes,91282CLW9,2024-12-16,2034-11-15,4.25,null,0,05/15,11/15,null,null,39278.8736,30,09,0,null,405,4.235
2025-09-30,2025-09-30,2025,4,2025,3,Marketable,Notes,91282CLW9,2025-01-15,2034-11-15,4.25,null,0,05/15,11/15,null,null,47570.2865,30,09,0,null,406,4.68
2025-09-30,2025-09-30,2025,4,2025,3,Marketable,Notes,91282CMM0,2025-02-18,2035-02-15,4.625,138704.2713,0,08/15,02/15,null,null,53538.6697,30,09,0,null,407,4.632
2025-09-30,2025-09-30,2025,4,2025,3,Marketable,Notes,91282CMM0,2025-03-17,2035-02-15,4.625,null,0,08/15,02/15,null,null,39658.6163,30,09,0,null,408,4.31
2025-09-30,2025-09-30,2025,4,2025,3,Marketable,Notes,91282CMM0,2025-04-15,2035-02-15,4.625,null,0,08/15,02/15,null,null,45506.9853,30,09,0,null,409,4.435
2025-09-30,2025-09-30,2025,4,2025,3,Marketable,Notes,91282CNC1,2025-05-15,2035-05-15,4.25,140139.8767,0,11/15,05/15,null,null,56824.5251,30,09,0,null,410,4.342
2025-09-30,2025-09-30,2025,4,2025,3,Marketable,Notes,91282CNC1,2025-06-16,2035-05-15,4.25,null,0,11/15,05/15,null,null,39701.2042,30,09,0,null,411,4.421
2025-09-30,2025-09-30,2025,4,2025,3,Marketable,Notes,91282CNC1,2025-07-15,2035-05-15,4.25,null,0,11/15,05/15,null,null,43614.1474,30,09,0,null,412,4.362
2025-09-30,2025-09-30,2025,4,2025,3,Marketable,Notes,91282CNT4,2025-08-15,2035-08-15,4.25,95251.9355,0,02/15,08/15,null,null,56253.9043,30,09,0,null,413,4.255
2025-09-30,2025-09-30,2025,4,2025,3,Marketable,Notes,91282CNT4,2025-09-15,2035-08-15,4.25,null,0,02/15,08/15,null,null,38998.0312,30,09,0,null,414,4.033
2025-09-30,2025-09-30,2025,4,2025,3,Marketable,Notes,Total Unmatured Treasury Notes,null,null,null,15392444.5907,0,null,null,null,null,15536314.5907,30,09,-143870,null,415,null
2025-09-30,2025-09-30,2025,4,2025,3,Marketable,Notes,Total Matured Treasury Notes,null,null,null,34.2905,0,null,null,null,null,34.2905,30,09,0,null,416,null
2025-09-30,2025-09-30,2025,4,2025,3,Marketable,Notes,Total Treasury Notes,null,null,null,15392478.8812,0,null,null,null,null,15536348.8812,30,09,-143870,null,417,null
2025-09-30,2025-09-30,2025,4,2025,3,Marketable,Bonds,912810EW4,1996-02-15,2026-02-15,6,12837.916,0,08/15,02/15,null,null,12904.916,30,09,-67,null,418,6.1187
2025-09-30,2025-09-30,2025,4,2025,3,Marketable,Bonds,912810EX2,1996-08-15,2026-08-15,6.75,8810.418,0,02/15,08/15,null,null,10893.818,30,09,-2083.4,null,419,6.7683
2025-09-30,2025-09-30,2025,4,2025,3,Marketable,Bonds,912810EY0,1996-11-15,2026-11-15,6.5,10860.177,0,05/15,11/15,null,null,11493.177,30,09,-633,null,420,6.6193
2025-09-30,2025-09-30,2025,4,2025,3,Marketable,Bonds,912810EZ7,1997-02-18,2027-02-15,6.625,9521.971,0,08/15,02/15,null,null,10456.071,30,09,-934.1,null,421,6.6397
2025-09-30,2025-09-30,2025,4,2025,3,Marketable,Bonds,912810FA1,1997-08-15,2027-08-15,6.375,9196.756,0,02/15,08/15,null,null,10735.756,30,09,-1539,null,422,6.4452
2025-09-30,2025-09-30,2025,4,2025,3,Marketable,Bonds,912810FB9,1997-11-17,2027-11-15,6.125,22021.339,0,05/15,11/15,null,null,11184.353,30,09,-497.2,null,423,6.2014
2025-09-30,2025-09-30,2025,4,2025,3,Marketable,Bonds,912810FB9,1998-02-17,2027-11-15,6.125,null,0,05/15,11/15,null,null,11334.186,30,09,0,null,424,5.8221
2025-09-30,2025-09-30,2025,4,2025,3,Marketable,Bonds,912810FE3,1998-08-17,2028-08-15,5.5,11776.201,0,02/15,08/15,null,null,11776.201,30,09,0,null,425,5.5904
2025-09-30,2025-09-30,2025,4,2025,3,Marketable,Bonds,912810FF0,1998-11-16,2028-11-15,5.25,10947.052,0,05/15,11/15,null,null,10947.052,30,09,0,null,426,5.3
2025-09-30,2025-09-30,2025,4,2025,3,Marketable,Bonds,912810FG8,1999-02-16,2029-02-15,5.25,11350.341,0,08/15,02/15,null,null,11350.341,30,09,0,null,427,5.298
2025-09-30,2025-09-30,2025,4,2025,3,Marketable,Bonds,912810FJ2,1999-08-16,2029-08-15,6.125,11178.58,0,02/15,08/15,null,null,11178.58,30,09,0,null,428,6.144
2025-09-30,2025-09-30,2025,4,2025,3,Marketable,Bonds,912810FM5,2000-02-15,2030-05-15,6.25,17043.162,0,05/15,11/15,null,null,11269.069,30,09,0,null,429,6.34
2025-09-30,2025-09-30,2025,4,2025,3,Marketable,Bonds,912810FM5,2000-08-15,2030-05-15,6.25,null,0,05/15,11/15,null,null,5774.093,30,09,0,null,430,5.697
2025-09-30,2025-09-30,2025,4,2025,3,Marketable,Bonds,912810FP8,2001-02-15,2031-02-15,5.375,16427.648,0,08/15,02/15,null,null,10886.993,30,09,0,null,431,5.46
2025-09-30,2025-09-30,2025,4,2025,3,Marketable,Bonds,912810FP8,2001-08-15,2031-02-15,5.375,null,0,08/15,02/15,null,null,5540.655,30,09,0,null,432,5.52
2025-09-30,2025-09-30,2025,4,2025,3,Marketable,Bonds,912810FT0,2006-02-15,2036-02-15,4.5,26397.13,0,08/15,02/15,null,null,14841.15,30,09,0,null,433,4.53
2025-09-30,2025-09-30,2025,4,2025,3,Marketable,Bonds,912810FT0,2006-08-15,2036-02-15,4.5,null,0,08/15,02/15,null,null,11555.98,30,09,0,null,434,5.08
2025-09-30,2025-09-30,2025,4,2025,3,Marketable,Bonds,912810PT9,2007-02-15,2037-02-15,4.75,16589.456,0,08/15,02/15,null,null,9825.586,30,09,0,null,435,4.812
2025-09-30,2025-09-30,2025,4,2025,3,Marketable,Bonds,912810PT9,2007-05-15,2037-02-15,4.75,null,0,08/15,02/15,null,null,6763.87,30,09,0,null,436,4.838
2025-09-30,2025-09-30,2025,4,2025,3,Marketable,Bonds,912810PU6,2007-08-15,2037-05-15,5,21413.045,0,11/15,05/15,null,null,13846.152,30,09,0,null,437,5.059
2025-09-30,2025-09-30,2025,4,2025,3,Marketable,Bonds,912810PU6,2007-11-15,2037-05-15,5,null,0,11/15,05/15,null,null,7566.893,30,09,0,null,438,4.666
2025-09-30,2025-09-30,2025,4,2025,3,Marketable,Bonds,912810PW2,2008-02-15,2038-02-15,4.375,22525.1487,0,08/15,02/15,null,null,13294.377,30,09,0,null,439,4.449
2025-09-30,2025-09-30,2025,4,2025,3,Marketable,Bonds,912810PW2,2008-05-15,2038-02-15,4.375,null,0,08/15,02/15,null,null,9230.7717,30,09,0,null,440,4.599
2025-09-30,2025-09-30,2025,4,2025,3,Marketable,Bonds,912810PX0,2008-08-15,2038-05-15,4.5,25500.1228,0,11/15,05/15,null,null,13728.111,30,09,0,null,441,4.609
2025-09-30,2025-09-30,2025,4,2025,3,Marketable,Bonds,912810PX0,2008-11-17,2038-05-15,4.5,null,0,11/15,05/15,null,null,11772.0118,30,09,0,null,442,4.31
2025-09-30,2025-09-30,2025,4,2025,3,Marketable,Bonds,912810QA9,2009-02-17,2039-02-15,3.5,25908.5693,0,08/15,02/15,null,null,14712.903,30,09,0,null,443,3.54
2025-09-30,2025-09-30,2025,4,2025,3,Marketable,Bonds,912810QA9,2009-03-16,2039-02-15,3.5,null,0,08/15,02/15,null,null,11195.6663,30,09,0,null,444,3.64
2025-09-30,2025-09-30,2025,4,2025,3,Marketable,Bonds,912810QB7,2009-05-15,2039-05-15,4.25,38778.773,0,11/15,05/15,null,null,16476.5417,30,09,0,null,445,4.288
2025-09-30,2025-09-30,2025,4,2025,3,Marketable,Bonds,912810QB7,2009-06-15,2039-05-15,4.25,null,0,11/15,05/15,null,null,11116.2765,30,09,0,null,446,4.72
2025-09-30,2025-09-30,2025,4,2025,3,Marketable,Bonds,912810QB7,2009-07-15,2039-05-15,4.25,null,0,11/15,05/15,null,null,11185.9548,30,09,0,null,447,4.303
2025-09-30,2025-09-30,2025,4,2025,3,Marketable,Bonds,912810QC5,2009-08-17,2039-08-15,4.5,41430.5382,0,02/15,08/15,null,null,17317.0373,30,09,0,null,448,4.541
2025-09-30,2025-09-30,2025,4,2025,3,Marketable,Bonds,912810QC5,2009-09-15,2039-08-15,4.5,null,0,02/15,08/15,null,null,12025.4266,30,09,0,null,449,4.238
2025-09-30,2025-09-30,2025,4,2025,3,Marketable,Bonds,912810QC5,2009-10-15,2039-08-15,4.5,null,0,02/15,08/15,null,null,12088.0743,30,09,0,null,450,4.009
2025-09-30,2025-09-30,2025,4,2025,3,Marketable,Bonds,912810QD3,2009-11-16,2039-11-15,4.375,44564.2491,0,05/15,11/15,null,null,17989.3001,30,09,0,null,451,4.469
2025-09-30,2025-09-30,2025,4,2025,3,Marketable,Bonds,912810QD3,2009-12-15,2039-11-15,4.375,null,0,05/15,11/15,null,null,13069.9495,30,09,0,null,452,4.52
2025-09-30,2025-09-30,2025,4,2025,3,Marketable,Bonds,912810QD3,2010-01-15,2039-11-15,4.375,null,0,05/15,11/15,null,null,13504.9995,30,09,0,null,453,4.64
2025-09-30,2025-09-30,2025,4,2025,3,Marketable,Bonds,912810QE1,2010-02-16,2040-02-15,4.625,44902.4903,0,08/15,02/15,null,null,17796.6808,30,09,0,null,454,4.72
2025-09-30,2025-09-30,2025,4,2025,3,Marketable,Bonds,912810QE1,2010-03-15,2040-02-15,4.625,null,0,08/15,02/15,null,null,13154.1481,30,09,0,null,455,4.679
2025-09-30,2025-09-30,2025,4,2025,3,Marketable,Bonds,912810QE1,2010-04-15,2040-02-15,4.625,null,0,08/15,02/15,null,null,13951.6614,30,09,0,null,456,4.77
2025-09-30,2025-09-30,2025,4,2025,3,Marketable,Bonds,912810QH4,2010-05-17,2040-05-15,4.375,43473.0444,0,11/15,05/15,null,null,17394.3627,30,09,0,null,457,4.49
2025-09-30,2025-09-30,2025,4,2025,3,Marketable,Bonds,912810QH4,2010-06-15,2040-05-15,4.375,null,0,11/15,05/15,null,null,13074.9781,30,09,0,null,458,4.182
2025-09-30,2025-09-30,2025,4,2025,3,Marketable,Bonds,912810QH4,2010-07-15,2040-05-15,4.375,null,0,11/15,05/15,null,null,13003.7036,30,09,0,null,459,4.08
2025-09-30,2025-09-30,2025,4,2025,3,Marketable,Bonds,912810SR0,2020-06-01,2040-05-15,1.125,60036.6391,0,11/15,05/15,null,null,22099.6866,30,09,0,null,460,1.22
2025-09-30,2025-09-30,2025,4,2025,3,Marketable,Bonds,912810SR0,2020-06-30,2040-05-15,1.125,null,0,11/15,05/15,null,null,19325.0903,30,09,0,null,461,1.314
2025-09-30,2025-09-30,2025,4,2025,3,Marketable,Bonds,912810SR0,2020-07-31,2040-05-15,1.125,null,0,11/15,05/15,null,null,18931.8622,30,09,-320,null,462,1.059
2025-09-30,2025-09-30,2025,4,2025,3,Marketable,Bonds,912810QK7,2010-08-16,2040-08-15,3.875,43213.3168,0,02/15,08/15,null,null,16958.1849,30,09,0,null,463,3.954
2025-09-30,2025-09-30,2025,4,2025,3,Marketable,Bonds,912810QK7,2010-09-15,2040-08-15,3.875,null,0,02/15,08/15,null,null,13140.6836,30,09,0,null,464,3.82
2025-09-30,2025-09-30,2025,4,2025,3,Marketable,Bonds,912810QK7,2010-10-15,2040-08-15,3.875,null,0,02/15,08/15,null,null,13114.4483,30,09,0,null,465,3.852
2025-09-30,2025-09-30,2025,4,2025,3,Marketable,Bonds,912810SQ2,2020-08-31,2040-08-15,1.125,76183.7494,0,02/15,08/15,null,null,27171.8514,30,09,0,null,466,1.185
2025-09-30,2025-09-30,2025,4,2025,3,Marketable,Bonds,912810SQ2,2020-09-30,2040-08-15,1.125,null,0,02/15,08/15,null,null,25011.8285,30,09,0,null,467,1.213
2025-09-30,2025-09-30,2025,4,2025,3,Marketable,Bonds,912810SQ2,2020-11-02,2040-08-15,1.125,null,0,02/15,08/15,null,null,24334.0695,30,09,-334,null,468,1.37
2025-09-30,2025-09-30,2025,4,2025,3,Marketable,Bonds,912810QL5,2010-11-15,2040-11-15,4.25,42903.1887,0,05/15,11/15,null,null,16429.1341,30,09,0,null,469,4.32
2025-09-30,2025-09-30,2025,4,2025,3,Marketable,Bonds,912810QL5,2010-12-15,2040-11-15,4.25,null,0,05/15,11/15,null,null,13189.1358,30,09,0,null,470,4.41
2025-09-30,2025-09-30,2025,4,2025,3,Marketable,Bonds,912810QL5,2011-01-18,2040-11-15,4.25,null,0,05/15,11/15,null,null,13284.9188,30,09,0,null,471,4.515
2025-09-30,2025-09-30,2025,4,2025,3,Marketable,Bonds,912810ST6,2020-11-30,2040-11-15,1.375,85406.9695,0,05/15,11/15,null,null,30745.6257,30,09,0,null,472,1.422
2025-09-30,2025-09-30,2025,4,2025,3,Marketable,Bonds,912810ST6,2020-12-31,2040-11-15,1.375,null,0,05/15,11/15,null,null,27651.533,30,09,0,null,473,1.47
2025-09-30,2025-09-30,2025,4,2025,3,Marketable,Bonds,912810ST6,2021-02-01,2040-11-15,1.375,null,0,05/15,11/15,null,null,27243.8108,30,09,-234,null,474,1.657
2025-09-30,2025-09-30,2025,4,2025,3,Marketable,Bonds,912810QN1,2011-02-15,2041-02-15,4.75,43004.9451,0,08/15,02/15,null,null,16366.1608,30,09,0,null,475,4.75
2025-09-30,2025-09-30,2025,4,2025,3,Marketable,Bonds,912810QN1,2011-03-15,2041-02-15,4.75,null,0,08/15,02/15,null,null,12998.8176,30,09,0,null,476,4.569
2025-09-30,2025-09-30,2025,4,2025,3,Marketable,Bonds,912810QN1,2011-04-15,2041-02-15,4.75,null,0,08/15,02/15,null,null,13639.9667,30,09,0,null,477,4.531
2025-09-30,2025-09-30,2025,4,2025,3,Marketable,Bonds,912810SW9,2021-03-01,2041-02-15,1.875,86478.0878,0,08/15,02/15,null,null,32849.0387,30,09,0,null,478,1.92
2025-09-30,2025-09-30,2025,4,2025,3,Marketable,Bonds,912810SW9,2021-03-31,2041-02-15,1.875,null,0,08/15,02/15,null,null,28309.705,30,09,0,null,479,2.29
2025-09-30,2025-09-30,2025,4,2025,3,Marketable,Bonds,912810SW9,2021-04-30,2041-02-15,1.875,null,0,08/15,02/15,null,null,28583.3441,30,09,-3264,null,480,2.144
2025-09-30,2025-09-30,2025,4,2025,3,Marketable,Bonds,912810QQ4,2011-05-16,2041-05-15,4.375,41995.5073,0,11/15,05/15,null,null,16000.0039,30,09,0,null,481,4.38
2025-09-30,2025-09-30,2025,4,2025,3,Marketable,Bonds,912810QQ4,2011-06-15,2041-05-15,4.375,null,0,11/15,05/15,null,null,12995.5056,30,09,0,null,482,4.238
2025-09-30,2025-09-30,2025,4,2025,3,Marketable,Bonds,912810QQ4,2011-07-15,2041-05-15,4.375,null,0,11/15,05/15,null,null,12999.9978,30,09,0,null,483,4.198
2025-09-30,2025-09-30,2025,4,2025,3,Marketable,Bonds,912810SY5,2021-06-01,2041-05-15,2.25,78061.8406,0,11/15,05/15,null,null,32240.4836,30,09,0,null,484,2.286
2025-09-30,2025-09-30,2025,4,2025,3,Marketable,Bonds,912810SY5,2021-06-30,2041-05-15,2.25,null,0,11/15,05/15,null,null,27643.0298,30,09,0,null,485,2.12
2025-09-30,2025-09-30,2025,4,2025,3,Marketable,Bonds,912810SY5,2021-08-02,2041-05-15,2.25,null,0,11/15,05/15,null,null,26298.3272,30,09,-8120,null,486,1.89
2025-09-30,2025-09-30,2025,4,2025,3,Marketable,Bonds,912810QS0,2011-08-15,2041-08-15,3.75,42488.8374,0,02/15,08/15,null,null,16489.8004,30,09,0,null,487,3.75
2025-09-30,2025-09-30,2025,4,2025,3,Marketable,Bonds,912810QS0,2011-09-15,2041-08-15,3.75,null,0,02/15,08/15,null,null,12999.1178,30,09,0,null,488,3.31
2025-09-30,2025-09-30,2025,4,2025,3,Marketable,Bonds,912810QS0,2011-10-17,2041-08-15,3.75,null,0,02/15,08/15,null,null,12999.9192,30,09,0,null,489,3.12
2025-09-30,2025-09-30,2025,4,2025,3,Marketable,Bonds,912810TA6,2021-08-31,2041-08-15,1.75,78873.7416,0,02/15,08/15,null,null,30392.3486,30,09,0,null,490,1.85
2025-09-30,2025-09-30,2025,4,2025,3,Marketable,Bonds,912810TA6,2021-09-30,2041-08-15,1.75,null,0,02/15,08/15,null,null,26889.9079,30,09,0,null,491,1.795
2025-09-30,2025-09-30,2025,4,2025,3,Marketable,Bonds,912810TA6,2021-11-01,2041-08-15,1.75,null,0,02/15,08/15,null,null,26440.4851,30,09,-4849,null,492,2.1
2025-09-30,2025-09-30,2025,4,2025,3,Marketable,Bonds,912810QT8,2011-11-15,2041-11-15,3.125,44622.4439,0,05/15,11/15,null,null,17224.2705,30,09,0,null,493,3.199
2025-09-30,2025-09-30,2025,4,2025,3,Marketable,Bonds,912810QT8,2011-12-15,2041-11-15,3.125,null,0,05/15,11/15,null,null,13475.7731,30,09,0,null,494,2.925
2025-09-30,2025-09-30,2025,4,2025,3,Marketable,Bonds,912810QT8,2012-01-17,2041-11-15,3.125,null,0,05/15,11/15,null,null,13922.4003,30,09,0,null,495,2.985
2025-09-30,2025-09-30,2025,4,2025,3,Marketable,Bonds,912810TC2,2021-11-30,2041-11-15,2,70149.6658,0,05/15,11/15,null,null,24895.2035,30,09,0,null,496,2.065
2025-09-30,2025-09-30,2025,4,2025,3,Marketable,Bonds,912810TC2,2021-12-06,2041-11-15,2,null,0,05/15,11/15,null,null,25.0001,30,09,0,null,497,1.872
2025-09-30,2025-09-30,2025,4,2025,3,Marketable,Bonds,912810TC2,2021-12-31,2041-11-15,2,null,0,05/15,11/15,null,null,22717.2465,30,09,0,null,498,1.942
2025-09-30,2025-09-30,2025,4,2025,3,Marketable,Bonds,912810TC2,2022-01-31,2041-11-15,2,null,0,05/15,11/15,null,null,22988.2157,30,09,-476,null,499,2.21
2025-09-30,2025-09-30,2025,4,2025,3,Marketable,Bonds,912810QU5,2012-02-15,2042-02-15,3.125,47219.0442,0,08/15,02/15,null,null,17950.9148,30,09,0,null,500,3.24
2025-09-30,2025-09-30,2025,4,2025,3,Marketable,Bonds,912810QU5,2012-03-15,2042-02-15,3.125,null,0,08/15,02/15,null,null,13902.6631,30,09,0,null,501,3.383
2025-09-30,2025-09-30,2025,4,2025,3,Marketable,Bonds,912810QU5,2012-04-16,2042-02-15,3.125,null,0,08/15,02/15,null,null,15365.4663,30,09,0,null,502,3.23
2025-09-30,2025-09-30,2025,4,2025,3,Marketable,Bonds,912810TF5,2022-02-28,2042-02-15,2.375,58470.3664,0,08/15,02/15,null,null,22252.0759,30,09,0,null,503,2.396
2025-09-30,2025-09-30,2025,4,2025,3,Marketable,Bonds,912810TF5,2022-03-31,2042-02-15,2.375,null,0,08/15,02/15,null,null,18975.4948,30,09,0,null,504,2.651
2025-09-30,2025-09-30,2025,4,2025,3,Marketable,Bonds,912810TF5,2022-05-02,2042-02-15,2.375,null,0,08/15,02/15,null,null,18212.7957,30,09,-970,null,505,3.095
2025-09-30,2025-09-30,2025,4,2025,3,Marketable,Bonds,912810QW1,2012-05-15,2042-05-15,3,43918.6856,0,11/15,05/15,null,null,17001.0186,30,09,0,null,506,3.09
2025-09-30,2025-09-30,2025,4,2025,3,Marketable,Bonds,912810QW1,2012-06-15,2042-05-15,3,null,0,11/15,05/15,null,null,13917.7567,30,09,0,null,507,2.72
2025-09-30,2025-09-30,2025,4,2025,3,Marketable,Bonds,912810QW1,2012-07-16,2042-05-15,3,null,0,11/15,05/15,null,null,12999.9103,30,09,0,null,508,2.58
2025-09-30,2025-09-30,2025,4,2025,3,Marketable,Bonds,912810TH1,2022-05-31,2042-05-15,3.25,47349.8382,0,11/15,05/15,null,null,19555.7451,30,09,0,null,509,3.29
2025-09-30,2025-09-30,2025,4,2025,3,Marketable,Bonds,912810TH1,2022-06-30,2042-05-15,3.25,null,0,11/15,05/15,null,null,15070.4468,30,09,0,null,510,3.488
2025-09-30,2025-09-30,2025,4,2025,3,Marketable,Bonds,912810TH1,2022-08-01,2042-05-15,3.25,null,0,11/15,05/15,null,null,15209.6463,30,09,-2486,null,511,3.42
2025-09-30,2025-09-30,2025,4,2025,3,Marketable,Bonds,912810QX9,2012-08-15,2042-08-15,2.75,41795.4323,0,02/15,08/15,null,null,16000.2196,30,09,0,null,512,2.825
2025-09-30,2025-09-30,2025,4,2025,3,Marketable,Bonds,912810QX9,2012-09-17,2042-08-15,2.75,null,0,02/15,08/15,null,null,12995.1937,30,09,0,null,513,2.896
2025-09-30,2025-09-30,2025,4,2025,3,Marketable,Bonds,912810QX9,2012-10-15,2042-08-15,2.75,null,0,02/15,08/15,null,null,13000.019,30,09,-200,null,514,2.904
2025-09-30,2025-09-30,2025,4,2025,3,Marketable,Bonds,912810TK4,2022-08-31,2042-08-15,3.375,40693.8734,0,02/15,08/15,null,null,16951.7991,30,09,0,null,515,3.38
2025-09-30,2025-09-30,2025,4,2025,3,Marketable,Bonds,912810TK4,2022-09-30,2042-08-15,3.375,null,0,02/15,08/15,null,null,11999.5947,30,09,0,null,516,3.82
2025-09-30,2025-09-30,2025,4,2025,3,Marketable,Bonds,912810TK4,2022-10-31,2042-08-15,3.375,null,0,02/15,08/15,null,null,11988.4796,30,09,-246,null,517,4.395
2025-09-30,2025-09-30,2025,4,2025,3,Marketable,Bonds,912810QY7,2012-11-15,2042-11-15,2.75,41944.0093,0,05/15,11/15,null,null,15995.0058,30,09,0,null,518,2.82
2025-09-30,2025-09-30,2025,4,2025,3,Marketable,Bonds,912810QY7,2012-12-17,2042-11-15,2.75,null,0,05/15,11/15,null,null,12999.0028,30,09,0,null,519,2.917
2025-09-30,2025-09-30,2025,4,2025,3,Marketable,Bonds,912810QY7,2013-01-15,2042-11-15,2.75,null,0,05/15,11/15,null,null,13000.0007,30,09,-50,null,520,3.07
2025-09-30,2025-09-30,2025,4,2025,3,Marketable,Bonds,912810TM0,2022-11-30,2042-11-15,4,40605.2837,0,05/15,11/15,null,null,16617.352,30,09,0,null,521,4.072
2025-09-30,2025-09-30,2025,4,2025,3,Marketable,Bonds,912810TM0,2023-01-03,2042-11-15,4,null,0,05/15,11/15,null,null,11988.0811,30,09,0,null,522,3.935
2025-09-30,2025-09-30,2025,4,2025,3,Marketable,Bonds,912810TM0,2023-01-31,2042-11-15,4,null,0,05/15,11/15,null,null,11999.8506,30,09,0,null,523,3.678
2025-09-30,2025-09-30,2025,4,2025,3,Marketable,Bonds,912810QZ4,2013-02-15,2043-02-15,3.125,41999.7585,0,08/15,02/15,null,null,15999.8365,30,09,0,null,524,3.18
2025-09-30,2025-09-30,2025,4,2025,3,Marketable,Bonds,912810QZ4,2013-03-15,2043-02-15,3.125,null,0,08/15,02/15,null,null,13000.0354,30,09,0,null,525,3.248
2025-09-30,2025-09-30,2025,4,2025,3,Marketable,Bonds,912810QZ4,2013-04-15,2043-02-15,3.125,null,0,08/15,02/15,null,null,12999.8866,30,09,0,null,526,2.998
2025-09-30,2025-09-30,2025,4,2025,3,Marketable,Bonds,912810TQ1,2023-02-28,2043-02-15,3.875,43560.0195,0,08/15,02/15,null,null,18408.0483,30,09,0,null,527,3.977
2025-09-30,2025-09-30,2025,4,2025,3,Marketable,Bonds,912810TQ1,2023-03-31,2043-02-15,3.875,null,0,08/15,02/15,null,null,11990.6048,30,09,0,null,528,3.909
2025-09-30,2025-09-30,2025,4,2025,3,Marketable,Bonds,912810TQ1,2023-05-01,2043-02-15,3.875,null,0,08/15,02/15,null,null,13161.3664,30,09,0,null,529,3.92
2025-09-30,2025-09-30,2025,4,2025,3,Marketable,Bonds,912810RB6,2013-05-15,2043-05-15,2.875,41799.3186,0,11/15,05/15,null,null,16000.0296,30,09,0,null,530,2.98
2025-09-30,2025-09-30,2025,4,2025,3,Marketable,Bonds,912810RB6,2013-06-17,2043-05-15,2.875,null,0,11/15,05/15,null,null,13000.0033,30,09,0,null,531,3.355
2025-09-30,2025-09-30,2025,4,2025,3,Marketable,Bonds,912810RB6,2013-07-15,2043-05-15,2.875,null,0,11/15,05/15,null,null,12999.2857,30,09,-200,null,532,3.66
2025-09-30,2025-09-30,2025,4,2025,3,Marketable,Bonds,912810TS7,2023-05-31,2043-05-15,3.875,41653.4109,0,11/15,05/15,null,null,17805.7796,30,09,0,null,533,3.954
2025-09-30,2025-09-30,2025,4,2025,3,Marketable,Bonds,912810TS7,2023-06-30,2043-05-15,3.875,null,0,11/15,05/15,null,null,11998.6551,30,09,0,null,534,4.01
2025-09-30,2025-09-30,2025,4,2025,3,Marketable,Bonds,912810TS7,2023-07-31,2043-05-15,3.875,null,0,11/15,05/15,null,null,11848.9762,30,09,0,null,535,4.036
2025-09-30,2025-09-30,2025,4,2025,3,Marketable,Bonds,912810RC4,2013-08-15,2043-08-15,3.625,41903.9684,0,02/15,08/15,null,null,15998.8569,30,09,0,null,536,3.652
2025-09-30,2025-09-30,2025,4,2025,3,Marketable,Bonds,912810RC4,2013-09-16,2043-08-15,3.625,null,0,02/15,08/15,null,null,13000.0197,30,09,0,null,537,3.82
2025-09-30,2025-09-30,2025,4,2025,3,Marketable,Bonds,912810RC4,2013-10-15,2043-08-15,3.625,null,0,02/15,08/15,null,null,13000.0918,30,09,-95,null,538,3.758
2025-09-30,2025-09-30,2025,4,2025,3,Marketable,Bonds,912810TU2,2023-08-31,2043-08-15,4.375,43651.3723,0,02/15,08/15,null,null,17652.3537,30,09,0,null,539,4.499
2025-09-30,2025-09-30,2025,4,2025,3,Marketable,Bonds,912810TU2,2023-10-02,2043-08-15,4.375,null,0,02/15,08/15,null,null,12999.3369,30,09,0,null,540,4.592
2025-09-30,2025-09-30,2025,4,2025,3,Marketable,Bonds,912810TU2,2023-10-31,2043-08-15,4.375,null,0,02/15,08/15,null,null,12999.6817,30,09,0,null,541,5.245
2025-09-30,2025-09-30,2025,4,2025,3,Marketable,Bonds,912810RD2,2013-11-15,2043-11-15,3.75,41994.7869,0,05/15,11/15,null,null,15995.0431,30,09,0,null,542,3.81
2025-09-30,2025-09-30,2025,4,2025,3,Marketable,Bonds,912810RD2,2013-12-16,2043-11-15,3.75,null,0,05/15,11/15,null,null,12999.7067,30,09,0,null,543,3.9
2025-09-30,2025-09-30,2025,4,2025,3,Marketable,Bonds,912810RD2,2014-01-15,2043-11-15,3.75,null,0,05/15,11/15,null,null,13000.0371,30,09,0,null,544,3.899
2025-09-30,2025-09-30,2025,4,2025,3,Marketable,Bonds,912810TW8,2023-11-30,2043-11-15,4.75,42177.9155,0,05/15,11/15,null,null,16182.2245,30,09,0,null,545,4.78
2025-09-30,2025-09-30,2025,4,2025,3,Marketable,Bonds,912810TW8,2024-01-02,2043-11-15,4.75,null,0,05/15,11/15,null,null,12997.1982,30,09,0,null,546,4.213
2025-09-30,2025-09-30,2025,4,2025,3,Marketable,Bonds,912810TW8,2024-01-31,2043-11-15,4.75,null,0,05/15,11/15,null,null,12998.4928,30,09,0,null,547,4.423
2025-09-30,2025-09-30,2025,4,2025,3,Marketable,Bonds,912810RE0,2014-02-18,2044-02-15,3.625,41844.8793,0,08/15,02/15,null,null,15999.7548,30,09,0,null,548,3.69
2025-09-30,2025-09-30,2025,4,2025,3,Marketable,Bonds,912810RE0,2014-03-17,2044-02-15,3.625,null,0,08/15,02/15,null,null,13000.1118,30,09,0,null,549,3.63
2025-09-30,2025-09-30,2025,4,2025,3,Marketable,Bonds,912810RE0,2014-04-15,2044-02-15,3.625,null,0,08/15,02/15,null,null,13000.0127,30,09,-155,null,550,3.525
2025-09-30,2025-09-30,2025,4,2025,3,Marketable,Bonds,912810TZ1,2024-02-29,2044-02-15,4.5,42722.0477,0,08/15,02/15,null,null,16673.428,30,09,0,null,551,4.595
2025-09-30,2025-09-30,2025,4,2025,3,Marketable,Bonds,912810TZ1,2024-04-01,2044-02-15,4.5,null,0,08/15,02/15,null,null,12987.526,30,09,0,null,552,4.542
2025-09-30,2025-09-30,2025,4,2025,3,Marketable,Bonds,912810TZ1,2024-04-30,2044-02-15,4.5,null,0,08/15,02/15,null,null,13061.0937,30,09,0,null,553,4.818
2025-09-30,2025-09-30,2025,4,2025,3,Marketable,Bonds,912810RG5,2014-05-15,2044-05-15,3.375,41988.1145,0,11/15,05/15,null,null,15995.1467,30,09,0,null,554,3.44
2025-09-30,2025-09-30,2025,4,2025,3,Marketable,Bonds,912810RG5,2014-06-16,2044-05-15,3.375,null,0,11/15,05/15,null,null,12999.9971,30,09,0,null,555,3.444
2025-09-30,2025-09-30,2025,4,2025,3,Marketable,Bonds,912810RG5,2014-07-15,2044-05-15,3.375,null,0,11/15,05/15,null,null,12996.9707,30,09,-4,null,556,3.369
2025-09-30,2025-09-30,2025,4,2025,3,Marketable,Bonds,912810UB2,2024-05-31,2044-05-15,4.625,44114.703,0,11/15,05/15,null,null,16947.1942,30,09,0,null,557,4.635
2025-09-30,2025-09-30,2025,4,2025,3,Marketable,Bonds,912810UB2,2024-07-01,2044-05-15,4.625,null,0,11/15,05/15,null,null,13451.7413,30,09,0,null,558,4.452
2025-09-30,2025-09-30,2025,4,2025,3,Marketable,Bonds,912810UB2,2024-07-31,2044-05-15,4.625,null,0,11/15,05/15,null,null,13715.7675,30,09,0,null,559,4.466
2025-09-30,2025-09-30,2025,4,2025,3,Marketable,Bonds,912810RH3,2014-08-15,2044-08-15,3.125,42000.0298,0,02/15,08/15,null,null,15999.9999,30,09,0,null,560,3.224
2025-09-30,2025-09-30,2025,4,2025,3,Marketable,Bonds,912810RH3,2014-09-15,2044-08-15,3.125,null,0,02/15,08/15,null,null,13000.0509,30,09,0,null,561,3.24
2025-09-30,2025-09-30,2025,4,2025,3,Marketable,Bonds,912810RH3,2014-10-15,2044-08-15,3.125,null,0,02/15,08/15,null,null,12999.979,30,09,0,null,562,3.074
2025-09-30,2025-09-30,2025,4,2025,3,Marketable,Bonds,912810UD8,2024-09-03,2044-08-15,4.125,43757.344,0,02/15,08/15,null,null,17272.689,30,09,0,null,563,4.16
2025-09-30,2025-09-30,2025,4,2025,3,Marketable,Bonds,912810UD8,2024-09-30,2044-08-15,4.125,null,0,02/15,08/15,null,null,13266.6896,30,09,0,null,564,4.039
2025-09-30,2025-09-30,2025,4,2025,3,Marketable,Bonds,912810UD8,2024-10-31,2044-08-15,4.125,null,0,02/15,08/15,null,null,13217.9654,30,09,0,null,565,4.59
2025-09-30,2025-09-30,2025,4,2025,3,Marketable,Bonds,912810RJ9,2014-11-17,2044-11-15,3,41474.8915,0,05/15,11/15,null,null,16021.3911,30,09,0,null,566,3.092
2025-09-30,2025-09-30,2025,4,2025,3,Marketable,Bonds,912810RJ9,2014-12-15,2044-11-15,3,null,0,05/15,11/15,null,null,13000.0093,30,09,0,null,567,2.848
2025-09-30,2025-09-30,2025,4,2025,3,Marketable,Bonds,912810RJ9,2015-01-15,2044-11-15,3,null,0,05/15,11/15,null,null,12999.4911,30,09,-546,null,568,2.43
2025-09-30,2025-09-30,2025,4,2025,3,Marketable,Bonds,912810UF3,2024-12-02,2044-11-15,4.625,43920.3344,0,05/15,11/15,null,null,17088.2739,30,09,0,null,569,4.68
2025-09-30,2025-09-30,2025,4,2025,3,Marketable,Bonds,912810UF3,2024-12-31,2044-11-15,4.625,null,0,05/15,11/15,null,null,13126.8009,30,09,0,null,570,4.686
2025-09-30,2025-09-30,2025,4,2025,3,Marketable,Bonds,912810UF3,2025-01-31,2044-11-15,4.625,null,0,05/15,11/15,null,null,13705.2596,30,09,0,null,571,4.9
2025-09-30,2025-09-30,2025,4,2025,3,Marketable,Bonds,912810RK6,2015-02-17,2045-02-15,2.5,42000.609,0,08/15,02/15,null,null,16000.5989,30,09,0,null,572,2.56
2025-09-30,2025-09-30,2025,4,2025,3,Marketable,Bonds,912810RK6,2015-03-16,2045-02-15,2.5,null,0,08/15,02/15,null,null,13000.0013,30,09,0,null,573,2.681
2025-09-30,2025-09-30,2025,4,2025,3,Marketable,Bonds,912810RK6,2015-04-15,2045-02-15,2.5,null,0,08/15,02/15,null,null,13000.0088,30,09,0,null,574,2.597
2025-09-30,2025-09-30,2025,4,2025,3,Marketable,Bonds,912810UJ5,2025-02-28,2045-02-15,4.75,44864.9406,0,08/15,02/15,null,null,17610.6903,30,09,0,null,575,4.83
2025-09-30,2025-09-30,2025,4,2025,3,Marketable,Bonds,912810UJ5,2025-03-31,2045-02-15,4.75,null,0,08/15,02/15,null,null,13374.3095,30,09,0,null,576,4.632
2025-09-30,2025-09-30,2025,4,2025,3,Marketable,Bonds,912810UJ5,2025-04-30,2045-02-15,4.75,null,0,08/15,02/15,null,null,13879.9408,30,09,0,null,577,4.81
2025-09-30,2025-09-30,2025,4,2025,3,Marketable,Bonds,912810RM2,2015-05-15,2045-05-15,3,41285.7146,0,11/15,05/15,null,null,16361.9009,30,09,0,null,578,3.044
2025-09-30,2025-09-30,2025,4,2025,3,Marketable,Bonds,912810RM2,2015-06-15,2045-05-15,3,null,0,11/15,05/15,null,null,12999.8126,30,09,0,null,579,3.138
2025-09-30,2025-09-30,2025,4,2025,3,Marketable,Bonds,912810RM2,2015-07-15,2045-05-15,3,null,0,11/15,05/15,null,null,13000.0011,30,09,-1076,null,580,3.084
2025-09-30,2025-09-30,2025,4,2025,3,Marketable,Bonds,912810UL0,2025-06-02,2045-05-15,5,46364.0169,0,11/15,05/15,null,null,18188.7909,30,09,0,null,581,5.047
2025-09-30,2025-09-30,2025,4,2025,3,Marketable,Bonds,912810UL0,2025-06-30,2045-05-15,5,null,0,11/15,05/15,null,null,14291.8834,30,09,0,null,582,4.942
2025-09-30,2025-09-30,2025,4,2025,3,Marketable,Bonds,912810UL0,2025-07-31,2045-05-15,5,null,0,11/15,05/15,null,null,13883.3426,30,09,0,null,583,4.935
2025-09-30,2025-09-30,2025,4,2025,3,Marketable,Bonds,912810RN0,2015-08-17,2045-08-15,2.875,40300.9862,0,02/15,08/15,null,null,16321.6472,30,09,0,null,584,2.88
2025-09-30,2025-09-30,2025,4,2025,3,Marketable,Bonds,912810RN0,2015-09-15,2045-08-15,2.875,null,0,02/15,08/15,null,null,12999.3338,30,09,0,null,585,2.98
2025-09-30,2025-09-30,2025,4,2025,3,Marketable,Bonds,912810RN0,2015-10-15,2045-08-15,2.875,null,0,02/15,08/15,null,null,13000.0052,30,09,-2020,null,586,2.914
2025-09-30,2025-09-30,2025,4,2025,3,Marketable,Bonds,912810UN6,2025-09-02,2045-08-15,4.875,31635.9574,0,02/15,08/15,null,null,17928.618,30,09,0,null,587,4.876
2025-09-30,2025-09-30,2025,4,2025,3,Marketable,Bonds,912810UN6,2025-09-30,2045-08-15,4.875,null,0,02/15,08/15,null,null,13707.3394,30,09,0,null,588,4.613
2025-09-30,2025-09-30,2025,4,2025,3,Marketable,Bonds,912810RP5,2015-11-16,2045-11-15,3,41791.6697,0,05/15,11/15,null,null,16081.6808,30,09,0,null,589,3.07
2025-09-30,2025-09-30,2025,4,2025,3,Marketable,Bonds,912810RP5,2015-12-15,2045-11-15,3,null,0,05/15,11/15,null,null,13000.0033,30,09,0,null,590,2.978
2025-09-30,2025-09-30,2025,4,2025,3,Marketable,Bonds,912810RP5,2016-01-15,2045-11-15,3,null,0,05/15,11/15,null,null,12994.9856,30,09,-285,null,591,2.905
2025-09-30,2025-09-30,2025,4,2025,3,Marketable,Bonds,912810RQ3,2016-02-16,2046-02-15,2.5,38570.1694,0,08/15,02/15,null,null,16172.8217,30,09,0,null,592,2.5
2025-09-30,2025-09-30,2025,4,2025,3,Marketable,Bonds,912810RQ3,2016-03-15,2046-02-15,2.5,null,0,08/15,02/15,null,null,11999.9,30,09,0,null,593,2.72
2025-09-30,2025-09-30,2025,4,2025,3,Marketable,Bonds,912810RQ3,2016-04-15,2046-02-15,2.5,null,0,08/15,02/15,null,null,12079.4477,30,09,-1682,null,594,2.596
2025-09-30,2025-09-30,2025,4,2025,3,Marketable,Bonds,912810RS9,2016-05-16,2046-05-15,2.5,40477.5347,0,11/15,05/15,null,null,18392.2459,30,09,0,null,595,2.615
2025-09-30,2025-09-30,2025,4,2025,3,Marketable,Bonds,912810RS9,2016-06-15,2046-05-15,2.5,null,0,11/15,05/15,null,null,11999.9822,30,09,0,null,596,2.475
2025-09-30,2025-09-30,2025,4,2025,3,Marketable,Bonds,912810RS9,2016-07-15,2046-05-15,2.5,null,0,11/15,05/15,null,null,12781.3066,30,09,-2696,null,597,2.172
2025-09-30,2025-09-30,2025,4,2025,3,Marketable,Bonds,912810RT7,2016-08-15,2046-08-15,2.25,40536.4068,0,02/15,08/15,null,null,16536.3595,30,09,0,null,598,2.274
2025-09-30,2025-09-30,2025,4,2025,3,Marketable,Bonds,912810RT7,2016-09-15,2046-08-15,2.25,null,0,02/15,08/15,null,null,12000.0163,30,09,0,null,599,2.475
2025-09-30,2025-09-30,2025,4,2025,3,Marketable,Bonds,912810RT7,2016-10-17,2046-08-15,2.25,null,0,02/15,08/15,null,null,12000.031,30,09,0,null,600,2.47
2025-09-30,2025-09-30,2025,4,2025,3,Marketable,Bonds,912810RU4,2016-11-15,2046-11-15,2.875,40064.7745,0,05/15,11/15,null,null,18283.8168,30,09,0,null,601,2.902
2025-09-30,2025-09-30,2025,4,2025,3,Marketable,Bonds,912810RU4,2016-12-15,2046-11-15,2.875,null,0,05/15,11/15,null,null,12000.0298,30,09,0,null,602,3.152
2025-09-30,2025-09-30,2025,4,2025,3,Marketable,Bonds,912810RU4,2017-01-17,2046-11-15,2.875,null,0,05/15,11/15,null,null,12664.9279,30,09,-2884,null,603,2.914
2025-09-30,2025-09-30,2025,4,2025,3,Marketable,Bonds,912810RV2,2017-02-15,2047-02-15,3,36616.504,0,08/15,02/15,null,null,16731.8897,30,09,0,null,604,3.005
2025-09-30,2025-09-30,2025,4,2025,3,Marketable,Bonds,912810RV2,2017-03-15,2047-02-15,3,null,0,08/15,02/15,null,null,11999.9942,30,09,0,null,605,3.17
2025-09-30,2025-09-30,2025,4,2025,3,Marketable,Bonds,912810RV2,2017-04-17,2047-02-15,3,null,0,08/15,02/15,null,null,12098.6201,30,09,-4214,null,606,2.938
2025-09-30,2025-09-30,2025,4,2025,3,Marketable,Bonds,912810RX8,2017-05-15,2047-05-15,3,42834.115,0,11/15,05/15,null,null,19950.6049,30,09,0,null,607,3.05
2025-09-30,2025-09-30,2025,4,2025,3,Marketable,Bonds,912810RX8,2017-06-15,2047-05-15,3,null,0,11/15,05/15,null,null,11999.5917,30,09,0,null,608,2.87
2025-09-30,2025-09-30,2025,4,2025,3,Marketable,Bonds,912810RX8,2017-07-17,2047-05-15,3,null,0,11/15,05/15,null,null,12273.9184,30,09,-1390,null,609,2.936
2025-09-30,2025-09-30,2025,4,2025,3,Marketable,Bonds,912810RY6,2017-08-15,2047-08-15,2.75,43511.3307,0,02/15,08/15,null,null,19513.2736,30,09,0,null,610,2.818
2025-09-30,2025-09-30,2025,4,2025,3,Marketable,Bonds,912810RY6,2017-09-15,2047-08-15,2.75,null,0,02/15,08/15,null,null,11999.8802,30,09,0,null,611,2.79
2025-09-30,2025-09-30,2025,4,2025,3,Marketable,Bonds,912810RY6,2017-10-16,2047-08-15,2.75,null,0,02/15,08/15,null,null,11999.1769,30,09,-1,null,612,2.87
2025-09-30,2025-09-30,2025,4,2025,3,Marketable,Bonds,912810RZ3,2017-11-15,2047-11-15,2.75,41228.7507,0,05/15,11/15,null,null,16823.7432,30,09,0,null,613,2.801
2025-09-30,2025-09-30,2025,4,2025,3,Marketable,Bonds,912810RZ3,2017-12-15,2047-11-15,2.75,null,0,05/15,11/15,null,null,11999.0648,30,09,0,null,614,2.804
2025-09-30,2025-09-30,2025,4,2025,3,Marketable,Bonds,912810RZ3,2018-01-16,2047-11-15,2.75,null,0,05/15,11/15,null,null,12405.9427,30,09,0,null,615,2.867
2025-09-30,2025-09-30,2025,4,2025,3,Marketable,Bonds,912810SA7,2018-02-15,2048-02-15,3,44951.5056,0,08/15,02/15,null,null,19022.2402,30,09,0,null,616,3.121
2025-09-30,2025-09-30,2025,4,2025,3,Marketable,Bonds,912810SA7,2018-03-15,2048-02-15,3,null,0,08/15,02/15,null,null,12999.9921,30,09,0,null,617,3.109
2025-09-30,2025-09-30,2025,4,2025,3,Marketable,Bonds,912810SA7,2018-04-16,2048-02-15,3,null,0,08/15,02/15,null,null,13022.2733,30,09,-93,null,618,3.044
2025-09-30,2025-09-30,2025,4,2025,3,Marketable,Bonds,912810SC3,2018-05-15,2048-05-15,3.125,48667.624,0,11/15,05/15,null,null,21098.1838,30,09,0,null,619,3.13
2025-09-30,2025-09-30,2025,4,2025,3,Marketable,Bonds,912810SC3,2018-06-15,2048-05-15,3.125,null,0,11/15,05/15,null,null,14000.0293,30,09,0,null,620,3.1
2025-09-30,2025-09-30,2025,4,2025,3,Marketable,Bonds,912810SC3,2018-07-16,2048-05-15,3.125,null,0,11/15,05/15,null,null,14053.4109,30,09,-484,null,621,2.958
2025-09-30,2025-09-30,2025,4,2025,3,Marketable,Bonds,912810SD1,2018-08-15,2048-08-15,3,50339.7811,0,02/15,08/15,null,null,20414.8055,30,09,0,null,622,3.09
2025-09-30,2025-09-30,2025,4,2025,3,Marketable,Bonds,912810SD1,2018-09-17,2048-08-15,3,null,0,02/15,08/15,null,null,15000.0231,30,09,0,null,623,3.088
2025-09-30,2025-09-30,2025,4,2025,3,Marketable,Bonds,912810SD1,2018-10-15,2048-08-15,3,null,0,02/15,08/15,null,null,14999.9525,30,09,-75,null,624,3.344
2025-09-30,2025-09-30,2025,4,2025,3,Marketable,Bonds,912810SE9,2018-11-15,2048-11-15,3.375,54489.2813,0,05/15,11/15,null,null,22873.5907,30,09,0,null,625,3.418
2025-09-30,2025-09-30,2025,4,2025,3,Marketable,Bonds,912810SE9,2018-12-17,2048-11-15,3.375,null,0,05/15,11/15,null,null,15999.9919,30,09,0,null,626,3.165
2025-09-30,2025-09-30,2025,4,2025,3,Marketable,Bonds,912810SE9,2019-01-15,2048-11-15,3.375,null,0,05/15,11/15,null,null,15994.6987,30,09,-379,null,627,3.035
2025-09-30,2025-09-30,2025,4,2025,3,Marketable,Bonds,912810SF6,2019-02-15,2049-02-15,3,55486.5118,0,08/15,02/15,null,null,23574.6037,30,09,0,null,628,3.022
2025-09-30,2025-09-30,2025,4,2025,3,Marketable,Bonds,912810SF6,2019-03-15,2049-02-15,3,null,0,08/15,02/15,null,null,15999.8837,30,09,0,null,629,3.014
2025-09-30,2025-09-30,2025,4,2025,3,Marketable,Bonds,912810SF6,2019-04-15,2049-02-15,3,null,0,08/15,02/15,null,null,16002.0244,30,09,-90,null,630,2.93
2025-09-30,2025-09-30,2025,4,2025,3,Marketable,Bonds,912810SH2,2019-05-15,2049-05-15,2.875,57206.3687,0,11/15,05/15,null,null,25472.4889,30,09,0,null,631,2.892
2025-09-30,2025-09-30,2025,4,2025,3,Marketable,Bonds,912810SH2,2019-06-17,2049-05-15,2.875,null,0,11/15,05/15,null,null,15999.6485,30,09,0,null,632,2.607
2025-09-30,2025-09-30,2025,4,2025,3,Marketable,Bonds,912810SH2,2019-07-15,2049-05-15,2.875,null,0,11/15,05/15,null,null,16136.2313,30,09,-402,null,633,2.644
2025-09-30,2025-09-30,2025,4,2025,3,Marketable,Bonds,912810SJ8,2019-08-15,2049-08-15,2.25,63330.3568,0,02/15,08/15,null,null,31398.5093,30,09,0,null,634,2.335
2025-09-30,2025-09-30,2025,4,2025,3,Marketable,Bonds,912810SJ8,2019-09-16,2049-08-15,2.25,null,0,02/15,08/15,null,null,15997.8287,30,09,0,null,635,2.27
2025-09-30,2025-09-30,2025,4,2025,3,Marketable,Bonds,912810SJ8,2019-10-15,2049-08-15,2.25,null,0,02/15,08/15,null,null,16000.0188,30,09,-66,null,636,2.17
2025-09-30,2025-09-30,2025,4,2025,3,Marketable,Bonds,912810SK5,2019-11-15,2049-11-15,2.375,60080.7488,0,05/15,11/15,null,null,27993.8267,30,09,0,null,637,2.43
2025-09-30,2025-09-30,2025,4,2025,3,Marketable,Bonds,912810SK5,2019-12-16,2049-11-15,2.375,null,0,05/15,11/15,null,null,15998.9551,30,09,0,null,638,2.307
2025-09-30,2025-09-30,2025,4,2025,3,Marketable,Bonds,912810SK5,2020-01-15,2049-11-15,2.375,null,0,05/15,11/15,null,null,16511.967,30,09,-424,null,639,2.341
2025-09-30,2025-09-30,2025,4,2025,3,Marketable,Bonds,912810SL3,2020-02-18,2050-02-15,2,60022.8597,0,08/15,02/15,null,null,27449.7799,30,09,0,null,640,2.061
2025-09-30,2025-09-30,2025,4,2025,3,Marketable,Bonds,912810SL3,2020-03-16,2050-02-15,2,null,0,08/15,02/15,null,null,16015.1411,30,09,0,null,641,1.32
2025-09-30,2025-09-30,2025,4,2025,3,Marketable,Bonds,912810SL3,2020-04-15,2050-02-15,2,null,0,08/15,02/15,null,null,17055.9387,30,09,-498,null,642,1.325
2025-09-30,2025-09-30,2025,4,2025,3,Marketable,Bonds,912810SN9,2020-05-15,2050-05-15,1.25,73566.7975,0,11/15,05/15,null,null,33634.7555,30,09,0,null,643,1.342
2025-09-30,2025-09-30,2025,4,2025,3,Marketable,Bonds,912810SN9,2020-06-15,2050-05-15,1.25,null,0,11/15,05/15,null,null,19270.143,30,09,0,null,644,1.45
2025-09-30,2025-09-30,2025,4,2025,3,Marketable,Bonds,912810SN9,2020-07-15,2050-05-15,1.25,null,0,11/15,05/15,null,null,20666.899,30,09,-5,null,645,1.33
2025-09-30,2025-09-30,2025,4,2025,3,Marketable,Bonds,912810SP4,2020-08-17,2050-08-15,1.375,89018.5089,0,02/15,08/15,null,null,41463.5671,30,09,0,null,646,1.406
2025-09-30,2025-09-30,2025,4,2025,3,Marketable,Bonds,912810SP4,2020-09-15,2050-08-15,1.375,null,0,02/15,08/15,null,null,23945.5682,30,09,0,null,647,1.473
2025-09-30,2025-09-30,2025,4,2025,3,Marketable,Bonds,912810SP4,2020-10-15,2050-08-15,1.375,null,0,02/15,08/15,null,null,23643.3736,30,09,-34,null,648,1.578
2025-09-30,2025-09-30,2025,4,2025,3,Marketable,Bonds,912810SS8,2020-11-16,2050-11-15,1.625,85458.2569,0,05/15,11/15,null,null,34403.3897,30,09,0,null,649,1.68
2025-09-30,2025-09-30,2025,4,2025,3,Marketable,Bonds,912810SS8,2020-12-15,2050-11-15,1.625,null,0,05/15,11/15,null,null,25022.2459,30,09,0,null,650,1.665
2025-09-30,2025-09-30,2025,4,2025,3,Marketable,Bonds,912810SS8,2021-01-15,2050-11-15,1.625,null,0,05/15,11/15,null,null,26412.6213,30,09,-380,null,651,1.825
2025-09-30,2025-09-30,2025,4,2025,3,Marketable,Bonds,912810SU3,2021-02-16,2051-02-15,1.875,89603.4911,0,08/15,02/15,null,null,36794.6651,30,09,0,null,652,1.933
2025-09-30,2025-09-30,2025,4,2025,3,Marketable,Bonds,912810SU3,2021-03-15,2051-02-15,1.875,null,0,08/15,02/15,null,null,25487.4006,30,09,0,null,653,2.295
2025-09-30,2025-09-30,2025,4,2025,3,Marketable,Bonds,912810SU3,2021-04-15,2051-02-15,1.875,null,0,08/15,02/15,null,null,27684.4254,30,09,-363,null,654,2.32
2025-09-30,2025-09-30,2025,4,2025,3,Marketable,Bonds,912810SX7,2021-05-17,2051-05-15,2.375,94902.5868,0,11/15,05/15,null,null,41323.6408,30,09,0,null,655,2.395
2025-09-30,2025-09-30,2025,4,2025,3,Marketable,Bonds,912810SX7,2021-06-15,2051-05-15,2.375,null,0,11/15,05/15,null,null,26206.0006,30,09,0,null,656,2.172
2025-09-30,2025-09-30,2025,4,2025,3,Marketable,Bonds,912810SX7,2021-07-15,2051-05-15,2.375,null,0,11/15,05/15,null,null,27950.9454,30,09,-578,null,657,2
2025-09-30,2025-09-30,2025,4,2025,3,Marketable,Bonds,912810SZ2,2021-08-16,2051-08-15,2,91226.6626,0,02/15,08/15,null,null,39045.8235,30,09,0,null,658,2.04
2025-09-30,2025-09-30,2025,4,2025,3,Marketable,Bonds,912810SZ2,2021-09-15,2051-08-15,2,null,0,02/15,08/15,null,null,26555.4562,30,09,0,null,659,1.91
2025-09-30,2025-09-30,2025,4,2025,3,Marketable,Bonds,912810SZ2,2021-10-15,2051-08-15,2,null,0,02/15,08/15,null,null,25805.3829,30,09,-180,null,660,2.049
2025-09-30,2025-09-30,2025,4,2025,3,Marketable,Bonds,912810TB4,2021-11-15,2051-11-15,1.875,90235.3073,0,05/15,11/15,null,null,39461.4257,30,09,0,null,661,1.94
2025-09-30,2025-09-30,2025,4,2025,3,Marketable,Bonds,912810TB4,2021-12-15,2051-11-15,1.875,null,0,05/15,11/15,null,null,25244.0001,30,09,0,null,662,1.895
2025-09-30,2025-09-30,2025,4,2025,3,Marketable,Bonds,912810TB4,2022-01-18,2051-11-15,1.875,null,0,05/15,11/15,null,null,25529.8815,30,09,0,null,663,2.075
2025-09-30,2025-09-30,2025,4,2025,3,Marketable,Bonds,912810TD0,2022-02-15,2052-02-15,2.25,85020.3815,0,08/15,02/15,null,null,36914.1181,30,09,0,null,664,2.34
2025-09-30,2025-09-30,2025,4,2025,3,Marketable,Bonds,912810TD0,2022-03-15,2052-02-15,2.25,null,0,08/15,02/15,null,null,23360.3952,30,09,0,null,665,2.375
2025-09-30,2025-09-30,2025,4,2025,3,Marketable,Bonds,912810TD0,2022-04-18,2052-02-15,2.25,null,0,08/15,02/15,null,null,24770.8682,30,09,-25,null,666,2.815
2025-09-30,2025-09-30,2025,4,2025,3,Marketable,Bonds,912810TG3,2022-05-16,2052-05-15,2.875,78401.1696,0,11/15,05/15,null,null,37386.3303,30,09,0,null,667,2.997
2025-09-30,2025-09-30,2025,4,2025,3,Marketable,Bonds,912810TG3,2022-06-15,2052-05-15,2.875,null,0,11/15,05/15,null,null,20117.1762,30,09,0,null,668,3.185
2025-09-30,2025-09-30,2025,4,2025,3,Marketable,Bonds,912810TG3,2022-07-15,2052-05-15,2.875,null,0,11/15,05/15,null,null,21421.6631,30,09,-524,null,669,3.115
2025-09-30,2025-09-30,2025,4,2025,3,Marketable,Bonds,912810TJ7,2022-08-15,2052-08-15,3,69938.9171,0,02/15,08/15,null,null,34277.0536,30,09,0,null,670,3.106
2025-09-30,2025-09-30,2025,4,2025,3,Marketable,Bonds,912810TJ7,2022-09-15,2052-08-15,3,null,0,02/15,08/15,null,null,17999.8732,30,09,0,null,671,3.511
2025-09-30,2025-09-30,2025,4,2025,3,Marketable,Bonds,912810TJ7,2022-10-17,2052-08-15,3,null,0,02/15,08/15,null,null,17999.9903,30,09,-338,null,672,3.93
2025-09-30,2025-09-30,2025,4,2025,3,Marketable,Bonds,912810TL2,2022-11-15,2052-11-15,4,64339.912,0,05/15,11/15,null,null,28353.3102,30,09,0,null,673,4.08
2025-09-30,2025-09-30,2025,4,2025,3,Marketable,Bonds,912810TL2,2022-12-15,2052-11-15,4,null,0,05/15,11/15,null,null,17986.576,30,09,0,null,674,3.513
2025-09-30,2025-09-30,2025,4,2025,3,Marketable,Bonds,912810TL2,2023-01-17,2052-11-15,4,null,0,05/15,11/15,null,null,18000.0258,30,09,0,null,675,3.585
2025-09-30,2025-09-30,2025,4,2025,3,Marketable,Bonds,912810TN8,2023-02-15,2053-02-15,3.625,65984.0277,0,08/15,02/15,null,null,29206.5431,30,09,0,null,676,3.686
2025-09-30,2025-09-30,2025,4,2025,3,Marketable,Bonds,912810TN8,2023-03-15,2053-02-15,3.625,null,0,08/15,02/15,null,null,17999.8265,30,09,0,null,677,3.877
2025-09-30,2025-09-30,2025,4,2025,3,Marketable,Bonds,912810TN8,2023-04-17,2053-02-15,3.625,null,0,08/15,02/15,null,null,19140.6581,30,09,-363,null,678,3.661
2025-09-30,2025-09-30,2025,4,2025,3,Marketable,Bonds,912810TR9,2023-05-15,2053-05-15,3.625,62593.0729,0,11/15,05/15,null,null,26711.2213,30,09,0,null,679,3.741
2025-09-30,2025-09-30,2025,4,2025,3,Marketable,Bonds,912810TR9,2023-06-15,2053-05-15,3.625,null,0,11/15,05/15,null,null,17999.881,30,09,0,null,680,3.908
2025-09-30,2025-09-30,2025,4,2025,3,Marketable,Bonds,912810TR9,2023-07-17,2053-05-15,3.625,null,0,11/15,05/15,null,null,17999.9706,30,09,-118,null,681,3.91
2025-09-30,2025-09-30,2025,4,2025,3,Marketable,Bonds,912810TT5,2023-08-15,2053-08-15,4.125,71574.3014,0,02/15,08/15,null,null,31583.9265,30,09,0,null,682,4.189
2025-09-30,2025-09-30,2025,4,2025,3,Marketable,Bonds,912810TT5,2023-09-15,2053-08-15,4.125,null,0,02/15,08/15,null,null,19999.1874,30,09,0,null,683,4.345
2025-09-30,2025-09-30,2025,4,2025,3,Marketable,Bonds,912810TT5,2023-10-16,2053-08-15,4.125,null,0,02/15,08/15,null,null,20000.1875,30,09,-9,null,684,4.837
2025-09-30,2025-09-30,2025,4,2025,3,Marketable,Bonds,912810TV0,2023-11-15,2053-11-15,4.75,66443.6445,0,05/15,11/15,null,null,24456.6379,30,09,0,null,685,4.769
2025-09-30,2025-09-30,2025,4,2025,3,Marketable,Bonds,912810TV0,2023-12-15,2053-11-15,4.75,null,0,05/15,11/15,null,null,20988.8122,30,09,0,null,686,4.344
2025-09-30,2025-09-30,2025,4,2025,3,Marketable,Bonds,912810TV0,2024-01-16,2053-11-15,4.75,null,0,05/15,11/15,null,null,20998.1944,30,09,0,null,687,4.229
2025-09-30,2025-09-30,2025,4,2025,3,Marketable,Bonds,912810TX6,2024-02-15,2054-02-15,4.25,71198.7912,0,08/15,02/15,null,null,26846.2775,30,09,0,null,688,4.36
2025-09-30,2025-09-30,2025,4,2025,3,Marketable,Bonds,912810TX6,2024-03-15,2054-02-15,4.25,null,0,08/15,02/15,null,null,21989.8058,30,09,0,null,689,4.331
2025-09-30,2025-09-30,2025,4,2025,3,Marketable,Bonds,912810TX6,2024-04-15,2054-02-15,4.25,null,0,08/15,02/15,null,null,22362.7079,30,09,0,null,690,4.671
2025-09-30,2025-09-30,2025,4,2025,3,Marketable,Bonds,912810UA4,2024-05-15,2054-05-15,4.625,76420.8035,0,11/15,05/15,null,null,28141.8875,30,09,0,null,691,4.635
2025-09-30,2025-09-30,2025,4,2025,3,Marketable,Bonds,912810UA4,2024-06-17,2054-05-15,4.625,null,0,11/15,05/15,null,null,22708.1721,30,09,0,null,692,4.403
2025-09-30,2025-09-30,2025,4,2025,3,Marketable,Bonds,912810UA4,2024-07-15,2054-05-15,4.625,null,0,11/15,05/15,null,null,25570.7439,30,09,0,null,693,4.405
2025-09-30,2025-09-30,2025,4,2025,3,Marketable,Bonds,912810UC0,2024-08-15,2054-08-15,4.25,74266.8052,0,02/15,08/15,null,null,29755.0689,30,09,0,null,694,4.314
2025-09-30,2025-09-30,2025,4,2025,3,Marketable,Bonds,912810UC0,2024-09-16,2054-08-15,4.25,null,0,02/15,08/15,null,null,22209.8225,30,09,0,null,695,4.015
2025-09-30,2025-09-30,2025,4,2025,3,Marketable,Bonds,912810UC0,2024-10-15,2054-08-15,4.25,null,0,02/15,08/15,null,null,22301.9138,30,09,0,null,696,4.389
2025-09-30,2025-09-30,2025,4,2025,3,Marketable,Bonds,912810UE6,2024-11-15,2054-11-15,4.5,80062.8573,0,05/15,11/15,null,null,31073.0324,30,09,0,null,697,4.608
2025-09-30,2025-09-30,2025,4,2025,3,Marketable,Bonds,912810UE6,2024-12-16,2054-11-15,4.5,null,0,05/15,11/15,null,null,22155.5881,30,09,0,null,698,4.535
2025-09-30,2025-09-30,2025,4,2025,3,Marketable,Bonds,912810UE6,2025-01-15,2054-11-15,4.5,null,0,05/15,11/15,null,null,26834.2368,30,09,0,null,699,4.913
2025-09-30,2025-09-30,2025,4,2025,3,Marketable,Bonds,912810UG1,2025-02-18,2055-02-15,4.625,79902.3282,0,08/15,02/15,null,null,31867.586,30,09,0,null,700,4.748
2025-09-30,2025-09-30,2025,4,2025,3,Marketable,Bonds,912810UG1,2025-03-17,2055-02-15,4.625,null,0,08/15,02/15,null,null,22362.8024,30,09,0,null,701,4.623
2025-09-30,2025-09-30,2025,4,2025,3,Marketable,Bonds,912810UG1,2025-04-15,2055-02-15,4.625,null,0,08/15,02/15,null,null,25671.9398,30,09,0,null,702,4.813
2025-09-30,2025-09-30,2025,4,2025,3,Marketable,Bonds,912810UK2,2025-05-15,2055-05-15,4.75,80802.6776,0,11/15,05/15,null,null,33804.6671,30,09,0,null,703,4.819
2025-09-30,2025-09-30,2025,4,2025,3,Marketable,Bonds,912810UK2,2025-06-16,2055-05-15,4.75,null,0,11/15,05/15,null,null,22395.4739,30,09,0,null,704,4.844
2025-09-30,2025-09-30,2025,4,2025,3,Marketable,Bonds,912810UK2,2025-07-15,2055-05-15,4.75,null,0,11/15,05/15,null,null,24602.5366,30,09,0,null,705,4.889
2025-09-30,2025-09-30,2025,4,2025,3,Marketable,Bonds,912810UM8,2025-08-15,2055-08-15,4.75,55480.9855,0,02/15,08/15,null,null,33484.2836,30,09,0,null,706,4.813
2025-09-30,2025-09-30,2025,4,2025,3,Marketable,Bonds,912810UM8,2025-09-15,2055-08-15,4.75,null,0,02/15,08/15,null,null,21996.7019,30,09,0,null,707,4.651
2025-09-30,2025-09-30,2025,4,2025,3,Marketable,Bonds,Total Unmatured Treasury Bonds,null,null,null,5142533.293,0,null,null,null,null,5192511.993,30,09,-49978.7,null,708,null
2025-09-30,2025-09-30,2025,4,2025,3,Marketable,Bonds,Total Matured Treasury Bonds,null,null,null,27.2832,0,null,null,null,null,27.2832,30,09,0,null,709,null
2025-09-30,2025-09-30,2025,4,2025,3,Marketable,Bonds,Total Treasury Bonds,null,null,null,5142560.5762,0,null,null,null,null,5192539.2762,30,09,-49978.7,null,710,null
2025-09-30,2025-09-30,2025,4,2025,3,Marketable,Inflation-Protected Securities,91282CAQ4,2020-10-30,2025-10-15,0.125,42676.16702485,4163.84337719,04/15,10/15,null,null,16997.3604,30,09,0,null,711,-1.32
2025-09-30,2025-09-30,2025,4,2025,3,Marketable,Inflation-Protected Securities,91282CAQ4,2020-12-31,2025-10-15,0.125,null,4233.45184766,04/15,10/15,null,null,17281.5114,30,09,0,null,712,-1.575
2025-09-30,2025-09-30,2025,4,2025,3,Marketable,Inflation-Protected Securities,912810FS2,2006-01-31,2026-01-15,2,32424.24152335,7382.91426565,07/15,01/15,null,null,11764.663,30,09,0,null,713,2.039
2025-09-30,2025-09-30,2025,4,2025,3,Marketable,Inflation-Protected Securities,912810FS2,2006-07-31,2026-01-15,2,null,5119.2102577,07/15,01/15,null,null,8235.454,30,09,-78,null,714,2.494
2025-09-30,2025-09-30,2025,4,2025,3,Marketable,Inflation-Protected Securities,912828N71,2016-01-29,2026-01-15,0.625,57282.52746985,5392.457579,07/15,01/15,null,null,14999.882,30,09,0,null,715,0.725
2025-09-30,2025-09-30,2025,4,2025,3,Marketable,Inflation-Protected Securities,912828N71,2016-03-31,2026-01-15,0.625,null,4896.55432745,07/15,01/15,null,null,13620.4571,30,09,0,null,716,0.315
2025-09-30,2025-09-30,2025,4,2025,3,Marketable,Inflation-Protected Securities,912828N71,2016-05-31,2026-01-15,0.625,null,4858.5192634,07/15,01/15,null,null,13799.6572,30,09,-285,null,717,0.275
2025-09-30,2025-09-30,2025,4,2025,3,Marketable,Inflation-Protected Securities,91282CCA7,2021-04-30,2026-04-15,0.125,49100.1779295,4967.94273845,10/15,04/15,null,null,21434.7963,30,09,0,null,718,-1.631
2025-09-30,2025-09-30,2025,4,2025,3,Marketable,Inflation-Protected Securities,91282CCA7,2021-06-30,2026-04-15,0.125,null,4270.75299105,10/15,04/15,null,null,18426.6859,30,09,0,null,719,-1.416
2025-09-30,2025-09-30,2025,4,2025,3,Marketable,Inflation-Protected Securities,912828S50,2016-07-29,2026-07-15,0.125,49647.99205358,4519.31537639,01/15,07/15,null,null,12999.9867,30,09,0,null,720,0.045
2025-09-30,2025-09-30,2025,4,2025,3,Marketable,Inflation-Protected Securities,912828S50,2016-09-30,2026-07-15,0.125,null,4057.09180706,01/15,07/15,null,null,11670.3826,30,09,0,null,721,0.052
2025-09-30,2025-09-30,2025,4,2025,3,Marketable,Inflation-Protected Securities,912828S50,2016-11-30,2026-07-15,0.125,null,4230.89147013,01/15,07/15,null,null,12170.3241,30,09,0,null,722,0.369
2025-09-30,2025-09-30,2025,4,2025,3,Marketable,Inflation-Protected Securities,91282CDC2,2021-10-29,2026-10-15,0.125,45222.26021893,3460.67340558,04/15,10/15,null,null,18999.0305,30,09,0,null,723,-1.685
2025-09-30,2025-09-30,2025,4,2025,3,Marketable,Inflation-Protected Securities,91282CDC2,2021-12-31,2026-10-15,0.125,null,3507.33801335,04/15,10/15,null,null,19305.2183,30,09,-50,null,724,-1.508
2025-09-30,2025-09-30,2025,4,2025,3,Marketable,Inflation-Protected Securities,912810PS1,2007-01-31,2027-01-15,2.375,26267.37058233,5529.91074219,07/15,01/15,null,null,9188.493,30,09,0,null,725,2.42
2025-09-30,2025-09-30,2025,4,2025,3,Marketable,Inflation-Protected Securities,912810PS1,2007-07-31,2027-01-15,2.375,null,4339.10884014,07/15,01/15,null,null,7293.858,30,09,-84,null,726,2.6
2025-09-30,2025-09-30,2025,4,2025,3,Marketable,Inflation-Protected Securities,912828V49,2017-01-31,2027-01-15,0.375,51051.35590868,4662.6991634,07/15,01/15,null,null,13824.4164,30,09,0,null,727,0.436
2025-09-30,2025-09-30,2025,4,2025,3,Marketable,Inflation-Protected Securities,912828V49,2017-03-31,2027-01-15,0.375,null,4159.25210035,07/15,01/15,null,null,12331.7484,30,09,0,null,728,0.466
2025-09-30,2025-09-30,2025,4,2025,3,Marketable,Inflation-Protected Securities,912828V49,2017-05-31,2027-01-15,0.375,null,4053.88724493,07/15,01/15,null,null,12322.3526,30,09,-303,null,729,0.42
2025-09-30,2025-09-30,2025,4,2025,3,Marketable,Inflation-Protected Securities,91282CEJ6,2022-04-29,2027-04-15,0.125,45041.88355145,2881.59029488,10/15,04/15,null,null,19997.1568,30,09,0,null,730,-0.34
2025-09-30,2025-09-30,2025,4,2025,3,Marketable,Inflation-Protected Securities,91282CEJ6,2022-06-30,2027-04-15,0.125,null,2791.45875657,10/15,04/15,null,null,19371.6777,30,09,0,null,731,0.362
2025-09-30,2025-09-30,2025,4,2025,3,Marketable,Inflation-Protected Securities,9128282L3,2017-07-31,2027-07-15,0.375,48638.05706454,4590.84346967,01/15,07/15,null,null,14321.7703,30,09,0,null,732,0.489
2025-09-30,2025-09-30,2025,4,2025,3,Marketable,Inflation-Protected Securities,9128282L3,2017-09-29,2027-07-15,0.375,null,3525.53423506,01/15,07/15,null,null,10998.391,30,09,0,null,733,0.45
2025-09-30,2025-09-30,2025,4,2025,3,Marketable,Inflation-Protected Securities,9128282L3,2017-11-30,2027-07-15,0.375,null,3690.01295981,01/15,07/15,null,null,11596.5051,30,09,-85,null,734,0.512
2025-09-30,2025-09-30,2025,4,2025,3,Marketable,Inflation-Protected Securities,91282CFR7,2022-10-31,2027-10-15,1.625,43588.66688715,1899.49533634,04/15,10/15,null,null,20993.5382,30,09,0,null,735,1.732
2025-09-30,2025-09-30,2025,4,2025,3,Marketable,Inflation-Protected Securities,91282CFR7,2022-12-30,2027-10-15,1.625,null,1717.17125081,04/15,10/15,null,null,18978.4621,30,09,0,null,736,1.504
2025-09-30,2025-09-30,2025,4,2025,3,Marketable,Inflation-Protected Securities,912810PV4,2008-01-31,2028-01-15,1.75,24011.72603864,4863.505045,07/15,01/15,null,null,8974.25,30,09,0,null,737,1.807
2025-09-30,2025-09-30,2025,4,2025,3,Marketable,Inflation-Protected Securities,912810PV4,2008-07-31,2028-01-15,1.75,null,3575.80829364,07/15,01/15,null,null,6660.1627,30,09,-62,null,738,2.219
2025-09-30,2025-09-30,2025,4,2025,3,Marketable,Inflation-Protected Securities,9128283R9,2018-01-31,2028-01-15,0.5,50676.97348024,4616.17457346,07/15,01/15,null,null,14910.6062,30,09,0,null,739,0.548
2025-09-30,2025-09-30,2025,4,2025,3,Marketable,Inflation-Protected Securities,9128283R9,2018-03-29,2028-01-15,0.5,null,3405.14517866,07/15,01/15,null,null,10998.8862,30,09,0,null,740,0.764
2025-09-30,2025-09-30,2025,4,2025,3,Marketable,Inflation-Protected Securities,9128283R9,2018-05-31,2028-01-15,0.5,null,3958.82992812,07/15,01/15,null,null,12910.3314,30,09,-123,null,741,0.934
2025-09-30,2025-09-30,2025,4,2025,3,Marketable,Inflation-Protected Securities,912810FD5,1998-04-15,2028-04-15,3.625,33386.65135594,8355.8001423,10/15,04/15,null,null,8404.01,30,09,-25,null,742,3.74
2025-09-30,2025-09-30,2025,4,2025,3,Marketable,Inflation-Protected Securities,912810FD5,1998-07-15,2028-04-15,3.625,null,8314.37321364,10/15,04/15,null,null,8404.468,30,09,-67,null,743,3.68
2025-09-30,2025-09-30,2025,4,2025,3,Marketable,Inflation-Protected Securities,91282CGW5,2023-04-28,2028-04-15,1.25,43013.64932974,1614.43366947,10/15,04/15,null,null,20980.2946,30,09,0,null,744,1.32
2025-09-30,2025-09-30,2025,4,2025,3,Marketable,Inflation-Protected Securities,91282CGW5,2023-06-30,2028-04-15,1.25,null,1458.96836027,10/15,04/15,null,null,18989.9527,30,09,-30,null,745,1.832
2025-09-30,2025-09-30,2025,4,2025,3,Marketable,Inflation-Protected Securities,912828Y38,2018-07-31,2028-07-15,0.75,46973.47028522,3932.08642561,01/15,07/15,null,null,13705.9027,30,09,0,null,746,0.762
2025-09-30,2025-09-30,2025,4,2025,3,Marketable,Inflation-Protected Securities,912828Y38,2018-09-28,2028-07-15,0.75,null,3155.76056509,01/15,07/15,null,null,10999.8974,30,09,0,null,747,0.91
2025-09-30,2025-09-30,2025,4,2025,3,Marketable,Inflation-Protected Securities,912828Y38,2018-11-30,2028-07-15,0.75,null,3384.08059452,01/15,07/15,null,null,11965.7426,30,09,-170,null,748,1.109
2025-09-30,2025-09-30,2025,4,2025,3,Marketable,Inflation-Protected Securities,91282CJH5,2023-10-31,2028-10-15,2.375,44282.1497801,1202.23650764,04/15,10/15,null,null,21998.8382,30,09,0,null,749,2.44
2025-09-30,2025-09-30,2025,4,2025,3,Marketable,Inflation-Protected Securities,91282CJH5,2023-12-29,2028-10-15,2.375,null,1092.38207246,04/15,10/15,null,null,19998.693,30,09,-10,null,750,1.71
2025-09-30,2025-09-30,2025,4,2025,3,Marketable,Inflation-Protected Securities,912810PZ5,2009-01-30,2029-01-15,2.5,21264.85122881,4036.5499086,07/15,01/15,null,null,7999.98,30,09,0,null,751,2.5
2025-09-30,2025-09-30,2025,4,2025,3,Marketable,Inflation-Protected Securities,912810PZ5,2009-07-31,2029-01-15,2.5,null,3094.79392021,07/15,01/15,null,null,6150.5274,30,09,-17,null,752,2.387
2025-09-30,2025-09-30,2025,4,2025,3,Marketable,Inflation-Protected Securities,9128285W6,2019-01-31,2029-01-15,0.875,46254.07008021,3631.16170386,07/15,01/15,null,null,13000.0061,30,09,0,null,753,0.919
2025-09-30,2025-09-30,2025,4,2025,3,Marketable,Inflation-Protected Securities,9128285W6,2019-03-29,2029-01-15,0.875,null,3072.46433152,07/15,01/15,null,null,10999.8007,30,09,0,null,754,0.578
2025-09-30,2025-09-30,2025,4,2025,3,Marketable,Inflation-Protected Securities,9128285W6,2019-05-31,2029-01-15,0.875,null,3395.24434483,07/15,01/15,null,null,12155.3929,30,09,0,null,755,0.567
2025-09-30,2025-09-30,2025,4,2025,3,Marketable,Inflation-Protected Securities,912810FH6,1999-04-15,2029-04-15,3.875,37996.82299096,6876.34311182,10/15,04/15,null,null,7351.018,30,09,-225.2,null,756,3.899
2025-09-30,2025-09-30,2025,4,2025,3,Marketable,Inflation-Protected Securities,912810FH6,1999-10-15,2029-04-15,3.875,null,7112.24456722,10/15,04/15,null,null,7370.278,30,09,0,null,757,4.138
2025-09-30,2025-09-30,2025,4,2025,3,Marketable,Inflation-Protected Securities,912810FH6,2000-10-16,2029-04-15,3.875,null,4671.33131192,10/15,04/15,null,null,5000.808,30,09,-160,null,758,3.953
2025-09-30,2025-09-30,2025,4,2025,3,Marketable,Inflation-Protected Securities,91282CKL4,2024-04-30,2029-04-15,2.125,45246.48786116,1024.92794752,10/15,04/15,null,null,23099.5706,30,09,0,null,759,2.242
2025-09-30,2025-09-30,2025,4,2025,3,Marketable,Inflation-Protected Securities,91282CKL4,2024-06-28,2029-04-15,2.125,null,897.36651364,10/15,04/15,null,null,20999.6228,30,09,-775,null,760,2.05
2025-09-30,2025-09-30,2025,4,2025,3,Marketable,Inflation-Protected Securities,9128287D6,2019-07-31,2029-07-15,0.25,50201.20200626,3826.09029948,01/15,07/15,null,null,14555.6201,30,09,0,null,761,0.282
2025-09-30,2025-09-30,2025,4,2025,3,Marketable,Inflation-Protected Securities,9128287D6,2019-09-30,2029-07-15,0.25,null,3481.98821186,01/15,07/15,null,null,13246.5503,30,09,0,null,762,0.174
2025-09-30,2025-09-30,2025,4,2025,3,Marketable,Inflation-Protected Securities,9128287D6,2019-11-29,2029-07-15,0.25,null,3141.13039492,01/15,07/15,null,null,11999.8227,30,09,-50,null,763,0.149
2025-09-30,2025-09-30,2025,4,2025,3,Marketable,Inflation-Protected Securities,91282CLV1,2024-10-31,2029-10-15,1.625,47639.47487623,649.65357985,04/15,10/15,null,null,24404.7175,30,09,0,null,764,1.67
2025-09-30,2025-09-30,2025,4,2025,3,Marketable,Inflation-Protected Securities,91282CLV1,2024-12-31,2029-10-15,1.625,null,585.62609638,04/15,10/15,null,null,22204.4777,30,09,-205,null,765,2.121
2025-09-30,2025-09-30,2025,4,2025,3,Marketable,Inflation-Protected Securities,912828Z37,2020-01-31,2030-01-15,0.125,51475.74138024,3947.03149089,07/15,01/15,null,null,15445.2416,30,09,0,null,766,0.036
2025-09-30,2025-09-30,2025,4,2025,3,Marketable,Inflation-Protected Securities,912828Z37,2020-03-31,2030-01-15,0.125,null,3478.88315935,07/15,01/15,null,null,13613.317,30,09,0,null,767,0.68
2025-09-30,2025-09-30,2025,4,2025,3,Marketable,Inflation-Protected Securities,912828Z37,2020-05-29,2030-01-15,0.125,null,3051.26723,07/15,01/15,null,null,12000.0009,30,09,-60,null,768,-0.47
2025-09-30,2025-09-30,2025,4,2025,3,Marketable,Inflation-Protected Securities,91282CNB3,2025-04-30,2030-04-15,1.625,52766.90853146,394.51986008,10/15,04/15,null,null,26710.891,30,09,0,null,769,1.702
2025-09-30,2025-09-30,2025,4,2025,3,Marketable,Inflation-Protected Securities,91282CNB3,2025-06-30,2030-04-15,1.625,null,373.50367138,10/15,04/15,null,null,25287.994,30,09,0,null,770,1.65
2025-09-30,2025-09-30,2025,4,2025,3,Marketable,Inflation-Protected Securities,912828ZZ6,2020-07-31,2030-07-15,0.125,53719.36766392,4052.21367326,01/15,07/15,null,null,15590.2342,30,09,0,null,771,-0.93
2025-09-30,2025-09-30,2025,4,2025,3,Marketable,Inflation-Protected Securities,912828ZZ6,2020-09-30,2030-07-15,0.125,null,3545.90347097,01/15,07/15,null,null,13642.2879,30,09,0,null,772,-0.966
2025-09-30,2025-09-30,2025,4,2025,3,Marketable,Inflation-Protected Securities,912828ZZ6,2020-11-30,2030-07-15,0.125,null,3484.12461969,01/15,07/15,null,null,13664.6038,30,09,-260,null,773,-0.867
2025-09-30,2025-09-30,2025,4,2025,3,Marketable,Inflation-Protected Securities,91282CBF7,2021-01-29,2031-01-15,0.125,53276.11383823,3613.61759947,07/15,01/15,null,null,14999.2429,30,09,0,null,774,-0.987
2025-09-30,2025-09-30,2025,4,2025,3,Marketable,Inflation-Protected Securities,91282CBF7,2021-03-31,2031-01-15,0.125,null,3694.18382531,07/15,01/15,null,null,15333.6536,30,09,0,null,775,-0.58
2025-09-30,2025-09-30,2025,4,2025,3,Marketable,Inflation-Protected Securities,91282CBF7,2021-05-28,2031-01-15,0.125,null,3035.55781345,07/15,01/15,null,null,12999.8581,30,09,-400,null,776,-0.805
2025-09-30,2025-09-30,2025,4,2025,3,Marketable,Inflation-Protected Securities,91282CCM1,2021-07-30,2031-07-15,0.125,55816.84425811,3283.93824028,01/15,07/15,null,null,15999.6991,30,09,0,null,777,-1.016
2025-09-30,2025-09-30,2025,4,2025,3,Marketable,Inflation-Protected Securities,91282CCM1,2021-09-30,2031-07-15,0.125,null,3219.39795248,01/15,07/15,null,null,15685.2519,30,09,0,null,778,-0.939
2025-09-30,2025-09-30,2025,4,2025,3,Marketable,Inflation-Protected Securities,91282CCM1,2021-11-30,2031-07-15,0.125,null,3002.08366535,01/15,07/15,null,null,15153.4734,30,09,-527,null,779,-1.145
2025-09-30,2025-09-30,2025,4,2025,3,Marketable,Inflation-Protected Securities,91282CDX6,2022-01-31,2032-01-15,0.125,58647.64856175,3040.46662916,07/15,01/15,null,null,18390.2899,30,09,0,null,780,-0.54
2025-09-30,2025-09-30,2025,4,2025,3,Marketable,Inflation-Protected Securities,91282CDX6,2022-03-31,2032-01-15,0.125,null,2745.38660408,07/15,01/15,null,null,16605.4957,30,09,0,null,781,-0.589
2025-09-30,2025-09-30,2025,4,2025,3,Marketable,Inflation-Protected Securities,91282CDX6,2022-05-31,2032-01-15,0.125,null,2534.72182851,07/15,01/15,null,null,16104.2879,30,09,-773,null,782,0.232
2025-09-30,2025-09-30,2025,4,2025,3,Marketable,Inflation-Protected Securities,912810FQ6,2001-10-15,2032-04-15,3.375,9121.7664765,4109.5314765,04/15,10/15,null,null,5012.235,30,09,0,null,783,3.465
2025-09-30,2025-09-30,2025,4,2025,3,Marketable,Inflation-Protected Securities,91282CEZ0,2022-07-29,2032-07-15,0.625,53251.62121458,1899.98245034,01/15,07/15,null,null,16994.4763,30,09,0,null,784,0.63
2025-09-30,2025-09-30,2025,4,2025,3,Marketable,Inflation-Protected Securities,91282CEZ0,2022-09-30,2032-07-15,0.625,null,1675.86376542,01/15,07/15,null,null,14989.8369,30,09,0,null,785,1.248
2025-09-30,2025-09-30,2025,4,2025,3,Marketable,Inflation-Protected Securities,91282CEZ0,2022-11-30,2032-07-15,0.625,null,1779.01189882,01/15,07/15,null,null,16620.4499,30,09,-708,null,786,1.485
2025-09-30,2025-09-30,2025,4,2025,3,Marketable,Inflation-Protected Securities,91282CGK1,2023-01-31,2033-01-15,1.125,53731.43457943,1434.77558781,07/15,01/15,null,null,16989.6458,30,09,0,null,787,1.22
2025-09-30,2025-09-30,2025,4,2025,3,Marketable,Inflation-Protected Securities,91282CGK1,2023-03-31,2033-01-15,1.125,null,1266.72143057,07/15,01/15,null,null,14999.6617,30,09,0,null,788,1.182
2025-09-30,2025-09-30,2025,4,2025,3,Marketable,Inflation-Protected Securities,91282CGK1,2023-05-31,2033-01-15,1.125,null,1482.76196105,07/15,01/15,null,null,17816.8681,30,09,-259,null,789,1.395
2025-09-30,2025-09-30,2025,4,2025,3,Marketable,Inflation-Protected Securities,91282CHP9,2023-07-31,2033-07-15,1.375,49834.09684551,1072.78712056,01/15,07/15,null,null,16859.7693,30,09,0,null,790,1.495
2025-09-30,2025-09-30,2025,4,2025,3,Marketable,Inflation-Protected Securities,91282CHP9,2023-09-29,2033-07-15,1.375,null,953.81235741,01/15,07/15,null,null,14989.9789,30,09,0,null,791,2.094
2025-09-30,2025-09-30,2025,4,2025,3,Marketable,Inflation-Protected Securities,91282CHP9,2023-11-30,2033-07-15,1.375,null,954.64736754,01/15,07/15,null,null,15163.1018,30,09,-160,null,792,2.18
2025-09-30,2025-09-30,2025,4,2025,3,Marketable,Inflation-Protected Securities,91282CJY8,2024-01-31,2034-01-15,1.75,53487.19842816,915.82796179,07/15,01/15,null,null,17999.7634,30,09,0,null,793,1.81
2025-09-30,2025-09-30,2025,4,2025,3,Marketable,Inflation-Protected Securities,91282CJY8,2024-03-28,2034-01-15,1.75,null,814.03366867,07/15,01/15,null,null,15999.0894,30,09,0,null,794,1.932
2025-09-30,2025-09-30,2025,4,2025,3,Marketable,Inflation-Protected Securities,91282CJY8,2024-05-31,2034-01-15,1.75,null,859.8047977,07/15,01/15,null,null,16948.6792,30,09,-50,null,795,2.184
2025-09-30,2025-09-30,2025,4,2025,3,Marketable,Inflation-Protected Securities,91282CLE9,2024-07-31,2034-07-15,1.875,55932.21764823,590.20884541,01/15,07/15,null,null,20027.4464,30,09,0,null,796,1.883
2025-09-30,2025-09-30,2025,4,2025,3,Marketable,Inflation-Protected Securities,91282CLE9,2024-09-30,2034-07-15,1.875,null,511.32434804,01/15,07/15,null,null,17350.6735,30,09,0,null,797,1.592
2025-09-30,2025-09-30,2025,4,2025,3,Marketable,Inflation-Protected Securities,91282CLE9,2024-11-29,2034-07-15,1.875,null,499.60375478,01/15,07/15,null,null,16989.9608,30,09,-37,null,798,2.071
2025-09-30,2025-09-30,2025,4,2025,3,Marketable,Inflation-Protected Securities,91282CML2,2025-01-31,2035-01-15,2.125,58982.51839077,497.99810568,07/15,01/15,null,null,21110.5598,30,09,0,null,799,2.243
2025-09-30,2025-09-30,2025,4,2025,3,Marketable,Inflation-Protected Securities,91282CML2,2025-03-31,2035-01-15,2.125,null,437.15396619,07/15,01/15,null,null,18531.3254,30,09,0,null,800,1.935
2025-09-30,2025-09-30,2025,4,2025,3,Marketable,Inflation-Protected Securities,91282CML2,2025-05-30,2035-01-15,2.125,null,424.1789189,07/15,01/15,null,null,17983.3022,30,09,-2,null,801,2.22
2025-09-30,2025-09-30,2025,4,2025,3,Marketable,Inflation-Protected Securities,91282CNS6,2025-07-31,2035-07-15,1.875,42734.69420421,135.02826348,01/15,07/15,null,null,22429.9441,30,09,0,null,802,1.985
2025-09-30,2025-09-30,2025,4,2025,3,Marketable,Inflation-Protected Securities,91282CNS6,2025-09-30,2035-07-15,1.875,null,120.69514073,01/15,07/15,null,null,20049.0267,30,09,0,null,803,1.734
2025-09-30,2025-09-30,2025,4,2025,3,Marketable,Inflation-Protected Securities,912810QF8,2010-02-26,2040-02-15,2.125,22412.69042346,3956.37136556,08/15,02/15,null,null,7999.9421,30,09,0,null,804,2.229
2025-09-30,2025-09-30,2025,4,2025,3,Marketable,Inflation-Protected Securities,912810QF8,2010-08-31,2040-02-15,2.125,null,3460.0389579,08/15,02/15,null,null,7171.338,30,09,-175,null,805,1.768
2025-09-30,2025-09-30,2025,4,2025,3,Marketable,Inflation-Protected Securities,912810QP6,2011-02-28,2041-02-15,2.125,35375.10257164,4510.72148111,08/15,02/15,null,null,9494.4568,30,09,0,null,806,2.19
2025-09-30,2025-09-30,2025,4,2025,3,Marketable,Inflation-Protected Securities,912810QP6,2011-06-30,2041-02-15,2.125,null,3432.52843311,08/15,02/15,null,null,7225.0067,30,09,0,null,807,1.744
2025-09-30,2025-09-30,2025,4,2025,3,Marketable,Inflation-Protected Securities,912810QP6,2011-10-31,2041-02-15,2.125,null,3450.19555742,08/15,02/15,null,null,7265.1936,30,09,-3,null,808,0.999
2025-09-30,2025-09-30,2025,4,2025,3,Marketable,Inflation-Protected Securities,912810QV3,2012-02-29,2042-02-15,0.75,32498.39298765,3921.12349309,08/15,02/15,null,null,9127.5949,30,09,0,null,809,0.77
2025-09-30,2025-09-30,2025,4,2025,3,Marketable,Inflation-Protected Securities,912810QV3,2012-06-29,2042-02-15,0.75,null,3007.13588538,08/15,02/15,null,null,7000.0137,30,09,0,null,810,0.52
2025-09-30,2025-09-30,2025,4,2025,3,Marketable,Inflation-Protected Securities,912810QV3,2012-10-31,2042-02-15,0.75,null,2837.46690918,08/15,02/15,null,null,7000.0581,30,09,-395,null,811,0.479
2025-09-30,2025-09-30,2025,4,2025,3,Marketable,Inflation-Protected Securities,912810RA8,2013-02-28,2043-02-15,0.625,32246.57011117,3645.28676825,08/15,02/15,null,null,9000.0414,30,09,0,null,812,0.639
2025-09-30,2025-09-30,2025,4,2025,3,Marketable,Inflation-Protected Securities,912810RA8,2013-06-28,2043-02-15,0.625,null,2835.2087039,08/15,02/15,null,null,6999.9968,30,09,0,null,813,1.42
2025-09-30,2025-09-30,2025,4,2025,3,Marketable,Inflation-Protected Securities,912810RA8,2013-10-31,2043-02-15,0.625,null,2815.26923902,08/15,02/15,null,null,6999.7672,30,09,-49,null,814,1.33
2025-09-30,2025-09-30,2025,4,2025,3,Marketable,Inflation-Protected Securities,912810RF7,2014-02-28,2044-02-15,1.375,31777.56902901,3484.22366646,08/15,02/15,null,null,9025.3171,30,09,0,null,815,1.495
2025-09-30,2025-09-30,2025,4,2025,3,Marketable,Inflation-Protected Securities,912810RF7,2014-06-30,2044-02-15,1.375,null,2702.11879466,08/15,02/15,null,null,6999.4011,30,09,0,null,816,1.116
2025-09-30,2025-09-30,2025,4,2025,3,Marketable,Inflation-Protected Securities,912810RF7,2014-10-31,2044-02-15,1.375,null,2664.51466789,08/15,02/15,null,null,6992.9937,30,09,-91,null,817,0.985
2025-09-30,2025-09-30,2025,4,2025,3,Marketable,Inflation-Protected Securities,912810RL4,2015-02-27,2045-02-15,0.75,31516.86564747,3346.11052051,08/15,02/15,null,null,9000.0014,30,09,0,null,818,0.842
2025-09-30,2025-09-30,2025,4,2025,3,Marketable,Inflation-Protected Securities,912810RL4,2015-06-30,2045-02-15,0.75,null,2602.5268026,08/15,02/15,null,null,6999.9914,30,09,0,null,819,1.142
2025-09-30,2025-09-30,2025,4,2025,3,Marketable,Inflation-Protected Securities,912810RL4,2015-10-30,2045-02-15,0.75,null,2593.23532436,08/15,02/15,null,null,7000.0002,30,09,-25,null,820,1.2
2025-09-30,2025-09-30,2025,4,2025,3,Marketable,Inflation-Protected Securities,912810RR1,2016-02-29,2046-02-15,1,27724.0597074,3395.60070956,08/15,02/15,null,null,9346.033,30,09,0,null,821,1.12
2025-09-30,2025-09-30,2025,4,2025,3,Marketable,Inflation-Protected Securities,912810RR1,2016-06-30,2046-02-15,1,null,2081.60557167,08/15,02/15,null,null,5729.3999,30,09,0,null,822,0.905
2025-09-30,2025-09-30,2025,4,2025,3,Marketable,Inflation-Protected Securities,912810RR1,2016-10-31,2046-02-15,1,null,1911.15842617,08/15,02/15,null,null,5302.2621,30,09,-42,null,823,0.666
2025-09-30,2025-09-30,2025,4,2025,3,Marketable,Inflation-Protected Securities,912810RW0,2017-02-28,2047-02-15,0.875,24890.94447704,2694.9698667,08/15,02/15,null,null,7968.5685,30,09,0,null,824,0.923
2025-09-30,2025-09-30,2025,4,2025,3,Marketable,Inflation-Protected Securities,912810RW0,2017-06-30,2047-02-15,0.875,null,1896.51697016,08/15,02/15,null,null,5607.6788,30,09,0,null,825,0.88
2025-09-30,2025-09-30,2025,4,2025,3,Marketable,Inflation-Protected Securities,912810RW0,2017-10-31,2047-02-15,0.875,null,1699.14044018,08/15,02/15,null,null,5125.0699,30,09,-101,null,826,0.908
2025-09-30,2025-09-30,2025,4,2025,3,Marketable,Inflation-Protected Securities,912810SB5,2018-02-28,2048-02-15,1,24368.59757696,2698.69032796,08/15,02/15,null,null,8706.5761,30,09,0,null,827,1.003
2025-09-30,2025-09-30,2025,4,2025,3,Marketable,Inflation-Protected Securities,912810SB5,2018-06-29,2048-02-15,1,null,1549.79125912,08/15,02/15,null,null,4999.9718,30,09,0,null,828,0.934
2025-09-30,2025-09-30,2025,4,2025,3,Marketable,Inflation-Protected Securities,912810SB5,2018-10-31,2048-02-15,1,null,1517.56508988,08/15,02/15,null,null,5000.003,30,09,-104,null,829,1.235
2025-09-30,2025-09-30,2025,4,2025,3,Marketable,Inflation-Protected Securities,912810SG4,2019-02-28,2049-02-15,1,19308.60295619,2379.07624862,08/15,02/15,null,null,8385.0007,30,09,0,null,830,1.093
2025-09-30,2025-09-30,2025,4,2025,3,Marketable,Inflation-Protected Securities,912810SG4,2019-08-30,2049-02-15,1,null,1888.51110757,08/15,02/15,null,null,7000.0149,30,09,-344,null,831,0.501
2025-09-30,2025-09-30,2025,4,2025,3,Marketable,Inflation-Protected Securities,912810SM1,2020-02-28,2050-02-15,0.25,19426.34926291,2051.76058988,08/15,02/15,null,null,8000.0023,30,09,0,null,832,0.261
2025-09-30,2025-09-30,2025,4,2025,3,Marketable,Inflation-Protected Securities,912810SM1,2020-08-31,2050-02-15,0.25,null,1913.53567303,08/15,02/15,null,null,7608.0507,30,09,-147,null,833,-0.272
2025-09-30,2025-09-30,2025,4,2025,3,Marketable,Inflation-Protected Securities,912810SV1,2021-02-26,2051-02-15,0.125,21756.60100409,2165.54504626,08/15,02/15,null,null,8994.995,30,09,0,null,834,-0.04
2025-09-30,2025-09-30,2025,4,2025,3,Marketable,Inflation-Protected Securities,912810SV1,2021-08-31,2051-02-15,0.125,null,2056.01585783,08/15,02/15,null,null,9004.0451,30,09,-464,null,835,-0.292
2025-09-30,2025-09-30,2025,4,2025,3,Marketable,Inflation-Protected Securities,912810TE8,2022-02-28,2052-02-15,0.125,22712.88661891,1690.14613794,08/15,02/15,null,null,10535.757,30,09,0,null,836,0.195
2025-09-30,2025-09-30,2025,4,2025,3,Marketable,Inflation-Protected Securities,912810TE8,2022-08-31,2052-02-15,0.125,null,1449.75258097,08/15,02/15,null,null,9041.2309,30,09,-4,null,837,0.92
2025-09-30,2025-09-30,2025,4,2025,3,Marketable,Inflation-Protected Securities,912810TP3,2023-02-28,2053-02-15,1.5,20731.29115008,957.64532643,08/15,02/15,null,null,11042.9581,30,09,0,null,838,1.55
2025-09-30,2025-09-30,2025,4,2025,3,Marketable,Inflation-Protected Securities,912810TP3,2023-08-31,2053-02-15,1.5,null,696.70682365,08/15,02/15,null,null,8820.9809,30,09,-787,null,839,1.97
2025-09-30,2025-09-30,2025,4,2025,3,Marketable,Inflation-Protected Securities,912810TY4,2024-02-29,2054-02-15,2.125,18280.98406131,492.84743216,08/15,02/15,null,null,9378.6381,30,09,0,null,840,2.2
2025-09-30,2025-09-30,2025,4,2025,3,Marketable,Inflation-Protected Securities,912810TY4,2024-08-30,2054-02-15,2.125,null,419.85572915,08/15,02/15,null,null,7989.6428,30,09,0,null,841,2.055
2025-09-30,2025-09-30,2025,4,2025,3,Marketable,Inflation-Protected Securities,912810UH9,2025-02-28,2055-02-15,2.375,18330.53621147,234.89252787,08/15,02/15,null,null,9906.897,30,09,0,null,842,2.403
2025-09-30,2025-09-30,2025,4,2025,3,Marketable,Inflation-Protected Securities,912810UH9,2025-08-29,2055-02-15,2.375,null,189.6583836,08/15,02/15,null,null,7999.0883,30,09,0,null,843,2.65
2025-09-30,2025-09-30,2025,4,2025,3,Marketable,Inflation-Protected Securities,Total Treasury TIPS,null,null,null,2088024.44534558,377556.04114558,null,null,null,null,1719239.6042,30,09,-8771.2,null,844,null
2025-09-30,2025-09-30,2025,4,2025,3,Marketable,Floating Rate Notes,91282CJD4,2023-10-31,2025-10-31,null,78000.2362,0,01/31,04/30,07/31,10/31,26000.0529,30,09,0,null,845,0.17
2025-09-30,2025-09-30,2025,4,2025,3,Marketable,Floating Rate Notes,91282CJD4,2023-11-24,2025-10-31,null,null,0,01/31,04/30,07/31,10/31,26000.0705,30,09,0,null,846,0.2
2025-09-30,2025-09-30,2025,4,2025,3,Marketable,Floating Rate Notes,91282CJD4,2023-12-29,2025-10-31,null,null,0,01/31,04/30,07/31,10/31,26000.1128,30,09,0,null,847,0.25
2025-09-30,2025-09-30,2025,4,2025,3,Marketable,Floating Rate Notes,91282CJU6,2024-01-31,2026-01-31,null,83999.84,0,04/30,07/31,10/31,01/31,27999.8368,30,09,0,null,848,0.245
2025-09-30,2025-09-30,2025,4,2025,3,Marketable,Floating Rate Notes,91282CJU6,2024-02-23,2026-01-31,null,null,0,04/30,07/31,10/31,01/31,28000.5647,30,09,0,null,849,0.2
2025-09-30,2025-09-30,2025,4,2025,3,Marketable,Floating Rate Notes,91282CJU6,2024-04-01,2026-01-31,null,null,0,04/30,07/31,10/31,01/31,27999.4385,30,09,0,null,850,0.19
2025-09-30,2025-09-30,2025,4,2025,3,Marketable,Floating Rate Notes,91282CKM2,2024-04-30,2026-04-30,null,87795.7348,0,07/31,10/31,01/31,04/30,30133.7026,30,09,0,null,851,0.15
2025-09-30,2025-09-30,2025,4,2025,3,Marketable,Floating Rate Notes,91282CKM2,2024-05-31,2026-04-30,null,null,0,07/31,10/31,01/31,04/30,29662.468,30,09,0,null,852,0.139
2025-09-30,2025-09-30,2025,4,2025,3,Marketable,Floating Rate Notes,91282CKM2,2024-06-28,2026-04-30,null,null,0,07/31,10/31,01/31,04/30,27999.5642,30,09,0,null,853,0.155
2025-09-30,2025-09-30,2025,4,2025,3,Marketable,Floating Rate Notes,91282CLA7,2024-07-31,2026-07-31,null,87642.847,0,10/31,01/31,04/30,07/31,31644.1041,30,09,0,null,854,0.182
2025-09-30,2025-09-30,2025,4,2025,3,Marketable,Floating Rate Notes,91282CLA7,2024-08-30,2026-07-31,null,null,0,10/31,01/31,04/30,07/31,27998.7425,30,09,0,null,855,0.235
2025-09-30,2025-09-30,2025,4,2025,3,Marketable,Floating Rate Notes,91282CLA7,2024-09-27,2026-07-31,null,null,0,10/31,01/31,04/30,07/31,28000.0004,30,09,0,null,856,0.261
2025-09-30,2025-09-30,2025,4,2025,3,Marketable,Floating Rate Notes,91282CLT6,2024-10-31,2026-10-31,null,86502.1035,0,01/31,04/30,07/31,10/31,30504.0419,30,09,0,null,857,0.205
2025-09-30,2025-09-30,2025,4,2025,3,Marketable,Floating Rate Notes,91282CLT6,2024-11-29,2026-10-31,null,null,0,01/31,04/30,07/31,10/31,27999.8308,30,09,0,null,858,0.17
2025-09-30,2025-09-30,2025,4,2025,3,Marketable,Floating Rate Notes,91282CLT6,2024-12-27,2026-10-31,null,null,0,01/31,04/30,07/31,10/31,27998.2308,30,09,0,null,859,0.14
2025-09-30,2025-09-30,2025,4,2025,3,Marketable,Floating Rate Notes,91282CMJ7,2025-01-31,2027-01-31,null,90485.8761,0,04/30,07/31,10/31,01/31,31665.7578,30,09,0,null,860,0.098
2025-09-30,2025-09-30,2025,4,2025,3,Marketable,Floating Rate Notes,91282CMJ7,2025-02-28,2027-01-31,null,null,0,04/30,07/31,10/31,01/31,30821.6126,30,09,0,null,861,0.09
2025-09-30,2025-09-30,2025,4,2025,3,Marketable,Floating Rate Notes,91282CMJ7,2025-03-28,2027-01-31,null,null,0,04/30,07/31,10/31,01/31,27998.5057,30,09,0,null,862,0.105
2025-09-30,2025-09-30,2025,4,2025,3,Marketable,Floating Rate Notes,91282CMX6,2025-04-30,2027-04-30,null,88044.1355,0,07/31,10/31,01/31,04/30,32054.4308,30,09,0,null,863,0.16
2025-09-30,2025-09-30,2025,4,2025,3,Marketable,Floating Rate Notes,91282CMX6,2025-05-30,2027-04-30,null,null,0,07/31,10/31,01/31,04/30,27989.8686,30,09,0,null,864,0.144
2025-09-30,2025-09-30,2025,4,2025,3,Marketable,Floating Rate Notes,91282CMX6,2025-06-27,2027-04-30,null,null,0,07/31,10/31,01/31,04/30,27999.8361,30,09,0,null,865,0.157
2025-09-30,2025-09-30,2025,4,2025,3,Marketable,Floating Rate Notes,91282CNQ0,2025-07-31,2027-07-31,null,88040.9173,0,10/31,01/31,04/30,07/31,32042.8178,30,09,0,null,866,0.159
2025-09-30,2025-09-30,2025,4,2025,3,Marketable,Floating Rate Notes,91282CNQ0,2025-08-29,2027-07-31,null,null,0,10/31,01/31,04/30,07/31,27999.9758,30,09,0,null,867,0.195
2025-09-30,2025-09-30,2025,4,2025,3,Marketable,Floating Rate Notes,91282CNQ0,2025-09-26,2027-07-31,null,null,0,10/31,01/31,04/30,07/31,27998.1237,30,09,0,null,868,0.2
2025-09-30,2025-09-30,2025,4,2025,3,Marketable,Floating Rate Notes,Total Treasury Floating Rate Notes,null,null,null,690511.6904,0,null,null,null,null,690511.6904,30,09,0,null,869,null
2025-09-30,2025-09-30,2025,4,2025,3,Marketable,Federal Financing Bank,null,null,null,null,4092.6753,0,null,null,null,null,4092.6753,30,09,0,null,870,null
2025-09-30,2025-09-30,2025,4,2025,3,Marketable,Total Marketable,null,null,null,null,29714713.3185456,377556.04114558,null,null,null,null,29539777.1774,30,09,-202619.9,null,871,null
2026-07-31,2026-07-31,2026,4,2026,3,Marketable,Notes,912828ZQ6,2020-07-15,2030-05-15,0.625,null,0,11/15,05/15,null,null,31544.2073,31,07,-175,null,289,0.653
2026-07-31,2026-07-31,2026,4,2026,3,Marketable,Bills Maturity Value,912797US4,2026-04-07,2026-08-04,null,236591.6587,0,08/26,null,null,null,69369.9607,31,07,0,null,1,3.615
2026-07-31,2026-07-31,2026,4,2026,3,Marketable,Bills Maturity Value,912797US4,2026-06-09,2026-08-04,null,null,0,08/26,null,null,null,79028.3689,31,07,0,null,2,3.61
2026-07-31,2026-07-31,2026,4,2026,3,Marketable,Bills Maturity Value,912797US4,2026-07-07,2026-08-04,null,null,0,08/26,null,null,null,88193.3291,31,07,0,null,3,3.605
2026-07-31,2026-07-31,2026,4,2026,3,Marketable,Bills Maturity Value,912797RG4,2025-08-07,2026-08-06,null,297367.918,0,08/26,null,null,null,52785.6995,31,07,0,null,4,3.76
2026-07-31,2026-07-31,2026,4,2026,3,Marketable,Bills Maturity Value,912797RG4,2026-02-05,2026-08-06,null,null,0,08/26,null,null,null,80484.5654,31,07,0,null,5,3.525
2026-07-31,2026-07-31,2026,4,2026,3,Marketable,Bills Maturity Value,912797RG4,2026-05-07,2026-08-06,null,null,0,08/26,null,null,null,94643.3125,31,07,0,null,6,3.61
2026-07-31,2026-07-31,2026,4,2026,3,Marketable,Bills Maturity Value,912797RG4,2026-06-25,2026-08-06,null,null,0,08/26,null,null,null,69454.3406,31,07,0,null,7,3.62
2026-07-31,2026-07-31,2026,4,2026,3,Marketable,Bills Maturity Value,912797UT2,2026-04-14,2026-08-11,null,255989.3575,0,08/26,null,null,null,69768.487,31,07,0,null,8,3.6
2026-07-31,2026-07-31,2026,4,2026,3,Marketable,Bills Maturity Value,912797UT2,2026-06-16,2026-08-11,null,null,0,08/26,null,null,null,80020.3257,31,07,0,null,9,3.61
2026-07-31,2026-07-31,2026,4,2026,3,Marketable,Bills Maturity Value,912797UT2,2026-07-14,2026-08-11,null,null,0,08/26,null,null,null,106200.5448,31,07,0,null,10,3.63
2026-07-31,2026-07-31,2026,4,2026,3,Marketable,Bills Maturity Value,912797TW7,2026-02-12,2026-08-13,null,261248.2252,0,08/26,null,null,null,81482.5001,31,07,0,null,11,3.5
2026-07-31,2026-07-31,2026,4,2026,3,Marketable,Bills Maturity Value,912797TW7,2026-05-14,2026-08-13,null,null,0,08/26,null,null,null,94583.6066,31,07,0,null,12,3.61
2026-07-31,2026-07-31,2026,4,2026,3,Marketable,Bills Maturity Value,912797TW7,2026-07-02,2026-08-13,null,null,0,08/26,null,null,null,85182.1185,31,07,0,null,13,3.655
2026-07-31,2026-07-31,2026,4,2026,3,Marketable,Bills Maturity Value,912797UU9,2026-04-21,2026-08-18,null,265588.0386,0,08/26,null,null,null,69502.7169,31,07,0,null,14,3.625
2026-07-31,2026-07-31,2026,4,2026,3,Marketable,Bills Maturity Value,912797UU9,2026-06-23,2026-08-18,null,null,0,08/26,null,null,null,79645.9725,31,07,0,null,15,3.64
2026-07-31,2026-07-31,2026,4,2026,3,Marketable,Bills Maturity Value,912797UU9,2026-07-21,2026-08-18,null,null,0,08/26,null,null,null,116439.3492,31,07,0,null,16,3.66
2026-07-31,2026-07-31,2026,4,2026,3,Marketable,Bills Maturity Value,912797TX5,2026-02-19,2026-08-20,null,269658.824,0,08/26,null,null,null,80513.2207,31,07,0,null,17,3.5
2026-07-31,2026-07-31,2026,4,2026,3,Marketable,Bills Maturity Value,912797TX5,2026-05-21,2026-08-20,null,null,0,08/26,null,null,null,94368.4304,31,07,0,null,18,3.6
2026-07-31,2026-07-31,2026,4,2026,3,Marketable,Bills Maturity Value,912797TX5,2026-07-09,2026-08-20,null,null,0,08/26,null,null,null,94777.1729,31,07,0,null,19,3.635
2026-07-31,2026-07-31,2026,4,2026,3,Marketable,Bills Maturity Value,912797UV7,2026-04-28,2026-08-25,null,267379.4988,0,08/26,null,null,null,69912.9519,31,07,0,null,20,3.61
2026-07-31,2026-07-31,2026,4,2026,3,Marketable,Bills Maturity Value,912797UV7,2026-06-30,2026-08-25,null,null,0,08/26,null,null,null,80885.1693,31,07,0,null,21,3.66
2026-07-31,2026-07-31,2026,4,2026,3,Marketable,Bills Maturity Value,912797UV7,2026-07-28,2026-08-25,null,null,0,08/26,null,null,null,116581.3776,31,07,0,null,22,3.73
2026-07-31,2026-07-31,2026,4,2026,3,Marketable,Bills Maturity Value,912797TY3,2026-02-26,2026-08-27,null,271163.2164,0,08/26,null,null,null,79882.2161,31,07,0,null,23,3.525
2026-07-31,2026-07-31,2026,4,2026,3,Marketable,Bills Maturity Value,912797TY3,2026-05-28,2026-08-27,null,null,0,08/26,null,null,null,92428.7708,31,07,0,null,24,3.595
2026-07-31,2026-07-31,2026,4,2026,3,Marketable,Bills Maturity Value,912797TY3,2026-07-16,2026-08-27,null,null,0,08/26,null,null,null,98852.2295,31,07,0,null,25,3.64
2026-07-31,2026-07-31,2026,4,2026,3,Marketable,Bills Maturity Value,912797UW5,2026-05-05,2026-09-01,null,159173.3733,0,09/26,null,null,null,70981.1335,31,07,0,null,26,3.62
2026-07-31,2026-07-31,2026,4,2026,3,Marketable,Bills Maturity Value,912797UW5,2026-07-07,2026-09-01,null,null,0,09/26,null,null,null,88192.2398,31,07,0,null,27,3.65
2026-07-31,2026-07-31,2026,4,2026,3,Marketable,Bills Maturity Value,912797RS8,2025-09-04,2026-09-03,null,325996.6049,0,09/26,null,null,null,50998.9522,31,07,0,null,28,3.66
2026-07-31,2026-07-31,2026,4,2026,3,Marketable,Bills Maturity Value,912797RS8,2026-03-05,2026-09-03,null,null,0,09/26,null,null,null,79575.9727,31,07,0,null,29,3.535
2026-07-31,2026-07-31,2026,4,2026,3,Marketable,Bills Maturity Value,912797RS8,2026-06-04,2026-09-03,null,null,0,09/26,null,null,null,94633.9332,31,07,0,null,30,3.63
2026-07-31,2026-07-31,2026,4,2026,3,Marketable,Bills Maturity Value,912797RS8,2026-07-23,2026-09-03,null,null,0,09/26,null,null,null,100787.7468,31,07,0,null,31,3.65
2026-07-31,2026-07-31,2026,4,2026,3,Marketable,Bills Maturity Value,912797VB0,2026-05-12,2026-09-08,null,170521.8358,0,09/26,null,null,null,69644.5099,31,07,0,null,32,3.605
2026-07-31,2026-07-31,2026,4,2026,3,Marketable,Bills Maturity Value,912797VB0,2026-07-14,2026-09-08,null,null,0,09/26,null,null,null,100877.3259,31,07,0,null,33,3.635
2026-07-31,2026-07-31,2026,4,2026,3,Marketable,Bills Maturity Value,912797UF2,2026-03-12,2026-09-10,null,277782.0916,0,09/26,null,null,null,81380.608,31,07,0,null,34,3.535
2026-07-31,2026-07-31,2026,4,2026,3,Marketable,Bills Maturity Value,912797UF2,2026-06-11,2026-09-10,null,null,0,09/26,null,null,null,94724.074,31,07,0,null,35,3.64
2026-07-31,2026-07-31,2026,4,2026,3,Marketable,Bills Maturity Value,912797UF2,2026-07-30,2026-09-10,null,null,0,09/26,null,null,null,101677.4096,31,07,0,null,36,3.7
2026-07-31,2026-07-31,2026,4,2026,3,Marketable,Bills Maturity Value,912797VC8,2026-05-19,2026-09-15,null,177760.7171,0,09/26,null,null,null,71901.4295,31,07,0,null,37,3.615
2026-07-31,2026-07-31,2026,4,2026,3,Marketable,Bills Maturity Value,912797VC8,2026-07-21,2026-09-15,null,null,0,09/26,null,null,null,105859.2876,31,07,0,null,38,3.65
2026-07-31,2026-07-31,2026,4,2026,3,Marketable,Bills Maturity Value,912797UG0,2026-03-19,2026-09-17,null,179632.0552,0,09/26,null,null,null,83173.5116,31,07,0,null,39,3.57
2026-07-31,2026-07-31,2026,4,2026,3,Marketable,Bills Maturity Value,912797UG0,2026-06-18,2026-09-17,null,null,0,09/26,null,null,null,96458.5436,31,07,0,null,40,3.64
2026-07-31,2026-07-31,2026,4,2026,3,Marketable,Bills Maturity Value,912797VD6,2026-05-26,2026-09-22,null,177686.0742,0,09/26,null,null,null,71692.3573,31,07,0,null,41,3.59
2026-07-31,2026-07-31,2026,4,2026,3,Marketable,Bills Maturity Value,912797VD6,2026-07-28,2026-09-22,null,null,0,09/26,null,null,null,105993.7169,31,07,0,null,42,3.795
2026-07-31,2026-07-31,2026,4,2026,3,Marketable,Bills Maturity Value,912797UH8,2026-03-26,2026-09-24,null,175922.5567,0,09/26,null,null,null,80809.767,31,07,0,null,43,3.63
2026-07-31,2026-07-31,2026,4,2026,3,Marketable,Bills Maturity Value,912797UH8,2026-06-25,2026-09-24,null,null,0,09/26,null,null,null,95112.7897,31,07,0,null,44,3.695
2026-07-31,2026-07-31,2026,4,2026,3,Marketable,Bills Maturity Value,912797VE4,2026-06-02,2026-09-29,null,71706.1512,0,09/26,null,null,null,71706.1512,31,07,0,null,45,3.63
2026-07-31,2026-07-31,2026,4,2026,3,Marketable,Bills Maturity Value,912797SA6,2025-10-02,2026-10-01,null,232189.4842,0,10/26,null,null,null,52869.2451,31,07,0,null,46,3.54
2026-07-31,2026-07-31,2026,4,2026,3,Marketable,Bills Maturity Value,912797SA6,2026-04-02,2026-10-01,null,null,0,10/26,null,null,null,81368.4824,31,07,0,null,47,3.605
2026-07-31,2026-07-31,2026,4,2026,3,Marketable,Bills Maturity Value,912797SA6,2026-07-02,2026-10-01,null,null,0,10/26,null,null,null,97951.7567,31,07,0,null,48,3.74
2026-07-31,2026-07-31,2026,4,2026,3,Marketable,Bills Maturity Value,912797VK0,2026-06-09,2026-10-06,null,72706.8816,0,10/26,null,null,null,72706.8816,31,07,0,null,49,3.635
2026-07-31,2026-07-31,2026,4,2026,3,Marketable,Bills Maturity Value,912797UJ4,2026-04-09,2026-10-08,null,179500.0055,0,10/26,null,null,null,82615.6001,31,07,0,null,50,3.615
2026-07-31,2026-07-31,2026,4,2026,3,Marketable,Bills Maturity Value,912797UJ4,2026-07-09,2026-10-08,null,null,0,10/26,null,null,null,96884.4054,31,07,0,null,51,3.735
2026-07-31,2026-07-31,2026,4,2026,3,Marketable,Bills Maturity Value,912797VL8,2026-06-16,2026-10-13,null,73614.589,0,10/26,null,null,null,73614.589,31,07,0,null,52,3.665
2026-07-31,2026-07-31,2026,4,2026,3,Marketable,Bills Maturity Value,912797UK1,2026-04-16,2026-10-15,null,175764.2292,0,10/26,null,null,null,80039.56,31,07,0,null,53,3.61
2026-07-31,2026-07-31,2026,4,2026,3,Marketable,Bills Maturity Value,912797UK1,2026-07-16,2026-10-15,null,null,0,10/26,null,null,null,95724.6692,31,07,0,null,54,3.76
2026-07-31,2026-07-31,2026,4,2026,3,Marketable,Bills Maturity Value,912797VM6,2026-06-23,2026-10-20,null,73272.0754,0,10/26,null,null,null,73272.0754,31,07,0,null,55,3.67
2026-07-31,2026-07-31,2026,4,2026,3,Marketable,Bills Maturity Value,912797UL9,2026-04-23,2026-10-22,null,180130.0211,0,10/26,null,null,null,82529.538,31,07,0,null,56,3.59
2026-07-31,2026-07-31,2026,4,2026,3,Marketable,Bills Maturity Value,912797UL9,2026-07-23,2026-10-22,null,null,0,10/26,null,null,null,97600.4831,31,07,0,null,57,3.73
2026-07-31,2026-07-31,2026,4,2026,3,Marketable,Bills Maturity Value,912797VN4,2026-06-30,2026-10-27,null,74410.4452,0,10/26,null,null,null,74410.4452,31,07,0,null,58,3.77
2026-07-31,2026-07-31,2026,4,2026,3,Marketable,Bills Maturity Value,912797SK4,2025-10-30,2026-10-29,null,233607.4263,0,10/26,null,null,null,52802.4346,31,07,0,null,59,3.445
2026-07-31,2026-07-31,2026,4,2026,3,Marketable,Bills Maturity Value,912797SK4,2026-04-30,2026-10-29,null,null,0,10/26,null,null,null,82343.122,31,07,0,null,60,3.59
2026-07-31,2026-07-31,2026,4,2026,3,Marketable,Bills Maturity Value,912797SK4,2026-07-30,2026-10-29,null,null,0,10/26,null,null,null,98461.8697,31,07,0,null,61,3.815
2026-07-31,2026-07-31,2026,4,2026,3,Marketable,Bills Maturity Value,912797VP9,2026-07-07,2026-11-03,null,74702.8362,0,11/26,null,null,null,74702.8362,31,07,0,null,62,3.795
2026-07-31,2026-07-31,2026,4,2026,3,Marketable,Bills Maturity Value,912797UM7,2026-05-07,2026-11-05,null,81880.5683,0,11/26,null,null,null,81880.5683,31,07,0,null,63,3.61
2026-07-31,2026-07-31,2026,4,2026,3,Marketable,Bills Maturity Value,912797VW4,2026-07-14,2026-11-10,null,76455.5521,0,11/26,null,null,null,76455.5521,31,07,0,null,64,3.79
2026-07-31,2026-07-31,2026,4,2026,3,Marketable,Bills Maturity Value,912797UY1,2026-05-14,2026-11-12,null,81825.9415,0,11/26,null,null,null,81825.9415,31,07,0,null,65,3.615
2026-07-31,2026-07-31,2026,4,2026,3,Marketable,Bills Maturity Value,912797VX2,2026-07-21,2026-11-17,null,76223.0164,0,11/26,null,null,null,76223.0164,31,07,0,null,66,3.745
2026-07-31,2026-07-31,2026,4,2026,3,Marketable,Bills Maturity Value,912797UZ8,2026-05-21,2026-11-19,null,81643.31,0,11/26,null,null,null,81643.31,31,07,0,null,67,3.615
2026-07-31,2026-07-31,2026,4,2026,3,Marketable,Bills Maturity Value,912797VY0,2026-07-28,2026-11-24,null,76314.3735,0,11/26,null,null,null,76314.3735,31,07,0,null,68,3.845
2026-07-31,2026-07-31,2026,4,2026,3,Marketable,Bills Maturity Value,912797SU2,2025-11-28,2026-11-27,null,132258.3209,0,11/26,null,null,null,52302.1033,31,07,0,null,69,3.46
2026-07-31,2026-07-31,2026,4,2026,3,Marketable,Bills Maturity Value,912797SU2,2026-05-28,2026-11-27,null,null,0,11/26,null,null,null,79956.2176,31,07,0,null,70,3.65
2026-07-31,2026-07-31,2026,4,2026,3,Marketable,Bills Maturity Value,912797VA2,2026-06-04,2026-12-03,null,81874.8975,0,12/26,null,null,null,81874.8975,31,07,0,null,71,3.665
2026-07-31,2026-07-31,2026,4,2026,3,Marketable,Bills Maturity Value,912797VG9,2026-06-11,2026-12-10,null,81950.5205,0,12/26,null,null,null,81950.5205,31,07,0,null,72,3.69
2026-07-31,2026-07-31,2026,4,2026,3,Marketable,Bills Maturity Value,912797VH7,2026-06-18,2026-12-17,null,83445.4293,0,12/26,null,null,null,83445.4293,31,07,0,null,73,3.68
2026-07-31,2026-07-31,2026,4,2026,3,Marketable,Bills Maturity Value,912797TC1,2025-12-26,2026-12-24,null,134572.7102,0,12/26,null,null,null,52285.4122,31,07,0,null,74,3.38
2026-07-31,2026-07-31,2026,4,2026,3,Marketable,Bills Maturity Value,912797TC1,2026-06-25,2026-12-24,null,null,0,12/26,null,null,null,82287.298,31,07,0,null,75,3.84
2026-07-31,2026-07-31,2026,4,2026,3,Marketable,Bills Maturity Value,912797VJ3,2026-07-02,2026-12-31,null,84117.2794,0,12/26,null,null,null,84117.2794,31,07,0,null,76,3.84
2026-07-31,2026-07-31,2026,4,2026,3,Marketable,Bills Maturity Value,912797VS3,2026-07-09,2027-01-07,null,83180.851,0,01/27,null,null,null,83180.851,31,07,0,null,77,3.83
2026-07-31,2026-07-31,2026,4,2026,3,Marketable,Bills Maturity Value,912797VT1,2026-07-16,2027-01-14,null,82201.2707,0,01/27,null,null,null,82201.2707,31,07,0,null,78,3.86
2026-07-31,2026-07-31,2026,4,2026,3,Marketable,Bills Maturity Value,912797TM9,2026-01-22,2027-01-21,null,135964.8415,0,01/27,null,null,null,52160.0614,31,07,0,null,79,3.39
2026-07-31,2026-07-31,2026,4,2026,3,Marketable,Bills Maturity Value,912797TM9,2026-07-23,2027-01-21,null,null,0,01/27,null,null,null,83804.7801,31,07,0,null,80,3.835
2026-07-31,2026-07-31,2026,4,2026,3,Marketable,Bills Maturity Value,912797VU8,2026-07-30,2027-01-28,null,84549.7629,0,01/27,null,null,null,84549.7629,31,07,0,null,81,3.945
2026-07-31,2026-07-31,2026,4,2026,3,Marketable,Bills Maturity Value,912797TV9,2026-02-19,2027-02-18,null,52280.1746,0,02/27,null,null,null,52280.1746,31,07,0,null,82,3.345
2026-07-31,2026-07-31,2026,4,2026,3,Marketable,Bills Maturity Value,912797UD7,2026-03-19,2027-03-18,null,54006.5571,0,03/27,null,null,null,54006.5571,31,07,0,null,83,3.485
2026-07-31,2026-07-31,2026,4,2026,3,Marketable,Bills Maturity Value,912797UE5,2026-04-16,2027-04-15,null,51972.9225,0,04/27,null,null,null,51972.9225,31,07,0,null,84,3.56
2026-07-31,2026-07-31,2026,4,2026,3,Marketable,Bills Maturity Value,912797UX3,2026-05-14,2027-05-13,null,53134.4717,0,05/27,null,null,null,53134.4717,31,07,0,null,85,3.65
2026-07-31,2026-07-31,2026,4,2026,3,Marketable,Bills Maturity Value,912797VF1,2026-06-11,2027-06-10,null,53211.1805,0,06/27,null,null,null,53211.1805,31,07,0,null,86,3.75
2026-07-31,2026-07-31,2026,4,2026,3,Marketable,Bills Maturity Value,912797VQ7,2026-07-09,2027-07-08,null,54760.4049,0,07/27,null,null,null,54760.4049,31,07,0,null,87,3.86
2026-07-31,2026-07-31,2026,4,2026,3,Marketable,Bills Maturity Value,Total Unmatured Treasury Bills,null,null,null,6988890.5479,0,null,null,null,null,6988890.5479,31,07,0,null,88,null
2026-07-31,2026-07-31,2026,4,2026,3,Marketable,Bills Maturity Value,Total Matured Treasury Bills,null,null,null,*,0,null,null,null,null,*,31,07,0,null,89,null
2026-07-31,2026-07-31,2026,4,2026,3,Marketable,Bills Maturity Value,Total Treasury Bills,null,null,null,6988890.9629,0,null,null,null,null,6988890.9629,31,07,0,null,90,null
2026-07-31,2026-07-31,2026,4,2026,3,Marketable,Notes,9128282A7,2016-08-15,2026-08-15,1.5,64404.2405,0,02/15,08/15,null,null,25355.9764,31,07,0,null,91,1.503
2026-07-31,2026-07-31,2026,4,2026,3,Marketable,Notes,9128282A7,2016-09-15,2026-08-15,1.5,null,0,02/15,08/15,null,null,20000.043,31,07,0,null,92,1.699
2026-07-31,2026-07-31,2026,4,2026,3,Marketable,Notes,9128282A7,2016-10-17,2026-08-15,1.5,null,0,02/15,08/15,null,null,20000.2211,31,07,-952,null,93,1.793
2026-07-31,2026-07-31,2026,4,2026,3,Marketable,Notes,91282CHU8,2023-08-15,2026-08-15,4.375,54669.848,0,02/15,08/15,null,null,57701.848,31,07,-3032,null,94,4.398
2026-07-31,2026-07-31,2026,4,2026,3,Marketable,Notes,912828YD6,2019-09-03,2026-08-31,1.375,33396.3821,0,02/29,08/31,null,null,36155.3821,31,07,-2759,null,95,1.489
2026-07-31,2026-07-31,2026,4,2026,3,Marketable,Notes,91282CCW9,2021-08-31,2026-08-31,0.75,59156.147,0,02/28,08/31,null,null,68664.147,31,07,-9508,null,96,0.831
2026-07-31,2026-07-31,2026,4,2026,3,Marketable,Notes,91282CLH2,2024-09-03,2026-08-31,3.75,66428.6428,0,02/28,08/31,null,null,74480.6428,31,07,-8052,null,97,3.874
2026-07-31,2026-07-31,2026,4,2026,3,Marketable,Notes,91282CHY0,2023-09-15,2026-09-15,4.625,43080.6988,0,03/15,09/15,null,null,43999.6988,31,07,-919,null,98,4.66
2026-07-31,2026-07-31,2026,4,2026,3,Marketable,Notes,912828YG9,2019-09-30,2026-09-30,1.625,35324.2104,0,03/31,09/30,null,null,35324.2104,31,07,0,null,99,1.633
2026-07-31,2026-07-31,2026,4,2026,3,Marketable,Notes,91282CCZ2,2021-09-30,2026-09-30,0.875,68246.4253,0,03/31,09/30,null,null,68346.4253,31,07,-100,null,100,0.99
2026-07-31,2026-07-31,2026,4,2026,3,Marketable,Notes,91282CLP4,2024-09-30,2026-09-30,3.5,70419.9585,0,03/31,09/30,null,null,70422.9585,31,07,-3,null,101,3.52
2026-07-31,2026-07-31,2026,4,2026,3,Marketable,Notes,91282CJC6,2023-10-16,2026-10-15,4.625,42449.8115,0,04/15,10/15,null,null,45999.8115,31,07,-3550,null,102,4.74
2026-07-31,2026-07-31,2026,4,2026,3,Marketable,Notes,912828YQ7,2019-10-31,2026-10-31,1.625,34732.6666,0,04/30,10/31,null,null,35345.6666,31,07,-613,null,103,1.657
2026-07-31,2026-07-31,2026,4,2026,3,Marketable,Notes,91282CDG3,2021-11-01,2026-10-31,1.125,66586.6911,0,04/30,10/31,null,null,67201.6911,31,07,-615,null,104,1.157
2026-07-31,2026-07-31,2026,4,2026,3,Marketable,Notes,91282CLS8,2024-10-31,2026-10-31,4.125,66250.3418,0,04/30,10/31,null,null,70157.3418,31,07,-3907,null,105,4.13
2026-07-31,2026-07-31,2026,4,2026,3,Marketable,Notes,912828U24,2016-11-15,2026-11-15,2,64287.5749,0,05/15,11/15,null,null,28035.2779,31,07,0,null,106,2.02
2026-07-31,2026-07-31,2026,4,2026,3,Marketable,Notes,912828U24,2016-12-15,2026-11-15,2,null,0,05/15,11/15,null,null,20000.0197,31,07,0,null,107,2.485
2026-07-31,2026-07-31,2026,4,2026,3,Marketable,Notes,912828U24,2017-01-17,2026-11-15,2,null,0,05/15,11/15,null,null,21107.2773,31,07,-4855,null,108,2.342
2026-07-31,2026-07-31,2026,4,2026,3,Marketable,Notes,91282CJK8,2023-11-15,2026-11-15,4.625,47237.4001,0,05/15,11/15,null,null,48910.4001,31,07,-1673,null,109,4.701
2026-07-31,2026-07-31,2026,4,2026,3,Marketable,Notes,912828YU8,2019-12-02,2026-11-30,1.625,32632.4881,0,05/31,11/30,null,null,34540.4881,31,07,-1908,null,110,1.719
2026-07-31,2026-07-31,2026,4,2026,3,Marketable,Notes,91282CDK4,2021-11-30,2026-11-30,1.25,61760.0424,0,05/31,11/30,null,null,63863.0424,31,07,-2103,null,111,1.319
2026-07-31,2026-07-31,2026,4,2026,3,Marketable,Notes,91282CLY5,2024-12-02,2026-11-30,4.25,64571.7907,0,05/31,11/30,null,null,73688.7907,31,07,-9117,null,112,4.274
2026-07-31,2026-07-31,2026,4,2026,3,Marketable,Notes,91282CJP7,2023-12-15,2026-12-15,4.375,49998.6465,0,06/15,12/15,null,null,49998.6465,31,07,0,null,113,4.49
2026-07-31,2026-07-31,2026,4,2026,3,Marketable,Notes,912828YX2,2019-12-31,2026-12-31,1.75,35011.7014,0,06/30,12/31,null,null,35011.7014,31,07,0,null,114,1.835
2026-07-31,2026-07-31,2026,4,2026,3,Marketable,Notes,91282CDQ1,2021-12-31,2026-12-31,1.25,63499.1915,0,06/30,12/31,null,null,64744.1915,31,07,-1245,null,115,1.263
2026-07-31,2026-07-31,2026,4,2026,3,Marketable,Notes,91282CME8,2024-12-31,2026-12-31,4.25,69666.3664,0,06/30,12/31,null,null,69666.3664,31,07,0,null,116,4.335
2026-07-31,2026-07-31,2026,4,2026,3,Marketable,Notes,91282CJT9,2024-01-16,2027-01-15,4,51119.7476,0,07/15,01/15,null,null,51997.7476,31,07,-878,null,117,4.105
2026-07-31,2026-07-31,2026,4,2026,3,Marketable,Notes,912828Z78,2020-01-31,2027-01-31,1.5,95496.8406,0,07/31,01/31,null,null,35304.3009,31,07,0,null,118,1.57
2026-07-31,2026-07-31,2026,4,2026,3,Marketable,Notes,912828Z78,2022-01-31,2027-01-31,1.5,null,0,07/31,01/31,null,null,63220.5397,31,07,-3028,null,119,1.533
2026-07-31,2026-07-31,2026,4,2026,3,Marketable,Notes,91282CMH1,2025-01-31,2027-01-31,4.125,65450.7807,0,07/31,01/31,null,null,72826.7807,31,07,-7376,null,120,4.211
2026-07-31,2026-07-31,2026,4,2026,3,Marketable,Notes,912828V98,2017-02-15,2027-02-15,2.25,61002.8684,0,08/15,02/15,null,null,25655.7885,31,07,0,null,121,2.333
2026-07-31,2026-07-31,2026,4,2026,3,Marketable,Notes,912828V98,2017-03-15,2027-02-15,2.25,null,0,08/15,02/15,null,null,20000.7616,31,07,0,null,122,2.56
2026-07-31,2026-07-31,2026,4,2026,3,Marketable,Notes,912828V98,2017-04-17,2027-02-15,2.25,null,0,08/15,02/15,null,null,20164.3183,31,07,-4818,null,123,2.332
2026-07-31,2026-07-31,2026,4,2026,3,Marketable,Notes,91282CKA8,2024-02-15,2027-02-15,4.125,51294.441,0,08/15,02/15,null,null,57993.441,31,07,-6699,null,124,4.169
2026-07-31,2026-07-31,2026,4,2026,3,Marketable,Notes,912828ZB9,2020-03-02,2027-02-28,1.125,36737.3239,0,08/31,02/28,null,null,36836.3239,31,07,-99,null,125,1.247
2026-07-31,2026-07-31,2026,4,2026,3,Marketable,Notes,91282CEC1,2022-02-28,2027-02-28,1.875,55608.7848,0,08/31,02/28,null,null,62079.7848,31,07,-6471,null,126,1.88
2026-07-31,2026-07-31,2026,4,2026,3,Marketable,Notes,91282CMP3,2025-02-28,2027-02-28,4.125,74943.3569,0,08/31,02/28,null,null,75951.3569,31,07,-1008,null,127,4.169
2026-07-31,2026-07-31,2026,4,2026,3,Marketable,Notes,91282CKE0,2024-03-15,2027-03-15,4.25,55201.8667,0,09/15,03/15,null,null,55999.8667,31,07,-798,null,128,4.256
2026-07-31,2026-07-31,2026,4,2026,3,Marketable,Notes,912828ZE3,2020-03-31,2027-03-31,0.625,35877.5047,0,09/30,03/31,null,null,36302.5047,31,07,-425,null,129,0.68
2026-07-31,2026-07-31,2026,4,2026,3,Marketable,Notes,91282CEF4,2022-03-31,2027-03-31,2.5,60044.7113,0,09/30,03/31,null,null,60494.7113,31,07,-450,null,130,2.543
2026-07-31,2026-07-31,2026,4,2026,3,Marketable,Notes,91282CMV0,2025-03-31,2027-03-31,3.875,70776.1968,0,09/30,03/31,null,null,71035.1968,31,07,-259,null,131,3.984
2026-07-31,2026-07-31,2026,4,2026,3,Marketable,Notes,91282CKJ9,2024-04-15,2027-04-15,4.5,58950.2958,0,10/15,04/15,null,null,58951.2958,31,07,-1,null,132,4.548
2026-07-31,2026-07-31,2026,4,2026,3,Marketable,Notes,912828ZN3,2020-04-30,2027-04-30,0.5,37218.5902,0,10/31,04/30,null,null,38039.5902,31,07,-821,null,133,0.525
2026-07-31,2026-07-31,2026,4,2026,3,Marketable,Notes,91282CEN7,2022-05-02,2027-04-30,2.75,54615.8757,0,10/31,04/30,null,null,55793.8757,31,07,-1178,null,134,2.785
2026-07-31,2026-07-31,2026,4,2026,3,Marketable,Notes,91282CMY4,2025-04-30,2027-04-30,3.75,73315.2948,0,10/31,04/30,null,null,73718.2948,31,07,-403,null,135,3.795
2026-07-31,2026-07-31,2026,4,2026,3,Marketable,Notes,912828X88,2017-05-15,2027-05-15,2.375,66863.2206,0,11/15,05/15,null,null,30593.7355,31,07,0,null,136,2.4
2026-07-31,2026-07-31,2026,4,2026,3,Marketable,Notes,912828X88,2017-06-15,2027-05-15,2.375,null,0,11/15,05/15,null,null,19999.9223,31,07,0,null,137,2.195
2026-07-31,2026-07-31,2026,4,2026,3,Marketable,Notes,912828X88,2017-07-17,2027-05-15,2.375,null,0,11/15,05/15,null,null,20456.5628,31,07,-4187,null,138,2.325
2026-07-31,2026-07-31,2026,4,2026,3,Marketable,Notes,91282CKR1,2024-05-15,2027-05-15,4.5,58302.0435,0,11/15,05/15,null,null,65289.0435,31,07,-6987,null,139,4.605
2026-07-31,2026-07-31,2026,4,2026,3,Marketable,Notes,912828ZS2,2020-06-01,2027-05-31,0.5,39234.3545,0,11/30,05/31,null,null,41989.3545,31,07,-2755,null,140,0.553
2026-07-31,2026-07-31,2026,4,2026,3,Marketable,Notes,91282CET4,2022-05-31,2027-05-31,2.625,53210.6122,0,11/30,05/31,null,null,55215.6122,31,07,-2005,null,141,2.736
2026-07-31,2026-07-31,2026,4,2026,3,Marketable,Notes,91282CNE7,2025-06-02,2027-05-31,3.875,72473.7757,0,11/30,05/31,null,null,78439.7757,31,07,-5966,null,142,3.955
2026-07-31,2026-07-31,2026,4,2026,3,Marketable,Notes,91282CKV2,2024-06-17,2027-06-15,4.625,59875.6033,0,12/15,06/15,null,null,59875.6033,31,07,0,null,143,4.659
2026-07-31,2026-07-31,2026,4,2026,3,Marketable,Notes,912828ZV5,2020-06-30,2027-06-30,0.5,45951.7319,0,12/31,06/30,null,null,46607.7319,31,07,-656,null,144,0.511
2026-07-31,2026-07-31,2026,4,2026,3,Marketable,Notes,91282CEW7,2022-06-30,2027-06-30,3.25,50292.5718,0,12/31,06/30,null,null,50592.5718,31,07,-300,null,145,3.271
2026-07-31,2026-07-31,2026,4,2026,3,Marketable,Notes,91282CNL1,2025-06-30,2027-06-30,3.75,75728.4307,0,12/31,06/30,null,null,75863.4307,31,07,-135,null,146,3.786
2026-07-31,2026-07-31,2026,4,2026,3,Marketable,Notes,91282CKZ3,2024-07-15,2027-07-15,4.375,63525.2779,0,01/15,07/15,null,null,67413.2779,31,07,-3888,null,147,4.399
2026-07-31,2026-07-31,2026,4,2026,3,Marketable,Notes,91282CAD3,2020-07-31,2027-07-31,0.375,48738.1011,0,01/31,07/31,null,null,49000.1011,31,07,-262,null,148,0.446
2026-07-31,2026-07-31,2026,4,2026,3,Marketable,Notes,91282CFB2,2022-08-01,2027-07-31,2.75,48889.6782,0,01/31,07/31,null,null,49990.6782,31,07,-1101,null,149,2.86
2026-07-31,2026-07-31,2026,4,2026,3,Marketable,Notes,91282CNP2,2025-07-31,2027-07-31,3.875,72738.2875,0,01/31,07/31,null,null,73697.2875,31,07,-959,null,150,3.92
2026-07-31,2026-07-31,2026,4,2026,3,Marketable,Notes,9128282R0,2017-08-15,2027-08-15,2.25,69445.3604,0,02/15,08/15,null,null,29920.4635,31,07,0,null,151,2.25
2026-07-31,2026-07-31,2026,4,2026,3,Marketable,Notes,9128282R0,2017-09-15,2027-08-15,2.25,null,0,02/15,08/15,null,null,19999.9057,31,07,0,null,152,2.18
2026-07-31,2026-07-31,2026,4,2026,3,Marketable,Notes,9128282R0,2017-10-16,2027-08-15,2.25,null,0,02/15,08/15,null,null,19999.9912,31,07,-475,null,153,2.346
2026-07-31,2026-07-31,2026,4,2026,3,Marketable,Notes,91282CLG4,2024-08-15,2027-08-15,3.75,65842.2792,0,02/15,08/15,null,null,69029.2792,31,07,-3187,null,154,3.81
2026-07-31,2026-07-31,2026,4,2026,3,Marketable,Notes,91282CAH4,2020-08-31,2027-08-31,0.5,50805.0757,0,02/28,08/31,null,null,51083.0757,31,07,-278,null,155,0.519
2026-07-31,2026-07-31,2026,4,2026,3,Marketable,Notes,91282CFH9,2022-08-31,2027-08-31,3.125,48756.9032,0,02/28,08/31,null,null,50857.9032,31,07,-2101,null,156,3.23
2026-07-31,2026-07-31,2026,4,2026,3,Marketable,Notes,91282CNV9,2025-09-02,2027-08-31,3.625,74459.1911,0,02/28,08/31,null,null,77326.1911,31,07,-2867,null,157,3.641
2026-07-31,2026-07-31,2026,4,2026,3,Marketable,Notes,91282CLL3,2024-09-16,2027-09-15,3.375,58553.7853,0,03/15,09/15,null,null,58553.7853,31,07,0,null,158,3.44
2026-07-31,2026-07-31,2026,4,2026,3,Marketable,Notes,91282CAL5,2020-09-30,2027-09-30,0.375,56617.2943,0,03/31,09/30,null,null,56845.2943,31,07,-228,null,159,0.462
2026-07-31,2026-07-31,2026,4,2026,3,Marketable,Notes,91282CFM8,2022-09-30,2027-09-30,4.125,44000.1154,0,03/31,09/30,null,null,44000.1154,31,07,0,null,160,4.228
2026-07-31,2026-07-31,2026,4,2026,3,Marketable,Notes,91282CPB1,2025-09-30,2027-09-30,3.5,72809.5436,0,03/31,09/30,null,null,72809.5436,31,07,0,null,161,3.571
2026-07-31,2026-07-31,2026,4,2026,3,Marketable,Notes,91282CLQ2,2024-10-15,2027-10-15,3.875,57643.814,0,04/15,10/15,null,null,58795.814,31,07,-1152,null,162,3.878
2026-07-31,2026-07-31,2026,4,2026,3,Marketable,Notes,91282CAU5,2020-11-02,2027-10-31,0.5,57732.9768,0,04/30,10/31,null,null,58622.9768,31,07,-890,null,163,0.6
2026-07-31,2026-07-31,2026,4,2026,3,Marketable,Notes,91282CFU0,2022-10-31,2027-10-31,4.125,42612.5559,0,04/30,10/31,null,null,42999.5559,31,07,-387,null,164,4.192
2026-07-31,2026-07-31,2026,4,2026,3,Marketable,Notes,91282CPE5,2025-10-31,2027-10-31,3.5,71440.4285,0,04/30,10/31,null,null,72960.4285,31,07,-1520,null,165,3.504
2026-07-31,2026-07-31,2026,4,2026,3,Marketable,Notes,9128283F5,2017-11-15,2027-11-15,2.25,65568.1106,0,05/15,11/15,null,null,25796.7611,31,07,0,null,166,2.314
2026-07-31,2026-07-31,2026,4,2026,3,Marketable,Notes,9128283F5,2017-12-15,2027-11-15,2.25,null,0,05/15,11/15,null,null,19999.9963,31,07,0,null,167,2.384
2026-07-31,2026-07-31,2026,4,2026,3,Marketable,Notes,9128283F5,2018-01-16,2027-11-15,2.25,null,0,05/15,11/15,null,null,20677.3532,31,07,-906,null,168,2.579
2026-07-31,2026-07-31,2026,4,2026,3,Marketable,Notes,91282CLX7,2024-11-15,2027-11-15,4.125,70880.4462,0,05/15,11/15,null,null,72094.4462,31,07,-1214,null,169,4.152
2026-07-31,2026-07-31,2026,4,2026,3,Marketable,Notes,91282CAY7,2020-11-30,2027-11-30,0.625,63156.8862,0,05/31,11/30,null,null,63768.8862,31,07,-612,null,170,0.653
2026-07-31,2026-07-31,2026,4,2026,3,Marketable,Notes,91282CFZ9,2022-11-30,2027-11-30,3.875,45241.9145,0,05/31,11/30,null,null,47669.9145,31,07,-2428,null,171,3.974
2026-07-31,2026-07-31,2026,4,2026,3,Marketable,Notes,91282CPL9,2025-12-01,2027-11-30,3.375,76779.5283,0,05/31,11/30,null,null,76889.5283,31,07,-110,null,172,3.489
2026-07-31,2026-07-31,2026,4,2026,3,Marketable,Notes,91282CMB4,2024-12-16,2027-12-15,4,58391.371,0,06/15,12/15,null,null,58415.371,31,07,-24,null,173,4.117
2026-07-31,2026-07-31,2026,4,2026,3,Marketable,Notes,91282CBB6,2020-12-31,2027-12-31,0.625,67206.5168,0,06/30,12/31,null,null,67976.5168,31,07,-770,null,174,0.662
2026-07-31,2026-07-31,2026,4,2026,3,Marketable,Notes,91282CGC9,2023-01-03,2027-12-31,3.875,42999.7134,0,06/30,12/31,null,null,42999.7134,31,07,0,null,175,3.973
2026-07-31,2026-07-31,2026,4,2026,3,Marketable,Notes,91282CPS4,2025-12-31,2027-12-31,3.375,76351.7835,0,06/30,12/31,null,null,76351.7835,31,07,0,null,176,3.499
2026-07-31,2026-07-31,2026,4,2026,3,Marketable,Notes,91282CMF5,2025-01-15,2028-01-15,4.25,70744.4391,0,07/15,01/15,null,null,70744.4391,31,07,0,null,177,4.332
2026-07-31,2026-07-31,2026,4,2026,3,Marketable,Notes,91282CBJ9,2021-02-01,2028-01-31,0.75,69770.8497,0,07/31,01/31,null,null,70379.8497,31,07,-609,null,178,0.754
2026-07-31,2026-07-31,2026,4,2026,3,Marketable,Notes,91282CGH8,2023-01-31,2028-01-31,3.5,116620.8368,0,07/31,01/31,null,null,42989.6949,31,07,0,null,179,3.53
2026-07-31,2026-07-31,2026,4,2026,3,Marketable,Notes,91282CGH8,2026-02-02,2028-01-31,3.5,null,0,07/31,01/31,null,null,73861.1419,31,07,-230,null,180,3.58
2026-07-31,2026-07-31,2026,4,2026,3,Marketable,Notes,9128283W8,2018-02-15,2028-02-15,2.75,69744.1045,0,08/15,02/15,null,null,28536.05,31,07,0,null,181,2.811
2026-07-31,2026-07-31,2026,4,2026,3,Marketable,Notes,9128283W8,2018-03-15,2028-02-15,2.75,null,0,08/15,02/15,null,null,21000.0038,31,07,0,null,182,2.889
2026-07-31,2026-07-31,2026,4,2026,3,Marketable,Notes,9128283W8,2018-04-16,2028-02-15,2.75,null,0,08/15,02/15,null,null,21036.0507,31,07,-828,null,183,2.795
2026-07-31,2026-07-31,2026,4,2026,3,Marketable,Notes,91282CMN8,2025-02-18,2028-02-15,4.25,73131.0993,0,08/15,02/15,null,null,73931.0993,31,07,-800,null,184,4.3
2026-07-31,2026-07-31,2026,4,2026,3,Marketable,Notes,91282CBP5,2021-03-01,2028-02-29,1.125,75418.1485,0,08/31,02/28,null,null,75431.1485,31,07,-13,null,185,1.195
2026-07-31,2026-07-31,2026,4,2026,3,Marketable,Notes,91282CGP0,2023-02-28,2028-02-29,4,52169.3168,0,08/31,02/29,null,null,52769.3168,31,07,-600,null,186,4.109
2026-07-31,2026-07-31,2026,4,2026,3,Marketable,Notes,91282CQB0,2026-03-02,2028-02-29,3.375,77264.4424,0,08/31,02/28,null,null,77264.4424,31,07,0,null,187,3.455
2026-07-31,2026-07-31,2026,4,2026,3,Marketable,Notes,91282CMS7,2025-03-17,2028-03-15,3.875,58781.363,0,09/15,03/15,null,null,58981.363,31,07,-200,null,188,3.908
2026-07-31,2026-07-31,2026,4,2026,3,Marketable,Notes,91282CBS9,2021-03-31,2028-03-31,1.25,72451.916,0,09/30,03/31,null,null,73132.916,31,07,-681,null,189,1.3
2026-07-31,2026-07-31,2026,4,2026,3,Marketable,Notes,91282CGT2,2023-03-31,2028-03-31,3.625,42999.8097,0,09/30,03/31,null,null,42999.8097,31,07,0,null,190,3.665
2026-07-31,2026-07-31,2026,4,2026,3,Marketable,Notes,91282CQH7,2026-03-31,2028-03-31,3.875,76127.9246,0,09/30,03/31,null,null,76127.9246,31,07,0,null,191,3.936
2026-07-31,2026-07-31,2026,4,2026,3,Marketable,Notes,91282CMW8,2025-04-15,2028-04-15,3.75,67679.3019,0,10/15,04/15,null,null,67679.3019,31,07,0,null,192,3.784
2026-07-31,2026-07-31,2026,4,2026,3,Marketable,Notes,91282CBZ3,2021-04-30,2028-04-30,1.25,73420.2701,0,10/31,04/30,null,null,73840.2701,31,07,-420,null,193,1.306
2026-07-31,2026-07-31,2026,4,2026,3,Marketable,Notes,91282CHA2,2023-05-01,2028-04-30,3.5,47182.5132,0,10/31,04/30,null,null,47182.5132,31,07,0,null,194,3.5
2026-07-31,2026-07-31,2026,4,2026,3,Marketable,Notes,91282CQL8,2026-04-30,2028-04-30,3.75,77693.49,0,10/31,04/30,null,null,77693.49,31,07,0,null,195,3.812
2026-07-31,2026-07-31,2026,4,2026,3,Marketable,Notes,9128284N7,2018-05-15,2028-05-15,2.875,72893.2308,0,11/15,05/15,null,null,31026.682,31,07,0,null,196,2.995
2026-07-31,2026-07-31,2026,4,2026,3,Marketable,Notes,9128284N7,2018-06-15,2028-05-15,2.875,null,0,11/15,05/15,null,null,22000.0172,31,07,0,null,197,2.962
2026-07-31,2026-07-31,2026,4,2026,3,Marketable,Notes,9128284N7,2018-07-16,2028-05-15,2.875,null,0,11/15,05/15,null,null,22085.5316,31,07,-2219,null,198,2.859
2026-07-31,2026-07-31,2026,4,2026,3,Marketable,Notes,91282CND9,2025-05-15,2028-05-15,3.75,78273.4418,0,11/15,05/15,null,null,78473.4418,31,07,-200,null,199,3.824
2026-07-31,2026-07-31,2026,4,2026,3,Marketable,Notes,91282CCE9,2021-06-01,2028-05-31,1.25,73206.2334,0,11/30,05/31,null,null,74034.2334,31,07,-828,null,200,1.285
2026-07-31,2026-07-31,2026,4,2026,3,Marketable,Notes,91282CHE4,2023-05-31,2028-05-31,3.625,48376.1542,0,11/30,05/31,null,null,51060.1542,31,07,-2684,null,201,3.749
2026-07-31,2026-07-31,2026,4,2026,3,Marketable,Notes,91282CQS3,2026-06-01,2028-05-31,4,79173.8479,0,11/30,05/31,null,null,79173.8479,31,07,0,null,202,4.071
2026-07-31,2026-07-31,2026,4,2026,3,Marketable,Notes,91282CNH0,2025-06-16,2028-06-15,3.875,59042.8635,0,12/15,06/15,null,null,59042.8635,31,07,0,null,203,3.972
2026-07-31,2026-07-31,2026,4,2026,3,Marketable,Notes,91282CCH2,2021-06-30,2028-06-30,1.25,70834.1021,0,12/31,06/30,null,null,71410.1021,31,07,-576,null,204,1.264
2026-07-31,2026-07-31,2026,4,2026,3,Marketable,Notes,91282CHK0,2023-06-30,2028-06-30,4,42999.6645,0,12/31,06/30,null,null,42999.6645,31,07,0,null,205,4.019
2026-07-31,2026-07-31,2026,4,2026,3,Marketable,Notes,91282CQY0,2026-06-30,2028-06-30,4.125,79326.5105,0,12/31,06/30,null,null,79326.5105,31,07,0,null,206,4.189
2026-07-31,2026-07-31,2026,4,2026,3,Marketable,Notes,91282CNM9,2025-07-15,2028-07-15,3.875,64862.5606,0,01/15,07/15,null,null,64862.5606,31,07,0,null,207,3.891
2026-07-31,2026-07-31,2026,4,2026,3,Marketable,Notes,91282CCR0,2021-08-02,2028-07-31,1,66445.6586,0,01/31,07/31,null,null,67937.6586,31,07,-1492,null,208,1.05
2026-07-31,2026-07-31,2026,4,2026,3,Marketable,Notes,91282CHQ7,2023-07-31,2028-07-31,4.125,42999.6711,0,01/31,07/31,null,null,42999.6711,31,07,0,null,209,4.17
2026-07-31,2026-07-31,2026,4,2026,3,Marketable,Notes,91282CRB9,2026-07-31,2028-07-31,4.25,76628.9164,0,01/31,07/31,null,null,76628.9164,31,07,0,null,210,4.315
2026-07-31,2026-07-31,2026,4,2026,3,Marketable,Notes,9128284V9,2018-08-15,2028-08-15,2.875,73000.7101,0,02/15,08/15,null,null,29495.4751,31,07,0,null,211,2.96
2026-07-31,2026-07-31,2026,4,2026,3,Marketable,Notes,9128284V9,2018-09-17,2028-08-15,2.875,null,0,02/15,08/15,null,null,22999.9659,31,07,0,null,212,2.957
2026-07-31,2026-07-31,2026,4,2026,3,Marketable,Notes,9128284V9,2018-10-15,2028-08-15,2.875,null,0,02/15,08/15,null,null,23000.2691,31,07,-2495,null,213,3.225
2026-07-31,2026-07-31,2026,4,2026,3,Marketable,Notes,91282CNU1,2025-08-15,2028-08-15,3.625,77418.3338,0,02/15,08/15,null,null,77683.3338,31,07,-265,null,214,3.669
2026-07-31,2026-07-31,2026,4,2026,3,Marketable,Notes,91282CCV1,2021-08-31,2028-08-31,1.125,69172.8029,0,02/28,08/31,null,null,69789.8029,31,07,-617,null,215,1.155
2026-07-31,2026-07-31,2026,4,2026,3,Marketable,Notes,91282CHX2,2023-08-31,2028-08-31,4.375,50495.9706,0,02/29,08/31,null,null,50767.9706,31,07,-272,null,216,4.4
2026-07-31,2026-07-31,2026,4,2026,3,Marketable,Notes,91282CNY3,2025-09-15,2028-09-15,3.375,57999.3991,0,03/15,09/15,null,null,57999.3991,31,07,0,null,217,3.485
2026-07-31,2026-07-31,2026,4,2026,3,Marketable,Notes,91282CCY5,2021-09-30,2028-09-30,1.25,69466.8874,0,03/31,09/30,null,null,69466.8874,31,07,0,null,218,1.332
2026-07-31,2026-07-31,2026,4,2026,3,Marketable,Notes,91282CJA0,2023-10-02,2028-09-30,4.625,48999.9713,0,03/31,09/30,null,null,48999.9713,31,07,0,null,219,4.659
2026-07-31,2026-07-31,2026,4,2026,3,Marketable,Notes,91282CPC9,2025-10-15,2028-10-15,3.5,59076.3927,0,04/15,10/15,null,null,59076.3927,31,07,0,null,220,3.576
2026-07-31,2026-07-31,2026,4,2026,3,Marketable,Notes,91282CDF5,2021-11-01,2028-10-31,1.375,67425.325,0,04/30,10/31,null,null,68303.325,31,07,-878,null,221,1.461
2026-07-31,2026-07-31,2026,4,2026,3,Marketable,Notes,91282CJF9,2023-10-31,2028-10-31,4.875,51839.3315,0,04/30,10/31,null,null,51999.3315,31,07,-160,null,222,4.899
2026-07-31,2026-07-31,2026,4,2026,3,Marketable,Notes,9128285M8,2018-11-15,2028-11-15,3.125,80486.8543,0,05/15,11/15,null,null,32506.5792,31,07,0,null,223,3.209
2026-07-31,2026-07-31,2026,4,2026,3,Marketable,Notes,9128285M8,2018-12-17,2028-11-15,3.125,null,0,05/15,11/15,null,null,23999.5335,31,07,0,null,224,2.915
2026-07-31,2026-07-31,2026,4,2026,3,Marketable,Notes,9128285M8,2019-01-15,2028-11-15,3.125,null,0,05/15,11/15,null,null,23999.7416,31,07,-19,null,225,2.728
2026-07-31,2026-07-31,2026,4,2026,3,Marketable,Notes,91282CPK1,2025-11-17,2028-11-15,3.5,66832.8538,0,05/15,11/15,null,null,67032.8538,31,07,-200,null,226,3.579
2026-07-31,2026-07-31,2026,4,2026,3,Marketable,Notes,91282CDL2,2021-11-30,2028-11-30,1.5,62734.6206,0,05/31,11/30,null,null,63863.6206,31,07,-1129,null,227,1.588
2026-07-31,2026-07-31,2026,4,2026,3,Marketable,Notes,91282CJN2,2023-11-30,2028-11-30,4.375,54914.0337,0,05/31,11/30,null,null,55622.0337,31,07,-708,null,228,4.42
2026-07-31,2026-07-31,2026,4,2026,3,Marketable,Notes,91282CPP0,2025-12-15,2028-12-15,3.5,57965.2538,0,06/15,12/15,null,null,58000.2538,31,07,-35,null,229,3.614
2026-07-31,2026-07-31,2026,4,2026,3,Marketable,Notes,91282CDP3,2021-12-31,2028-12-31,1.375,63608.1801,0,06/30,12/31,null,null,63608.1801,31,07,0,null,230,1.48
2026-07-31,2026-07-31,2026,4,2026,3,Marketable,Notes,91282CJR3,2024-01-02,2028-12-31,3.75,57996.2671,0,06/30,12/31,null,null,57996.2671,31,07,0,null,231,3.801
2026-07-31,2026-07-31,2026,4,2026,3,Marketable,Notes,91282CPT2,2026-01-15,2029-01-15,3.5,74881.9591,0,07/15,01/15,null,null,74881.9591,31,07,0,null,232,3.609
2026-07-31,2026-07-31,2026,4,2026,3,Marketable,Notes,91282CDW8,2022-01-31,2029-01-31,1.75,60406.6569,0,07/31,01/31,null,null,60921.6569,31,07,-515,null,233,1.769
2026-07-31,2026-07-31,2026,4,2026,3,Marketable,Notes,91282CJW2,2024-01-31,2029-01-31,4,60789.5914,0,07/31,01/31,null,null,60999.5914,31,07,-210,null,234,4.055
2026-07-31,2026-07-31,2026,4,2026,3,Marketable,Notes,9128286B1,2019-02-15,2029-02-15,2.625,80704.475,0,08/15,02/15,null,null,33502.0739,31,07,0,null,235,2.689
2026-07-31,2026-07-31,2026,4,2026,3,Marketable,Notes,9128286B1,2019-03-15,2029-02-15,2.625,null,0,08/15,02/15,null,null,24000.0332,31,07,0,null,236,2.615
2026-07-31,2026-07-31,2026,4,2026,3,Marketable,Notes,9128286B1,2019-04-15,2029-02-15,2.625,null,0,08/15,02/15,null,null,24003.3679,31,07,-801,null,237,2.466
2026-07-31,2026-07-31,2026,4,2026,3,Marketable,Notes,91282CQA2,2026-02-17,2029-02-15,3.5,74434.3746,0,08/15,02/15,null,null,74434.3746,31,07,0,null,238,3.518
2026-07-31,2026-07-31,2026,4,2026,3,Marketable,Notes,91282CEB3,2022-02-28,2029-02-28,1.875,57010.8318,0,08/31,02/28,null,null,58565.8318,31,07,-1555,null,239,1.905
2026-07-31,2026-07-31,2026,4,2026,3,Marketable,Notes,91282CKD2,2024-02-29,2029-02-28,4.25,66465.3251,0,08/31,02/28,null,null,66769.3251,31,07,-304,null,240,4.32
2026-07-31,2026-07-31,2026,4,2026,3,Marketable,Notes,91282CQE4,2026-03-16,2029-03-15,3.5,58013.9463,0,09/15,03/15,null,null,58013.9463,31,07,0,null,241,3.579
2026-07-31,2026-07-31,2026,4,2026,3,Marketable,Notes,91282CEE7,2022-03-31,2029-03-31,2.375,55674.7207,0,09/30,03/31,null,null,55749.7207,31,07,-75,null,242,2.499
2026-07-31,2026-07-31,2026,4,2026,3,Marketable,Notes,91282CKG5,2024-04-01,2029-03-31,4.125,66999.7216,0,09/30,03/31,null,null,66999.7216,31,07,0,null,243,4.235
2026-07-31,2026-07-31,2026,4,2026,3,Marketable,Notes,91282CQJ3,2026-04-15,2029-04-15,3.875,68284.7507,0,10/15,04/15,null,null,68284.7507,31,07,0,null,244,3.897
2026-07-31,2026-07-31,2026,4,2026,3,Marketable,Notes,91282CEM9,2022-05-02,2029-04-30,2.875,48495.2335,0,10/31,04/30,null,null,50100.2335,31,07,-1605,null,245,2.908
2026-07-31,2026-07-31,2026,4,2026,3,Marketable,Notes,91282CKP5,2024-04-30,2029-04-30,4.625,70232.3058,0,10/31,04/30,null,null,70332.3058,31,07,-100,null,246,4.659
2026-07-31,2026-07-31,2026,4,2026,3,Marketable,Notes,9128286T2,2019-05-15,2029-05-15,2.375,84173.0589,0,11/15,05/15,null,null,36197.7175,31,07,0,null,247,2.479
2026-07-31,2026-07-31,2026,4,2026,3,Marketable,Notes,9128286T2,2019-06-17,2029-05-15,2.375,null,0,11/15,05/15,null,null,24000.0006,31,07,0,null,248,2.13
2026-07-31,2026-07-31,2026,4,2026,3,Marketable,Notes,9128286T2,2019-06-26,2029-05-15,2.375,null,0,11/15,05/15,null,null,25.0004,31,07,0,null,249,2.065
2026-07-31,2026-07-31,2026,4,2026,3,Marketable,Notes,9128286T2,2019-07-15,2029-05-15,2.375,null,0,11/15,05/15,null,null,24204.3404,31,07,-254,null,250,2.064
2026-07-31,2026-07-31,2026,4,2026,3,Marketable,Notes,91282CQR5,2026-05-15,2029-05-15,3.875,71772.0304,0,11/15,05/15,null,null,71772.0304,31,07,0,null,251,3.965
2026-07-31,2026-07-31,2026,4,2026,3,Marketable,Notes,91282CES6,2022-05-31,2029-05-31,2.75,46198.1243,0,11/30,05/31,null,null,48314.1243,31,07,-2116,null,252,2.777
2026-07-31,2026-07-31,2026,4,2026,3,Marketable,Notes,91282CKT7,2024-05-31,2029-05-31,4.5,72970.7385,0,11/30,05/31,null,null,74155.7385,31,07,-1185,null,253,4.553
2026-07-31,2026-07-31,2026,4,2026,3,Marketable,Notes,91282CQV6,2026-06-15,2029-06-15,4.125,57999.7861,0,12/15,06/15,null,null,57999.7861,31,07,0,null,254,4.192
2026-07-31,2026-07-31,2026,4,2026,3,Marketable,Notes,91282CEV9,2022-06-30,2029-06-30,3.25,42974.1464,0,12/31,06/30,null,null,43057.1464,31,07,-83,null,255,3.28
2026-07-31,2026-07-31,2026,4,2026,3,Marketable,Notes,91282CKX8,2024-07-01,2029-06-30,4.25,72149.7834,0,12/31,06/30,null,null,72436.7834,31,07,-287,null,256,4.331
2026-07-31,2026-07-31,2026,4,2026,3,Marketable,Notes,91282CQZ7,2026-07-15,2029-07-15,4.125,64030.8932,0,01/15,07/15,null,null,64030.8932,31,07,0,null,257,4.179
2026-07-31,2026-07-31,2026,4,2026,3,Marketable,Notes,91282CFC0,2022-08-01,2029-07-31,2.625,39104.9639,0,01/31,07/31,null,null,41296.9639,31,07,-2192,null,258,2.73
2026-07-31,2026-07-31,2026,4,2026,3,Marketable,Notes,91282CLC3,2024-07-31,2029-07-31,4,73590.6093,0,01/31,07/31,null,null,73858.6093,31,07,-268,null,259,4.121
2026-07-31,2026-07-31,2026,4,2026,3,Marketable,Notes,912828YB0,2019-08-15,2029-08-15,1.625,92618.67,0,02/15,08/15,null,null,44618.5812,31,07,0,null,260,1.67
2026-07-31,2026-07-31,2026,4,2026,3,Marketable,Notes,912828YB0,2019-09-16,2029-08-15,1.625,null,0,02/15,08/15,null,null,24000.0403,31,07,0,null,261,1.739
2026-07-31,2026-07-31,2026,4,2026,3,Marketable,Notes,912828YB0,2019-10-15,2029-08-15,1.625,null,0,02/15,08/15,null,null,24000.0485,31,07,0,null,262,1.59
2026-07-31,2026-07-31,2026,4,2026,3,Marketable,Notes,91282CFJ5,2022-08-31,2029-08-31,3.125,41013.502,0,02/28,08/31,null,null,41817.502,31,07,-804,null,263,3.13
2026-07-31,2026-07-31,2026,4,2026,3,Marketable,Notes,91282CLK5,2024-09-03,2029-08-31,3.625,75543.7874,0,02/28,08/31,null,null,75563.7874,31,07,-20,null,264,3.645
2026-07-31,2026-07-31,2026,4,2026,3,Marketable,Notes,91282CFL0,2022-09-30,2029-09-30,3.875,35786.998,0,03/31,09/30,null,null,36001.998,31,07,-215,null,265,3.898
2026-07-31,2026-07-31,2026,4,2026,3,Marketable,Notes,91282CLN9,2024-09-30,2029-09-30,3.5,71324.682,0,03/31,09/30,null,null,71444.682,31,07,-120,null,266,3.519
2026-07-31,2026-07-31,2026,4,2026,3,Marketable,Notes,91282CFT3,2022-10-31,2029-10-31,4,34908.0228,0,04/30,10/31,null,null,35000.0228,31,07,-92,null,267,4.027
2026-07-31,2026-07-31,2026,4,2026,3,Marketable,Notes,91282CLR0,2024-10-31,2029-10-31,4.125,70855.6392,0,04/30,10/31,null,null,71180.6392,31,07,-325,null,268,4.138
2026-07-31,2026-07-31,2026,4,2026,3,Marketable,Notes,912828YS3,2019-11-15,2029-11-15,1.75,88552.5072,0,05/15,11/15,null,null,39784.5457,31,07,0,null,269,1.809
2026-07-31,2026-07-31,2026,4,2026,3,Marketable,Notes,912828YS3,2019-12-16,2029-11-15,1.75,null,0,05/15,11/15,null,null,24000.0112,31,07,0,null,270,1.842
2026-07-31,2026-07-31,2026,4,2026,3,Marketable,Notes,912828YS3,2020-01-15,2029-11-15,1.75,null,0,05/15,11/15,null,null,24767.9503,31,07,0,null,271,1.869
2026-07-31,2026-07-31,2026,4,2026,3,Marketable,Notes,91282CFY2,2022-11-30,2029-11-30,3.875,38155.4113,0,05/31,11/30,null,null,38805.4113,31,07,-650,null,272,3.89
2026-07-31,2026-07-31,2026,4,2026,3,Marketable,Notes,91282CMA6,2024-12-02,2029-11-30,4.125,74761.0312,0,05/31,11/30,null,null,74761.0312,31,07,0,null,273,4.197
2026-07-31,2026-07-31,2026,4,2026,3,Marketable,Notes,91282CGB1,2023-01-03,2029-12-31,3.875,34277.9553,0,06/30,12/31,null,null,34999.9553,31,07,-722,null,274,3.921
2026-07-31,2026-07-31,2026,4,2026,3,Marketable,Notes,91282CMD0,2024-12-31,2029-12-31,4.375,70388.9862,0,06/30,12/31,null,null,70688.9862,31,07,-300,null,275,4.478
2026-07-31,2026-07-31,2026,4,2026,3,Marketable,Notes,91282CGJ4,2023-01-31,2030-01-31,3.5,34045.566,0,07/31,01/31,null,null,34999.566,31,07,-954,null,276,3.517
2026-07-31,2026-07-31,2026,4,2026,3,Marketable,Notes,91282CMG3,2025-01-31,2030-01-31,4.25,73885.6256,0,07/31,01/31,null,null,73885.6256,31,07,0,null,277,4.33
2026-07-31,2026-07-31,2026,4,2026,3,Marketable,Notes,912828Z94,2020-02-18,2030-02-15,1.5,87401.5957,0,08/15,02/15,null,null,39007.7122,31,07,0,null,278,1.622
2026-07-31,2026-07-31,2026,4,2026,3,Marketable,Notes,912828Z94,2020-03-16,2030-02-15,1.5,null,0,08/15,02/15,null,null,24022.5969,31,07,0,null,279,0.849
2026-07-31,2026-07-31,2026,4,2026,3,Marketable,Notes,912828Z94,2020-04-15,2030-02-15,1.5,null,0,08/15,02/15,null,null,25082.2866,31,07,-711,null,280,0.782
2026-07-31,2026-07-31,2026,4,2026,3,Marketable,Notes,91282CGQ8,2023-02-28,2030-02-28,4,119604.7938,0,08/31,02/29,null,null,42952.3735,31,07,-370,null,281,4.062
2026-07-31,2026-07-31,2026,4,2026,3,Marketable,Notes,91282CGQ8,2025-02-28,2030-02-28,4,null,0,08/31,02/29,null,null,77052.4203,31,07,-30,null,282,4.123
2026-07-31,2026-07-31,2026,4,2026,3,Marketable,Notes,91282CGS4,2023-03-31,2030-03-31,3.625,33994.9105,0,09/30,03/31,null,null,34999.9105,31,07,-1005,null,283,3.626
2026-07-31,2026-07-31,2026,4,2026,3,Marketable,Notes,91282CMU2,2025-03-31,2030-03-31,4,72023.5247,0,09/30,03/31,null,null,72067.5247,31,07,-44,null,284,4.1
2026-07-31,2026-07-31,2026,4,2026,3,Marketable,Notes,91282CGZ8,2023-05-01,2030-04-30,3.5,38040.0889,0,10/31,04/30,null,null,38406.0889,31,07,-366,null,285,3.563
2026-07-31,2026-07-31,2026,4,2026,3,Marketable,Notes,91282CMZ1,2025-04-30,2030-04-30,3.875,74793.7821,0,10/31,04/30,null,null,74793.7821,31,07,0,null,286,3.995
2026-07-31,2026-07-31,2026,4,2026,3,Marketable,Notes,912828ZQ6,2020-05-15,2030-05-15,0.625,109704.7215,0,11/15,05/15,null,null,48923.195,31,07,0,null,287,0.7
2026-07-31,2026-07-31,2026,4,2026,3,Marketable,Notes,912828ZQ6,2020-06-15,2030-05-15,0.625,null,0,11/15,05/15,null,null,29412.3192,31,07,0,null,288,0.832
2026-07-31,2026-07-31,2026,4,2026,3,Marketable,Notes,91282CHF1,2023-05-31,2030-05-31,3.75,40694.9514,0,11/30,05/31,null,null,41562.9514,31,07,-868,null,290,3.827
2026-07-31,2026-07-31,2026,4,2026,3,Marketable,Notes,91282CNG2,2025-06-02,2030-05-31,4,79582.3101,0,11/30,05/31,null,null,79582.3101,31,07,0,null,291,4.071
2026-07-31,2026-07-31,2026,4,2026,3,Marketable,Notes,91282CHJ3,2023-06-30,2030-06-30,3.75,34099.1219,0,12/31,06/30,null,null,35000.1219,31,07,-901,null,292,3.839
2026-07-31,2026-07-31,2026,4,2026,3,Marketable,Notes,91282CNK3,2025-06-30,2030-06-30,3.875,76965.5472,0,12/31,06/30,null,null,76965.5472,31,07,0,null,293,3.879
2026-07-31,2026-07-31,2026,4,2026,3,Marketable,Notes,91282CHR5,2023-07-31,2030-07-31,4,33760.3086,0,01/31,07/31,null,null,34990.3086,31,07,-1230,null,294,4.087
2026-07-31,2026-07-31,2026,4,2026,3,Marketable,Notes,91282CNN7,2025-07-31,2030-07-31,3.875,74766.5963,0,01/31,07/31,null,null,74766.5963,31,07,0,null,295,3.983
2026-07-31,2026-07-31,2026,4,2026,3,Marketable,Notes,91282CAE1,2020-08-17,2030-08-15,0.625,132350.6532,0,02/15,08/15,null,null,60600.628,31,07,0,null,296,0.677
2026-07-31,2026-07-31,2026,4,2026,3,Marketable,Notes,91282CAE1,2020-09-15,2030-08-15,0.625,null,0,02/15,08/15,null,null,36438.9174,31,07,0,null,297,0.704
2026-07-31,2026-07-31,2026,4,2026,3,Marketable,Notes,91282CAE1,2020-10-15,2030-08-15,0.625,null,0,02/15,08/15,null,null,35979.1078,31,07,-668,null,298,0.765
2026-07-31,2026-07-31,2026,4,2026,3,Marketable,Notes,91282CHW4,2023-08-31,2030-08-31,4.125,39737.4345,0,02/29,08/31,null,null,39737.4345,31,07,0,null,299,4.212
2026-07-31,2026-07-31,2026,4,2026,3,Marketable,Notes,91282CNX5,2025-09-02,2030-08-31,3.625,78448.3357,0,02/28,08/31,null,null,78448.3357,31,07,0,null,300,3.724
2026-07-31,2026-07-31,2026,4,2026,3,Marketable,Notes,91282CHZ7,2023-10-02,2030-09-30,4.625,36709.9038,0,03/31,09/30,null,null,36999.9038,31,07,-290,null,301,4.673
2026-07-31,2026-07-31,2026,4,2026,3,Marketable,Notes,91282CPA3,2025-09-30,2030-09-30,3.625,73433.2547,0,03/31,09/30,null,null,73865.2547,31,07,-432,null,302,3.71
2026-07-31,2026-07-31,2026,4,2026,3,Marketable,Notes,91282CJG7,2023-10-31,2030-10-31,4.875,37230.1286,0,04/30,10/31,null,null,38000.1286,31,07,-770,null,303,4.908
2026-07-31,2026-07-31,2026,4,2026,3,Marketable,Notes,91282CPD7,2025-10-31,2030-10-31,3.625,73961.3631,0,04/30,10/31,null,null,74019.3631,31,07,-58,null,304,3.625
2026-07-31,2026-07-31,2026,4,2026,3,Marketable,Notes,91282CAV3,2020-11-16,2030-11-15,0.875,133680.8207,0,05/15,11/15,null,null,52242.272,31,07,0,null,305,0.96
2026-07-31,2026-07-31,2026,4,2026,3,Marketable,Notes,91282CAV3,2020-12-15,2030-11-15,0.875,null,0,05/15,11/15,null,null,39618.5582,31,07,0,null,306,0.951
2026-07-31,2026-07-31,2026,4,2026,3,Marketable,Notes,91282CAV3,2021-01-15,2030-11-15,0.875,null,0,05/15,11/15,null,null,41819.9905,31,07,0,null,307,1.164
2026-07-31,2026-07-31,2026,4,2026,3,Marketable,Notes,91282CJM4,2023-11-30,2030-11-30,4.375,39411.6963,0,05/31,11/30,null,null,39458.6963,31,07,-47,null,308,4.399
2026-07-31,2026-07-31,2026,4,2026,3,Marketable,Notes,91282CPN5,2025-12-01,2030-11-30,3.5,78004.6386,0,05/31,11/30,null,null,78004.6386,31,07,0,null,309,3.562
2026-07-31,2026-07-31,2026,4,2026,3,Marketable,Notes,91282CJQ5,2024-01-02,2030-12-31,3.75,39436.8979,0,06/30,12/31,null,null,39999.8979,31,07,-563,null,310,3.859
2026-07-31,2026-07-31,2026,4,2026,3,Marketable,Notes,91282CPR6,2025-12-31,2030-12-31,3.625,77460.0866,0,06/30,12/31,null,null,77460.0866,31,07,0,null,311,3.747
2026-07-31,2026-07-31,2026,4,2026,3,Marketable,Notes,91282CJX0,2024-01-31,2031-01-31,4,39409.8752,0,07/31,01/31,null,null,40999.8752,31,07,-1590,null,312,4.109
2026-07-31,2026-07-31,2026,4,2026,3,Marketable,Notes,91282CPW5,2026-02-02,2031-01-31,3.75,74932.853,0,07/31,01/31,null,null,74932.853,31,07,0,null,313,3.823
2026-07-31,2026-07-31,2026,4,2026,3,Marketable,Notes,91282CBL4,2021-02-16,2031-02-15,1.125,140062.6147,0,08/15,02/15,null,null,55873.9708,31,07,0,null,314,1.155
2026-07-31,2026-07-31,2026,4,2026,3,Marketable,Notes,91282CBL4,2021-03-15,2031-02-15,1.125,null,0,08/15,02/15,null,null,40355.0173,31,07,0,null,315,1.523
2026-07-31,2026-07-31,2026,4,2026,3,Marketable,Notes,91282CBL4,2021-04-15,2031-02-15,1.125,null,0,08/15,02/15,null,null,43833.6266,31,07,0,null,316,1.68
2026-07-31,2026-07-31,2026,4,2026,3,Marketable,Notes,91282CKC4,2024-02-29,2031-02-28,4.25,41165.9378,0,08/31,02/28,null,null,43816.9378,31,07,-2651,null,317,4.327
2026-07-31,2026-07-31,2026,4,2026,3,Marketable,Notes,91282CQD6,2026-03-02,2031-02-28,3.5,78385.4921,0,08/31,02/28,null,null,78385.4921,31,07,0,null,318,3.615
2026-07-31,2026-07-31,2026,4,2026,3,Marketable,Notes,91282CKF7,2024-04-01,2031-03-31,4.125,42350.9146,0,09/30,03/31,null,null,42999.9146,31,07,-649,null,319,4.185
2026-07-31,2026-07-31,2026,4,2026,3,Marketable,Notes,91282CQG9,2026-03-31,2031-03-31,3.875,77232.8044,0,09/30,03/31,null,null,77232.8044,31,07,0,null,320,3.98
2026-07-31,2026-07-31,2026,4,2026,3,Marketable,Notes,91282CKN0,2024-04-30,2031-04-30,4.625,44059.7454,0,10/31,04/30,null,null,44209.7454,31,07,-150,null,321,4.716
2026-07-31,2026-07-31,2026,4,2026,3,Marketable,Notes,91282CQK0,2026-04-30,2031-04-30,3.875,78809.8196,0,10/31,04/30,null,null,78809.8196,31,07,0,null,322,3.955
2026-07-31,2026-07-31,2026,4,2026,3,Marketable,Notes,91282CCB5,2021-05-17,2031-05-15,1.625,147677.7151,0,11/15,05/15,null,null,62752.7687,31,07,0,null,323,1.684
2026-07-31,2026-07-31,2026,4,2026,3,Marketable,Notes,91282CCB5,2021-06-15,2031-05-15,1.625,null,0,11/15,05/15,null,null,41493.4388,31,07,0,null,324,1.497
2026-07-31,2026-07-31,2026,4,2026,3,Marketable,Notes,91282CCB5,2021-07-15,2031-05-15,1.625,null,0,11/15,05/15,null,null,44254.5076,31,07,-823,null,325,1.371
2026-07-31,2026-07-31,2026,4,2026,3,Marketable,Notes,91282CKU4,2024-05-31,2031-05-31,4.625,46211.8325,0,11/30,05/31,null,null,46609.8325,31,07,-398,null,326,4.65
2026-07-31,2026-07-31,2026,4,2026,3,Marketable,Notes,91282CQU8,2026-06-01,2031-05-31,4.125,80328.4652,0,11/30,05/31,null,null,80328.4652,31,07,0,null,327,4.182
2026-07-31,2026-07-31,2026,4,2026,3,Marketable,Notes,91282CKW0,2024-07-01,2031-06-30,4.25,45531.2964,0,12/31,06/30,null,null,45531.2964,31,07,0,null,328,4.276
2026-07-31,2026-07-31,2026,4,2026,3,Marketable,Notes,91282CQX2,2026-06-30,2031-06-30,4.125,80473.3062,0,12/31,06/30,null,null,80473.3062,31,07,0,null,329,4.2
2026-07-31,2026-07-31,2026,4,2026,3,Marketable,Notes,91282CLD1,2024-07-31,2031-07-31,4.125,45992.9851,0,01/31,07/31,null,null,46425.9851,31,07,-433,null,330,4.162
2026-07-31,2026-07-31,2026,4,2026,3,Marketable,Notes,91282CRA1,2026-07-31,2031-07-31,4.375,77741.2029,0,01/31,07/31,null,null,77741.2029,31,07,0,null,331,4.408
2026-07-31,2026-07-31,2026,4,2026,3,Marketable,Notes,91282CCS8,2021-08-16,2031-08-15,1.25,141344.4572,0,02/15,08/15,null,null,59291.8637,31,07,0,null,332,1.34
2026-07-31,2026-07-31,2026,4,2026,3,Marketable,Notes,91282CCS8,2021-09-15,2031-08-15,1.25,null,0,02/15,08/15,null,null,42046.3696,31,07,0,null,333,1.338
2026-07-31,2026-07-31,2026,4,2026,3,Marketable,Notes,91282CCS8,2021-10-15,2031-08-15,1.25,null,0,02/15,08/15,null,null,40859.2239,31,07,-853,null,334,1.584
2026-07-31,2026-07-31,2026,4,2026,3,Marketable,Notes,91282CLJ8,2024-09-03,2031-08-31,3.75,47498.4839,0,02/28,08/31,null,null,47498.4839,31,07,0,null,335,3.77
2026-07-31,2026-07-31,2026,4,2026,3,Marketable,Notes,91282CLM1,2024-09-30,2031-09-30,3.625,44900.7306,0,03/31,09/30,null,null,44900.7306,31,07,0,null,336,3.668
2026-07-31,2026-07-31,2026,4,2026,3,Marketable,Notes,91282CLU3,2024-10-31,2031-10-31,4.125,44695.1104,0,04/30,10/31,null,null,44742.1104,31,07,-47,null,337,4.215
2026-07-31,2026-07-31,2026,4,2026,3,Marketable,Notes,91282CDJ7,2021-11-15,2031-11-15,1.375,144585.2759,0,05/15,11/15,null,null,61559.6748,31,07,0,null,338,1.444
2026-07-31,2026-07-31,2026,4,2026,3,Marketable,Notes,91282CDJ7,2021-12-15,2031-11-15,1.375,null,0,05/15,11/15,null,null,41308.4412,31,07,0,null,339,1.518
2026-07-31,2026-07-31,2026,4,2026,3,Marketable,Notes,91282CDJ7,2022-01-18,2031-11-15,1.375,null,0,05/15,11/15,null,null,41776.1599,31,07,-59,null,340,1.723
2026-07-31,2026-07-31,2026,4,2026,3,Marketable,Notes,91282CLZ2,2024-12-02,2031-11-30,4.125,46942.4846,0,05/31,11/30,null,null,46992.4846,31,07,-50,null,341,4.183
2026-07-31,2026-07-31,2026,4,2026,3,Marketable,Notes,91282CMC2,2024-12-31,2031-12-31,4.5,44208.0803,0,06/30,12/31,null,null,44433.0803,31,07,-225,null,342,4.532
2026-07-31,2026-07-31,2026,4,2026,3,Marketable,Notes,91282CMK4,2025-01-31,2032-01-31,4.375,46437.9446,0,07/31,01/31,null,null,46442.9446,31,07,-5,null,343,4.457
2026-07-31,2026-07-31,2026,4,2026,3,Marketable,Notes,91282CDY4,2022-02-15,2032-02-15,1.875,140562.7051,0,08/15,02/15,null,null,59383.3893,31,07,0,null,344,1.904
2026-07-31,2026-07-31,2026,4,2026,3,Marketable,Notes,91282CDY4,2022-03-15,2032-02-15,1.875,null,0,08/15,02/15,null,null,39712.6376,31,07,0,null,345,1.92
2026-07-31,2026-07-31,2026,4,2026,3,Marketable,Notes,91282CDY4,2022-04-18,2032-02-15,1.875,null,0,08/15,02/15,null,null,42110.6782,31,07,-644,null,346,2.72
2026-07-31,2026-07-31,2026,4,2026,3,Marketable,Notes,91282CMR9,2025-02-28,2032-02-29,4.125,48434.9416,0,08/31,02/28,null,null,48434.9416,31,07,0,null,347,4.194
2026-07-31,2026-07-31,2026,4,2026,3,Marketable,Notes,91282CMT5,2025-03-31,2032-03-31,4.125,45299.485,0,09/30,03/31,null,null,45299.485,31,07,0,null,348,4.233
2026-07-31,2026-07-31,2026,4,2026,3,Marketable,Notes,91282CNA5,2025-04-30,2032-04-30,4,47013.0409,0,10/31,04/30,null,null,47013.0409,31,07,0,null,349,4.123
2026-07-31,2026-07-31,2026,4,2026,3,Marketable,Notes,91282CEP2,2022-05-16,2032-05-15,2.875,132744.6339,0,11/15,05/15,null,null,61194.0544,31,07,0,null,350,2.943
2026-07-31,2026-07-31,2026,4,2026,3,Marketable,Notes,91282CEP2,2022-06-15,2032-05-15,2.875,null,0,11/15,05/15,null,null,34940.4697,31,07,0,null,351,3.03
2026-07-31,2026-07-31,2026,4,2026,3,Marketable,Notes,91282CEP2,2022-07-15,2032-05-15,2.875,null,0,11/15,05/15,null,null,37206.1098,31,07,-596,null,352,2.96
2026-07-31,2026-07-31,2026,4,2026,3,Marketable,Notes,91282CNF4,2025-06-02,2032-05-31,4.125,50023.6652,0,11/30,05/31,null,null,50023.6652,31,07,0,null,353,4.194
2026-07-31,2026-07-31,2026,4,2026,3,Marketable,Notes,91282CNJ6,2025-06-30,2032-06-30,4,48378.2247,0,12/31,06/30,null,null,48378.2247,31,07,0,null,354,4.022
2026-07-31,2026-07-31,2026,4,2026,3,Marketable,Notes,91282CNR8,2025-07-31,2032-07-31,4,46916.5523,0,01/31,07/31,null,null,46996.5523,31,07,-80,null,355,4.092
2026-07-31,2026-07-31,2026,4,2026,3,Marketable,Notes,91282CFF3,2022-08-15,2032-08-15,2.75,119549.2032,0,02/15,08/15,null,null,57136.8754,31,07,0,null,356,2.755
2026-07-31,2026-07-31,2026,4,2026,3,Marketable,Notes,91282CFF3,2022-09-15,2032-08-15,2.75,null,0,02/15,08/15,null,null,32000.0093,31,07,0,null,357,3.33
2026-07-31,2026-07-31,2026,4,2026,3,Marketable,Notes,91282CFF3,2022-10-17,2032-08-15,2.75,null,0,02/15,08/15,null,null,32000.3185,31,07,-1588,null,358,3.93
2026-07-31,2026-07-31,2026,4,2026,3,Marketable,Notes,91282CNW7,2025-09-02,2032-08-31,3.875,49310.2015,0,02/28,08/31,null,null,49310.2015,31,07,0,null,359,3.925
2026-07-31,2026-07-31,2026,4,2026,3,Marketable,Notes,91282CNZ0,2025-09-30,2032-09-30,3.875,46429.7112,0,03/31,09/30,null,null,46429.7112,31,07,0,null,360,3.953
2026-07-31,2026-07-31,2026,4,2026,3,Marketable,Notes,91282CPF2,2025-10-31,2032-10-31,3.75,46526.428,0,04/30,10/31,null,null,46526.428,31,07,0,null,361,3.79
2026-07-31,2026-07-31,2026,4,2026,3,Marketable,Notes,91282CFV8,2022-11-15,2032-11-15,4.125,111255.1404,0,05/15,11/15,null,null,47267.1045,31,07,0,null,362,4.14
2026-07-31,2026-07-31,2026,4,2026,3,Marketable,Notes,91282CFV8,2022-12-15,2032-11-15,4.125,null,0,05/15,11/15,null,null,31989.2788,31,07,0,null,363,3.625
2026-07-31,2026-07-31,2026,4,2026,3,Marketable,Notes,91282CFV8,2023-01-17,2032-11-15,4.125,null,0,05/15,11/15,null,null,31998.7571,31,07,0,null,364,3.575
2026-07-31,2026-07-31,2026,4,2026,3,Marketable,Notes,91282CPM7,2025-12-01,2032-11-30,3.75,49031.3704,0,05/31,11/30,null,null,49031.3704,31,07,0,null,365,3.781
2026-07-31,2026-07-31,2026,4,2026,3,Marketable,Notes,91282CPQ8,2025-12-31,2032-12-31,3.875,48688.412,0,06/30,12/31,null,null,48688.412,31,07,0,null,366,3.93
2026-07-31,2026-07-31,2026,4,2026,3,Marketable,Notes,91282CPY1,2026-02-02,2033-01-31,4,47100.4527,0,07/31,01/31,null,null,47100.4527,31,07,0,null,367,4.018
2026-07-31,2026-07-31,2026,4,2026,3,Marketable,Notes,91282CGM7,2023-02-15,2033-02-15,3.5,114600.8474,0,08/15,02/15,null,null,48667.2178,31,07,0,null,368,3.613
2026-07-31,2026-07-31,2026,4,2026,3,Marketable,Notes,91282CGM7,2023-03-15,2033-02-15,3.5,null,0,08/15,02/15,null,null,32000.1761,31,07,0,null,369,3.985
2026-07-31,2026-07-31,2026,4,2026,3,Marketable,Notes,91282CGM7,2023-04-17,2033-02-15,3.5,null,0,08/15,02/15,null,null,34033.4535,31,07,-100,null,370,3.455
2026-07-31,2026-07-31,2026,4,2026,3,Marketable,Notes,91282CQC8,2026-03-02,2033-02-28,3.75,49271.0267,0,08/31,02/28,null,null,49271.0267,31,07,0,null,371,3.79
2026-07-31,2026-07-31,2026,4,2026,3,Marketable,Notes,91282CQF1,2026-03-31,2033-03-31,4.25,48546.4108,0,09/30,03/31,null,null,48546.4108,31,07,0,null,372,4.255
2026-07-31,2026-07-31,2026,4,2026,3,Marketable,Notes,91282CQN4,2026-04-30,2033-04-30,4.125,49537.1765,0,10/31,04/30,null,null,49537.1765,31,07,0,null,373,4.175
2026-07-31,2026-07-31,2026,4,2026,3,Marketable,Notes,91282CHC8,2023-05-15,2033-05-15,3.375,108332.7781,0,11/15,05/15,null,null,44525.0633,31,07,0,null,374,3.448
2026-07-31,2026-07-31,2026,4,2026,3,Marketable,Notes,91282CHC8,2023-06-15,2033-05-15,3.375,null,0,11/15,05/15,null,null,31999.4961,31,07,0,null,375,3.791
2026-07-31,2026-07-31,2026,4,2026,3,Marketable,Notes,91282CHC8,2023-07-17,2033-05-15,3.375,null,0,11/15,05/15,null,null,31990.2187,31,07,-182,null,376,3.857
2026-07-31,2026-07-31,2026,4,2026,3,Marketable,Notes,91282CQT1,2026-06-01,2033-05-31,4.25,50491.6728,0,11/30,05/31,null,null,50491.6728,31,07,0,null,377,4.29
2026-07-31,2026-07-31,2026,4,2026,3,Marketable,Notes,91282CQW4,2026-06-30,2033-06-30,4.25,50586.9318,0,12/31,06/30,null,null,50586.9318,31,07,0,null,378,4.26
2026-07-31,2026-07-31,2026,4,2026,3,Marketable,Notes,91282CRC7,2026-07-31,2033-07-31,4.375,48864.7705,0,01/31,07/31,null,null,48864.7705,31,07,0,null,379,4.473
2026-07-31,2026-07-31,2026,4,2026,3,Marketable,Notes,91282CHT1,2023-08-15,2033-08-15,3.875,121579.7988,0,02/15,08/15,null,null,52175.9445,31,07,0,null,380,3.999
2026-07-31,2026-07-31,2026,4,2026,3,Marketable,Notes,91282CHT1,2023-09-15,2033-08-15,3.875,null,0,02/15,08/15,null,null,34999.113,31,07,0,null,381,4.289
2026-07-31,2026-07-31,2026,4,2026,3,Marketable,Notes,91282CHT1,2023-10-16,2033-08-15,3.875,null,0,02/15,08/15,null,null,34999.7413,31,07,-595,null,382,4.61
2026-07-31,2026-07-31,2026,4,2026,3,Marketable,Notes,91282CJJ1,2023-11-15,2033-11-15,4.5,114678.2959,0,05/15,11/15,null,null,40758.5387,31,07,0,null,383,4.519
2026-07-31,2026-07-31,2026,4,2026,3,Marketable,Notes,91282CJJ1,2023-12-15,2033-11-15,4.5,null,0,05/15,11/15,null,null,36987.8484,31,07,0,null,384,4.296
2026-07-31,2026-07-31,2026,4,2026,3,Marketable,Notes,91282CJJ1,2024-01-16,2033-11-15,4.5,null,0,05/15,11/15,null,null,36996.9088,31,07,-65,null,385,4.024
2026-07-31,2026-07-31,2026,4,2026,3,Marketable,Notes,91282CJZ5,2024-02-15,2034-02-15,4,123092.8823,0,08/15,02/15,null,null,45103.927,31,07,0,null,386,4.093
2026-07-31,2026-07-31,2026,4,2026,3,Marketable,Notes,91282CJZ5,2024-03-15,2034-02-15,4,null,0,08/15,02/15,null,null,38999.8558,31,07,0,null,387,4.166
2026-07-31,2026-07-31,2026,4,2026,3,Marketable,Notes,91282CJZ5,2024-04-15,2034-02-15,4,null,0,08/15,02/15,null,null,39643.0995,31,07,-654,null,388,4.56
2026-07-31,2026-07-31,2026,4,2026,3,Marketable,Notes,91282CKQ3,2024-05-15,2034-05-15,4.375,132755.968,0,11/15,05/15,null,null,47281.2059,31,07,0,null,389,4.483
2026-07-31,2026-07-31,2026,4,2026,3,Marketable,Notes,91282CKQ3,2024-06-17,2034-05-15,4.375,null,0,11/15,05/15,null,null,40260.9085,31,07,0,null,390,4.438
2026-07-31,2026-07-31,2026,4,2026,3,Marketable,Notes,91282CKQ3,2024-07-15,2034-05-15,4.375,null,0,11/15,05/15,null,null,45335.8536,31,07,-122,null,391,4.276
2026-07-31,2026-07-31,2026,4,2026,3,Marketable,Notes,91282CLF6,2024-08-15,2034-08-15,3.875,128740.3749,0,02/15,08/15,null,null,49987.0164,31,07,0,null,392,3.96
2026-07-31,2026-07-31,2026,4,2026,3,Marketable,Notes,91282CLF6,2024-09-16,2034-08-15,3.875,null,0,02/15,08/15,null,null,39369.917,31,07,0,null,393,3.648
2026-07-31,2026-07-31,2026,4,2026,3,Marketable,Notes,91282CLF6,2024-10-15,2034-08-15,3.875,null,0,02/15,08/15,null,null,39533.4415,31,07,-150,null,394,4.066
2026-07-31,2026-07-31,2026,4,2026,3,Marketable,Notes,91282CLW9,2024-11-15,2034-11-15,4.25,139055.9167,0,05/15,11/15,null,null,52206.7566,31,07,0,null,395,4.347
2026-07-31,2026-07-31,2026,4,2026,3,Marketable,Notes,91282CLW9,2024-12-16,2034-11-15,4.25,null,0,05/15,11/15,null,null,39278.8736,31,07,0,null,396,4.235
2026-07-31,2026-07-31,2026,4,2026,3,Marketable,Notes,91282CLW9,2025-01-15,2034-11-15,4.25,null,0,05/15,11/15,null,null,47570.2865,31,07,0,null,397,4.68
2026-07-31,2026-07-31,2026,4,2026,3,Marketable,Notes,91282CMM0,2025-02-18,2035-02-15,4.625,138494.2713,0,08/15,02/15,null,null,53538.6697,31,07,0,null,398,4.632
2026-07-31,2026-07-31,2026,4,2026,3,Marketable,Notes,91282CMM0,2025-03-17,2035-02-15,4.625,null,0,08/15,02/15,null,null,39658.6163,31,07,0,null,399,4.31
2026-07-31,2026-07-31,2026,4,2026,3,Marketable,Notes,91282CMM0,2025-04-15,2035-02-15,4.625,null,0,08/15,02/15,null,null,45506.9853,31,07,-210,null,400,4.435
2026-07-31,2026-07-31,2026,4,2026,3,Marketable,Notes,91282CNC1,2025-05-15,2035-05-15,4.25,140129.8767,0,11/15,05/15,null,null,56824.5251,31,07,0,null,401,4.342
2026-07-31,2026-07-31,2026,4,2026,3,Marketable,Notes,91282CNC1,2025-06-16,2035-05-15,4.25,null,0,11/15,05/15,null,null,39701.2042,31,07,0,null,402,4.421
2026-07-31,2026-07-31,2026,4,2026,3,Marketable,Notes,91282CNC1,2025-07-15,2035-05-15,4.25,null,0,11/15,05/15,null,null,43614.1474,31,07,-10,null,403,4.362
2026-07-31,2026-07-31,2026,4,2026,3,Marketable,Notes,91282CNT4,2025-08-15,2035-08-15,4.25,134934.7665,0,02/15,08/15,null,null,56253.9043,31,07,0,null,404,4.255
2026-07-31,2026-07-31,2026,4,2026,3,Marketable,Notes,91282CNT4,2025-09-15,2035-08-15,4.25,null,0,02/15,08/15,null,null,38998.0312,31,07,0,null,405,4.033
2026-07-31,2026-07-31,2026,4,2026,3,Marketable,Notes,91282CNT4,2025-10-15,2035-08-15,4.25,null,0,02/15,08/15,null,null,39722.831,31,07,-40,null,406,4.117
2026-07-31,2026-07-31,2026,4,2026,3,Marketable,Notes,91282CPJ4,2025-11-17,2035-11-15,4,137842.4437,0,05/15,11/15,null,null,48540.8159,31,07,0,null,407,4.074
2026-07-31,2026-07-31,2026,4,2026,3,Marketable,Notes,91282CPJ4,2025-12-15,2035-11-15,4,null,0,05/15,11/15,null,null,38999.5165,31,07,0,null,408,4.175
2026-07-31,2026-07-31,2026,4,2026,3,Marketable,Notes,91282CPJ4,2026-01-15,2035-11-15,4,null,0,05/15,11/15,null,null,50352.1113,31,07,-50,null,409,4.173
2026-07-31,2026-07-31,2026,4,2026,3,Marketable,Notes,91282CPZ8,2026-02-17,2036-02-15,4.125,138825.5938,0,08/15,02/15,null,null,53900.0531,31,07,0,null,410,4.177
2026-07-31,2026-07-31,2026,4,2026,3,Marketable,Notes,91282CPZ8,2026-03-16,2036-02-15,4.125,null,0,08/15,02/15,null,null,39009.8146,31,07,0,null,411,4.217
2026-07-31,2026-07-31,2026,4,2026,3,Marketable,Notes,91282CPZ8,2026-04-15,2036-02-15,4.125,null,0,08/15,02/15,null,null,45915.7261,31,07,0,null,412,4.282
2026-07-31,2026-07-31,2026,4,2026,3,Marketable,Notes,91282CQQ7,2026-05-15,2036-05-15,4.375,134017.7574,0,11/15,05/15,null,null,51972.1398,31,07,0,null,413,4.468
2026-07-31,2026-07-31,2026,4,2026,3,Marketable,Notes,91282CQQ7,2026-06-15,2036-05-15,4.375,null,0,11/15,05/15,null,null,38999.7039,31,07,0,null,414,4.538
2026-07-31,2026-07-31,2026,4,2026,3,Marketable,Notes,91282CQQ7,2026-07-15,2036-05-15,4.375,null,0,11/15,05/15,null,null,43045.9137,31,07,0,null,415,4.58
2026-07-31,2026-07-31,2026,4,2026,3,Marketable,Notes,Total Unmatured Treasury Notes,null,null,null,16171677.9318,0,null,null,null,null,16366107.9318,31,07,-194430,null,416,null
2026-07-31,2026-07-31,2026,4,2026,3,Marketable,Notes,Total Matured Treasury Notes,null,null,null,34.2705,0,null,null,null,null,34.2705,31,07,0,null,417,null
2026-07-31,2026-07-31,2026,4,2026,3,Marketable,Notes,Total Treasury Notes,null,null,null,16171712.2023,0,null,null,null,null,16366142.2023,31,07,-194430,null,418,null
2026-07-31,2026-07-31,2026,4,2026,3,Marketable,Bonds,912810EX2,1996-08-15,2026-08-15,6.75,8810.418,0,02/15,08/15,null,null,10893.818,31,07,-2083.4,null,419,6.7683
2026-07-31,2026-07-31,2026,4,2026,3,Marketable,Bonds,912810EY0,1996-11-15,2026-11-15,6.5,10860.177,0,05/15,11/15,null,null,11493.177,31,07,-633,null,420,6.6193
2026-07-31,2026-07-31,2026,4,2026,3,Marketable,Bonds,912810EZ7,1997-02-18,2027-02-15,6.625,9521.971,0,08/15,02/15,null,null,10456.071,31,07,-934.1,null,421,6.6397
2026-07-31,2026-07-31,2026,4,2026,3,Marketable,Bonds,912810FA1,1997-08-15,2027-08-15,6.375,9196.756,0,02/15,08/15,null,null,10735.756,31,07,-1539,null,422,6.4452
2026-07-31,2026-07-31,2026,4,2026,3,Marketable,Bonds,912810FB9,1997-11-17,2027-11-15,6.125,22021.339,0,05/15,11/15,null,null,11184.353,31,07,-497.2,null,423,6.2014
2026-07-31,2026-07-31,2026,4,2026,3,Marketable,Bonds,912810FB9,1998-02-17,2027-11-15,6.125,null,0,05/15,11/15,null,null,11334.186,31,07,0,null,424,5.8221
2026-07-31,2026-07-31,2026,4,2026,3,Marketable,Bonds,912810FE3,1998-08-17,2028-08-15,5.5,11776.201,0,02/15,08/15,null,null,11776.201,31,07,0,null,425,5.5904
2026-07-31,2026-07-31,2026,4,2026,3,Marketable,Bonds,912810FF0,1998-11-16,2028-11-15,5.25,10947.052,0,05/15,11/15,null,null,10947.052,31,07,0,null,426,5.3
2026-07-31,2026-07-31,2026,4,2026,3,Marketable,Bonds,912810FG8,1999-02-16,2029-02-15,5.25,11350.341,0,08/15,02/15,null,null,11350.341,31,07,0,null,427,5.298
2026-07-31,2026-07-31,2026,4,2026,3,Marketable,Bonds,912810FJ2,1999-08-16,2029-08-15,6.125,11178.58,0,02/15,08/15,null,null,11178.58,31,07,0,null,428,6.144
2026-07-31,2026-07-31,2026,4,2026,3,Marketable,Bonds,912810FM5,2000-02-15,2030-05-15,6.25,17043.162,0,05/15,11/15,null,null,11269.069,31,07,0,null,429,6.34
2026-07-31,2026-07-31,2026,4,2026,3,Marketable,Bonds,912810FM5,2000-08-15,2030-05-15,6.25,null,0,05/15,11/15,null,null,5774.093,31,07,0,null,430,5.697
2026-07-31,2026-07-31,2026,4,2026,3,Marketable,Bonds,912810FP8,2001-02-15,2031-02-15,5.375,16427.648,0,08/15,02/15,null,null,10886.993,31,07,0,null,431,5.46
2026-07-31,2026-07-31,2026,4,2026,3,Marketable,Bonds,912810FP8,2001-08-15,2031-02-15,5.375,null,0,08/15,02/15,null,null,5540.655,31,07,0,null,432,5.52
2026-07-31,2026-07-31,2026,4,2026,3,Marketable,Bonds,912810FT0,2006-02-15,2036-02-15,4.5,26397.13,0,08/15,02/15,null,null,14841.15,31,07,0,null,433,4.53
2026-07-31,2026-07-31,2026,4,2026,3,Marketable,Bonds,912810FT0,2006-08-15,2036-02-15,4.5,null,0,08/15,02/15,null,null,11555.98,31,07,0,null,434,5.08
2026-07-31,2026-07-31,2026,4,2026,3,Marketable,Bonds,912810PT9,2007-02-15,2037-02-15,4.75,16589.456,0,08/15,02/15,null,null,9825.586,31,07,0,null,435,4.812
2026-07-31,2026-07-31,2026,4,2026,3,Marketable,Bonds,912810PT9,2007-05-15,2037-02-15,4.75,null,0,08/15,02/15,null,null,6763.87,31,07,0,null,436,4.838
2026-07-31,2026-07-31,2026,4,2026,3,Marketable,Bonds,912810PU6,2007-08-15,2037-05-15,5,21413.045,0,11/15,05/15,null,null,13846.152,31,07,0,null,437,5.059
2026-07-31,2026-07-31,2026,4,2026,3,Marketable,Bonds,912810PU6,2007-11-15,2037-05-15,5,null,0,11/15,05/15,null,null,7566.893,31,07,0,null,438,4.666
2026-07-31,2026-07-31,2026,4,2026,3,Marketable,Bonds,912810PW2,2008-02-15,2038-02-15,4.375,22525.1487,0,08/15,02/15,null,null,13294.377,31,07,0,null,439,4.449
2026-07-31,2026-07-31,2026,4,2026,3,Marketable,Bonds,912810PW2,2008-05-15,2038-02-15,4.375,null,0,08/15,02/15,null,null,9230.7717,31,07,0,null,440,4.599
2026-07-31,2026-07-31,2026,4,2026,3,Marketable,Bonds,912810PX0,2008-08-15,2038-05-15,4.5,25500.1228,0,11/15,05/15,null,null,13728.111,31,07,0,null,441,4.609
2026-07-31,2026-07-31,2026,4,2026,3,Marketable,Bonds,912810PX0,2008-11-17,2038-05-15,4.5,null,0,11/15,05/15,null,null,11772.0118,31,07,0,null,442,4.31
2026-07-31,2026-07-31,2026,4,2026,3,Marketable,Bonds,912810QA9,2009-02-17,2039-02-15,3.5,25908.5693,0,08/15,02/15,null,null,14712.903,31,07,0,null,443,3.54
2026-07-31,2026-07-31,2026,4,2026,3,Marketable,Bonds,912810QA9,2009-03-16,2039-02-15,3.5,null,0,08/15,02/15,null,null,11195.6663,31,07,0,null,444,3.64
2026-07-31,2026-07-31,2026,4,2026,3,Marketable,Bonds,912810QB7,2009-05-15,2039-05-15,4.25,38778.773,0,11/15,05/15,null,null,16476.5417,31,07,0,null,445,4.288
2026-07-31,2026-07-31,2026,4,2026,3,Marketable,Bonds,912810QB7,2009-06-15,2039-05-15,4.25,null,0,11/15,05/15,null,null,11116.2765,31,07,0,null,446,4.72
2026-07-31,2026-07-31,2026,4,2026,3,Marketable,Bonds,912810QB7,2009-07-15,2039-05-15,4.25,null,0,11/15,05/15,null,null,11185.9548,31,07,0,null,447,4.303
2026-07-31,2026-07-31,2026,4,2026,3,Marketable,Bonds,912810QC5,2009-08-17,2039-08-15,4.5,41430.5382,0,02/15,08/15,null,null,17317.0373,31,07,0,null,448,4.541
2026-07-31,2026-07-31,2026,4,2026,3,Marketable,Bonds,912810QC5,2009-09-15,2039-08-15,4.5,null,0,02/15,08/15,null,null,12025.4266,31,07,0,null,449,4.238
2026-07-31,2026-07-31,2026,4,2026,3,Marketable,Bonds,912810QC5,2009-10-15,2039-08-15,4.5,null,0,02/15,08/15,null,null,12088.0743,31,07,0,null,450,4.009
2026-07-31,2026-07-31,2026,4,2026,3,Marketable,Bonds,912810QD3,2009-11-16,2039-11-15,4.375,44564.2491,0,05/15,11/15,null,null,17989.3001,31,07,0,null,451,4.469
2026-07-31,2026-07-31,2026,4,2026,3,Marketable,Bonds,912810QD3,2009-12-15,2039-11-15,4.375,null,0,05/15,11/15,null,null,13069.9495,31,07,0,null,452,4.52
2026-07-31,2026-07-31,2026,4,2026,3,Marketable,Bonds,912810QD3,2010-01-15,2039-11-15,4.375,null,0,05/15,11/15,null,null,13504.9995,31,07,0,null,453,4.64
2026-07-31,2026-07-31,2026,4,2026,3,Marketable,Bonds,912810QE1,2010-02-16,2040-02-15,4.625,44902.4903,0,08/15,02/15,null,null,17796.6808,31,07,0,null,454,4.72
2026-07-31,2026-07-31,2026,4,2026,3,Marketable,Bonds,912810QE1,2010-03-15,2040-02-15,4.625,null,0,08/15,02/15,null,null,13154.1481,31,07,0,null,455,4.679
2026-07-31,2026-07-31,2026,4,2026,3,Marketable,Bonds,912810QE1,2010-04-15,2040-02-15,4.625,null,0,08/15,02/15,null,null,13951.6614,31,07,0,null,456,4.77
2026-07-31,2026-07-31,2026,4,2026,3,Marketable,Bonds,912810QH4,2010-05-17,2040-05-15,4.375,43473.0444,0,11/15,05/15,null,null,17394.3627,31,07,0,null,457,4.49
2026-07-31,2026-07-31,2026,4,2026,3,Marketable,Bonds,912810QH4,2010-06-15,2040-05-15,4.375,null,0,11/15,05/15,null,null,13074.9781,31,07,0,null,458,4.182
2026-07-31,2026-07-31,2026,4,2026,3,Marketable,Bonds,912810QH4,2010-07-15,2040-05-15,4.375,null,0,11/15,05/15,null,null,13003.7036,31,07,0,null,459,4.08
2026-07-31,2026-07-31,2026,4,2026,3,Marketable,Bonds,912810SR0,2020-06-01,2040-05-15,1.125,55391.6391,0,11/15,05/15,null,null,22099.6866,31,07,0,null,460,1.22
2026-07-31,2026-07-31,2026,4,2026,3,Marketable,Bonds,912810SR0,2020-06-30,2040-05-15,1.125,null,0,11/15,05/15,null,null,19325.0903,31,07,0,null,461,1.314
2026-07-31,2026-07-31,2026,4,2026,3,Marketable,Bonds,912810SR0,2020-07-31,2040-05-15,1.125,null,0,11/15,05/15,null,null,18931.8622,31,07,-4965,null,462,1.059
2026-07-31,2026-07-31,2026,4,2026,3,Marketable,Bonds,912810QK7,2010-08-16,2040-08-15,3.875,43213.3168,0,02/15,08/15,null,null,16958.1849,31,07,0,null,463,3.954
2026-07-31,2026-07-31,2026,4,2026,3,Marketable,Bonds,912810QK7,2010-09-15,2040-08-15,3.875,null,0,02/15,08/15,null,null,13140.6836,31,07,0,null,464,3.82
2026-07-31,2026-07-31,2026,4,2026,3,Marketable,Bonds,912810QK7,2010-10-15,2040-08-15,3.875,null,0,02/15,08/15,null,null,13114.4483,31,07,0,null,465,3.852
2026-07-31,2026-07-31,2026,4,2026,3,Marketable,Bonds,912810SQ2,2020-08-31,2040-08-15,1.125,75488.7494,0,02/15,08/15,null,null,27171.8514,31,07,0,null,466,1.185
2026-07-31,2026-07-31,2026,4,2026,3,Marketable,Bonds,912810SQ2,2020-09-30,2040-08-15,1.125,null,0,02/15,08/15,null,null,25011.8285,31,07,0,null,467,1.213
2026-07-31,2026-07-31,2026,4,2026,3,Marketable,Bonds,912810SQ2,2020-11-02,2040-08-15,1.125,null,0,02/15,08/15,null,null,24334.0695,31,07,-1029,null,468,1.37
2026-07-31,2026-07-31,2026,4,2026,3,Marketable,Bonds,912810QL5,2010-11-15,2040-11-15,4.25,42903.1887,0,05/15,11/15,null,null,16429.1341,31,07,0,null,469,4.32
2026-07-31,2026-07-31,2026,4,2026,3,Marketable,Bonds,912810QL5,2010-12-15,2040-11-15,4.25,null,0,05/15,11/15,null,null,13189.1358,31,07,0,null,470,4.41
2026-07-31,2026-07-31,2026,4,2026,3,Marketable,Bonds,912810QL5,2011-01-18,2040-11-15,4.25,null,0,05/15,11/15,null,null,13284.9188,31,07,0,null,471,4.515
2026-07-31,2026-07-31,2026,4,2026,3,Marketable,Bonds,912810ST6,2020-11-30,2040-11-15,1.375,83255.9695,0,05/15,11/15,null,null,30745.6257,31,07,0,null,472,1.422
2026-07-31,2026-07-31,2026,4,2026,3,Marketable,Bonds,912810ST6,2020-12-31,2040-11-15,1.375,null,0,05/15,11/15,null,null,27651.533,31,07,0,null,473,1.47
2026-07-31,2026-07-31,2026,4,2026,3,Marketable,Bonds,912810ST6,2021-02-01,2040-11-15,1.375,null,0,05/15,11/15,null,null,27243.8108,31,07,-2385,null,474,1.657
2026-07-31,2026-07-31,2026,4,2026,3,Marketable,Bonds,912810QN1,2011-02-15,2041-02-15,4.75,43004.9451,0,08/15,02/15,null,null,16366.1608,31,07,0,null,475,4.75
2026-07-31,2026-07-31,2026,4,2026,3,Marketable,Bonds,912810QN1,2011-03-15,2041-02-15,4.75,null,0,08/15,02/15,null,null,12998.8176,31,07,0,null,476,4.569
2026-07-31,2026-07-31,2026,4,2026,3,Marketable,Bonds,912810QN1,2011-04-15,2041-02-15,4.75,null,0,08/15,02/15,null,null,13639.9667,31,07,0,null,477,4.531
2026-07-31,2026-07-31,2026,4,2026,3,Marketable,Bonds,912810SW9,2021-03-01,2041-02-15,1.875,82499.0878,0,08/15,02/15,null,null,32849.0387,31,07,0,null,478,1.92
2026-07-31,2026-07-31,2026,4,2026,3,Marketable,Bonds,912810SW9,2021-03-31,2041-02-15,1.875,null,0,08/15,02/15,null,null,28309.705,31,07,0,null,479,2.29
2026-07-31,2026-07-31,2026,4,2026,3,Marketable,Bonds,912810SW9,2021-04-30,2041-02-15,1.875,null,0,08/15,02/15,null,null,28583.3441,31,07,-7243,null,480,2.144
2026-07-31,2026-07-31,2026,4,2026,3,Marketable,Bonds,912810QQ4,2011-05-16,2041-05-15,4.375,41995.5073,0,11/15,05/15,null,null,16000.0039,31,07,0,null,481,4.38
2026-07-31,2026-07-31,2026,4,2026,3,Marketable,Bonds,912810QQ4,2011-06-15,2041-05-15,4.375,null,0,11/15,05/15,null,null,12995.5056,31,07,0,null,482,4.238
2026-07-31,2026-07-31,2026,4,2026,3,Marketable,Bonds,912810QQ4,2011-07-15,2041-05-15,4.375,null,0,11/15,05/15,null,null,12999.9978,31,07,0,null,483,4.198
2026-07-31,2026-07-31,2026,4,2026,3,Marketable,Bonds,912810SY5,2021-06-01,2041-05-15,2.25,75464.8406,0,11/15,05/15,null,null,32240.4836,31,07,0,null,484,2.286
2026-07-31,2026-07-31,2026,4,2026,3,Marketable,Bonds,912810SY5,2021-06-30,2041-05-15,2.25,null,0,11/15,05/15,null,null,27643.0298,31,07,0,null,485,2.12
2026-07-31,2026-07-31,2026,4,2026,3,Marketable,Bonds,912810SY5,2021-08-02,2041-05-15,2.25,null,0,11/15,05/15,null,null,26298.3272,31,07,-10717,null,486,1.89
2026-07-31,2026-07-31,2026,4,2026,3,Marketable,Bonds,912810QS0,2011-08-15,2041-08-15,3.75,42488.8374,0,02/15,08/15,null,null,16489.8004,31,07,0,null,487,3.75
2026-07-31,2026-07-31,2026,4,2026,3,Marketable,Bonds,912810QS0,2011-09-15,2041-08-15,3.75,null,0,02/15,08/15,null,null,12999.1178,31,07,0,null,488,3.31
2026-07-31,2026-07-31,2026,4,2026,3,Marketable,Bonds,912810QS0,2011-10-17,2041-08-15,3.75,null,0,02/15,08/15,null,null,12999.9192,31,07,0,null,489,3.12
2026-07-31,2026-07-31,2026,4,2026,3,Marketable,Bonds,912810TA6,2021-08-31,2041-08-15,1.75,78069.7416,0,02/15,08/15,null,null,30392.3486,31,07,0,null,490,1.85
2026-07-31,2026-07-31,2026,4,2026,3,Marketable,Bonds,912810TA6,2021-09-30,2041-08-15,1.75,null,0,02/15,08/15,null,null,26889.9079,31,07,0,null,491,1.795
2026-07-31,2026-07-31,2026,4,2026,3,Marketable,Bonds,912810TA6,2021-11-01,2041-08-15,1.75,null,0,02/15,08/15,null,null,26440.4851,31,07,-5653,null,492,2.1
2026-07-31,2026-07-31,2026,4,2026,3,Marketable,Bonds,912810QT8,2011-11-15,2041-11-15,3.125,44622.4439,0,05/15,11/15,null,null,17224.2705,31,07,0,null,493,3.199
2026-07-31,2026-07-31,2026,4,2026,3,Marketable,Bonds,912810QT8,2011-12-15,2041-11-15,3.125,null,0,05/15,11/15,null,null,13475.7731,31,07,0,null,494,2.925
2026-07-31,2026-07-31,2026,4,2026,3,Marketable,Bonds,912810QT8,2012-01-17,2041-11-15,3.125,null,0,05/15,11/15,null,null,13922.4003,31,07,0,null,495,2.985
2026-07-31,2026-07-31,2026,4,2026,3,Marketable,Bonds,912810TC2,2021-11-30,2041-11-15,2,68488.6658,0,05/15,11/15,null,null,24895.2035,31,07,0,null,496,2.065
2026-07-31,2026-07-31,2026,4,2026,3,Marketable,Bonds,912810TC2,2021-12-06,2041-11-15,2,null,0,05/15,11/15,null,null,25.0001,31,07,0,null,497,1.872
2026-07-31,2026-07-31,2026,4,2026,3,Marketable,Bonds,912810TC2,2021-12-31,2041-11-15,2,null,0,05/15,11/15,null,null,22717.2465,31,07,0,null,498,1.942
2026-07-31,2026-07-31,2026,4,2026,3,Marketable,Bonds,912810TC2,2022-01-31,2041-11-15,2,null,0,05/15,11/15,null,null,22988.2157,31,07,-2137,null,499,2.21
2026-07-31,2026-07-31,2026,4,2026,3,Marketable,Bonds,912810QU5,2012-02-15,2042-02-15,3.125,47219.0442,0,08/15,02/15,null,null,17950.9148,31,07,0,null,500,3.24
2026-07-31,2026-07-31,2026,4,2026,3,Marketable,Bonds,912810QU5,2012-03-15,2042-02-15,3.125,null,0,08/15,02/15,null,null,13902.6631,31,07,0,null,501,3.383
2026-07-31,2026-07-31,2026,4,2026,3,Marketable,Bonds,912810QU5,2012-04-16,2042-02-15,3.125,null,0,08/15,02/15,null,null,15365.4663,31,07,0,null,502,3.23
2026-07-31,2026-07-31,2026,4,2026,3,Marketable,Bonds,912810TF5,2022-02-28,2042-02-15,2.375,56404.3664,0,08/15,02/15,null,null,22252.0759,31,07,0,null,503,2.396
2026-07-31,2026-07-31,2026,4,2026,3,Marketable,Bonds,912810TF5,2022-03-31,2042-02-15,2.375,null,0,08/15,02/15,null,null,18975.4948,31,07,0,null,504,2.651
2026-07-31,2026-07-31,2026,4,2026,3,Marketable,Bonds,912810TF5,2022-05-02,2042-02-15,2.375,null,0,08/15,02/15,null,null,18212.7957,31,07,-3036,null,505,3.095
2026-07-31,2026-07-31,2026,4,2026,3,Marketable,Bonds,912810QW1,2012-05-15,2042-05-15,3,43918.6856,0,11/15,05/15,null,null,17001.0186,31,07,0,null,506,3.09
2026-07-31,2026-07-31,2026,4,2026,3,Marketable,Bonds,912810QW1,2012-06-15,2042-05-15,3,null,0,11/15,05/15,null,null,13917.7567,31,07,0,null,507,2.72
2026-07-31,2026-07-31,2026,4,2026,3,Marketable,Bonds,912810QW1,2012-07-16,2042-05-15,3,null,0,11/15,05/15,null,null,12999.9103,31,07,0,null,508,2.58
2026-07-31,2026-07-31,2026,4,2026,3,Marketable,Bonds,912810TH1,2022-05-31,2042-05-15,3.25,42599.8382,0,11/15,05/15,null,null,19555.7451,31,07,0,null,509,3.29
2026-07-31,2026-07-31,2026,4,2026,3,Marketable,Bonds,912810TH1,2022-06-30,2042-05-15,3.25,null,0,11/15,05/15,null,null,15070.4468,31,07,0,null,510,3.488
2026-07-31,2026-07-31,2026,4,2026,3,Marketable,Bonds,912810TH1,2022-08-01,2042-05-15,3.25,null,0,11/15,05/15,null,null,15209.6463,31,07,-7236,null,511,3.42
2026-07-31,2026-07-31,2026,4,2026,3,Marketable,Bonds,912810QX9,2012-08-15,2042-08-15,2.75,41795.4323,0,02/15,08/15,null,null,16000.2196,31,07,0,null,512,2.825
2026-07-31,2026-07-31,2026,4,2026,3,Marketable,Bonds,912810QX9,2012-09-17,2042-08-15,2.75,null,0,02/15,08/15,null,null,12995.1937,31,07,0,null,513,2.896
2026-07-31,2026-07-31,2026,4,2026,3,Marketable,Bonds,912810QX9,2012-10-15,2042-08-15,2.75,null,0,02/15,08/15,null,null,13000.019,31,07,-200,null,514,2.904
2026-07-31,2026-07-31,2026,4,2026,3,Marketable,Bonds,912810TK4,2022-08-31,2042-08-15,3.375,40154.8734,0,02/15,08/15,null,null,16951.7991,31,07,0,null,515,3.38
2026-07-31,2026-07-31,2026,4,2026,3,Marketable,Bonds,912810TK4,2022-09-30,2042-08-15,3.375,null,0,02/15,08/15,null,null,11999.5947,31,07,0,null,516,3.82
2026-07-31,2026-07-31,2026,4,2026,3,Marketable,Bonds,912810TK4,2022-10-31,2042-08-15,3.375,null,0,02/15,08/15,null,null,11988.4796,31,07,-785,null,517,4.395
2026-07-31,2026-07-31,2026,4,2026,3,Marketable,Bonds,912810QY7,2012-11-15,2042-11-15,2.75,41944.0093,0,05/15,11/15,null,null,15995.0058,31,07,0,null,518,2.82
2026-07-31,2026-07-31,2026,4,2026,3,Marketable,Bonds,912810QY7,2012-12-17,2042-11-15,2.75,null,0,05/15,11/15,null,null,12999.0028,31,07,0,null,519,2.917
2026-07-31,2026-07-31,2026,4,2026,3,Marketable,Bonds,912810QY7,2013-01-15,2042-11-15,2.75,null,0,05/15,11/15,null,null,13000.0007,31,07,-50,null,520,3.07
2026-07-31,2026-07-31,2026,4,2026,3,Marketable,Bonds,912810TM0,2022-11-30,2042-11-15,4,40587.2837,0,05/15,11/15,null,null,16617.352,31,07,0,null,521,4.072
2026-07-31,2026-07-31,2026,4,2026,3,Marketable,Bonds,912810TM0,2023-01-03,2042-11-15,4,null,0,05/15,11/15,null,null,11988.0811,31,07,0,null,522,3.935
2026-07-31,2026-07-31,2026,4,2026,3,Marketable,Bonds,912810TM0,2023-01-31,2042-11-15,4,null,0,05/15,11/15,null,null,11999.8506,31,07,-18,null,523,3.678
2026-07-31,2026-07-31,2026,4,2026,3,Marketable,Bonds,912810QZ4,2013-02-15,2043-02-15,3.125,41999.7585,0,08/15,02/15,null,null,15999.8365,31,07,0,null,524,3.18
2026-07-31,2026-07-31,2026,4,2026,3,Marketable,Bonds,912810QZ4,2013-03-15,2043-02-15,3.125,null,0,08/15,02/15,null,null,13000.0354,31,07,0,null,525,3.248
2026-07-31,2026-07-31,2026,4,2026,3,Marketable,Bonds,912810QZ4,2013-04-15,2043-02-15,3.125,null,0,08/15,02/15,null,null,12999.8866,31,07,0,null,526,2.998
2026-07-31,2026-07-31,2026,4,2026,3,Marketable,Bonds,912810TQ1,2023-02-28,2043-02-15,3.875,42060.0195,0,08/15,02/15,null,null,18408.0483,31,07,0,null,527,3.977
2026-07-31,2026-07-31,2026,4,2026,3,Marketable,Bonds,912810TQ1,2023-03-31,2043-02-15,3.875,null,0,08/15,02/15,null,null,11990.6048,31,07,0,null,528,3.909
2026-07-31,2026-07-31,2026,4,2026,3,Marketable,Bonds,912810TQ1,2023-05-01,2043-02-15,3.875,null,0,08/15,02/15,null,null,13161.3664,31,07,-1500,null,529,3.92
2026-07-31,2026-07-31,2026,4,2026,3,Marketable,Bonds,912810RB6,2013-05-15,2043-05-15,2.875,41799.3186,0,11/15,05/15,null,null,16000.0296,31,07,0,null,530,2.98
2026-07-31,2026-07-31,2026,4,2026,3,Marketable,Bonds,912810RB6,2013-06-17,2043-05-15,2.875,null,0,11/15,05/15,null,null,13000.0033,31,07,0,null,531,3.355
2026-07-31,2026-07-31,2026,4,2026,3,Marketable,Bonds,912810RB6,2013-07-15,2043-05-15,2.875,null,0,11/15,05/15,null,null,12999.2857,31,07,-200,null,532,3.66
2026-07-31,2026-07-31,2026,4,2026,3,Marketable,Bonds,912810TS7,2023-05-31,2043-05-15,3.875,41058.4109,0,11/15,05/15,null,null,17805.7796,31,07,0,null,533,3.954
2026-07-31,2026-07-31,2026,4,2026,3,Marketable,Bonds,912810TS7,2023-06-30,2043-05-15,3.875,null,0,11/15,05/15,null,null,11998.6551,31,07,0,null,534,4.01
2026-07-31,2026-07-31,2026,4,2026,3,Marketable,Bonds,912810TS7,2023-07-31,2043-05-15,3.875,null,0,11/15,05/15,null,null,11848.9762,31,07,-595,null,535,4.036
2026-07-31,2026-07-31,2026,4,2026,3,Marketable,Bonds,912810RC4,2013-08-15,2043-08-15,3.625,41903.9684,0,02/15,08/15,null,null,15998.8569,31,07,0,null,536,3.652
2026-07-31,2026-07-31,2026,4,2026,3,Marketable,Bonds,912810RC4,2013-09-16,2043-08-15,3.625,null,0,02/15,08/15,null,null,13000.0197,31,07,0,null,537,3.82
2026-07-31,2026-07-31,2026,4,2026,3,Marketable,Bonds,912810RC4,2013-10-15,2043-08-15,3.625,null,0,02/15,08/15,null,null,13000.0918,31,07,-95,null,538,3.758
2026-07-31,2026-07-31,2026,4,2026,3,Marketable,Bonds,912810TU2,2023-08-31,2043-08-15,4.375,43651.3723,0,02/15,08/15,null,null,17652.3537,31,07,0,null,539,4.499
2026-07-31,2026-07-31,2026,4,2026,3,Marketable,Bonds,912810TU2,2023-10-02,2043-08-15,4.375,null,0,02/15,08/15,null,null,12999.3369,31,07,0,null,540,4.592
2026-07-31,2026-07-31,2026,4,2026,3,Marketable,Bonds,912810TU2,2023-10-31,2043-08-15,4.375,null,0,02/15,08/15,null,null,12999.6817,31,07,0,null,541,5.245
2026-07-31,2026-07-31,2026,4,2026,3,Marketable,Bonds,912810RD2,2013-11-15,2043-11-15,3.75,41994.7869,0,05/15,11/15,null,null,15995.0431,31,07,0,null,542,3.81
2026-07-31,2026-07-31,2026,4,2026,3,Marketable,Bonds,912810RD2,2013-12-16,2043-11-15,3.75,null,0,05/15,11/15,null,null,12999.7067,31,07,0,null,543,3.9
2026-07-31,2026-07-31,2026,4,2026,3,Marketable,Bonds,912810RD2,2014-01-15,2043-11-15,3.75,null,0,05/15,11/15,null,null,13000.0371,31,07,0,null,544,3.899
2026-07-31,2026-07-31,2026,4,2026,3,Marketable,Bonds,912810TW8,2023-11-30,2043-11-15,4.75,42177.9155,0,05/15,11/15,null,null,16182.2245,31,07,0,null,545,4.78
2026-07-31,2026-07-31,2026,4,2026,3,Marketable,Bonds,912810TW8,2024-01-02,2043-11-15,4.75,null,0,05/15,11/15,null,null,12997.1982,31,07,0,null,546,4.213
2026-07-31,2026-07-31,2026,4,2026,3,Marketable,Bonds,912810TW8,2024-01-31,2043-11-15,4.75,null,0,05/15,11/15,null,null,12998.4928,31,07,0,null,547,4.423
2026-07-31,2026-07-31,2026,4,2026,3,Marketable,Bonds,912810RE0,2014-02-18,2044-02-15,3.625,41844.8793,0,08/15,02/15,null,null,15999.7548,31,07,0,null,548,3.69
2026-07-31,2026-07-31,2026,4,2026,3,Marketable,Bonds,912810RE0,2014-03-17,2044-02-15,3.625,null,0,08/15,02/15,null,null,13000.1118,31,07,0,null,549,3.63
2026-07-31,2026-07-31,2026,4,2026,3,Marketable,Bonds,912810RE0,2014-04-15,2044-02-15,3.625,null,0,08/15,02/15,null,null,13000.0127,31,07,-155,null,550,3.525
2026-07-31,2026-07-31,2026,4,2026,3,Marketable,Bonds,912810TZ1,2024-02-29,2044-02-15,4.5,42722.0477,0,08/15,02/15,null,null,16673.428,31,07,0,null,551,4.595
2026-07-31,2026-07-31,2026,4,2026,3,Marketable,Bonds,912810TZ1,2024-04-01,2044-02-15,4.5,null,0,08/15,02/15,null,null,12987.526,31,07,0,null,552,4.542
2026-07-31,2026-07-31,2026,4,2026,3,Marketable,Bonds,912810TZ1,2024-04-30,2044-02-15,4.5,null,0,08/15,02/15,null,null,13061.0937,31,07,0,null,553,4.818
2026-07-31,2026-07-31,2026,4,2026,3,Marketable,Bonds,912810RG5,2014-05-15,2044-05-15,3.375,41988.1145,0,11/15,05/15,null,null,15995.1467,31,07,0,null,554,3.44
2026-07-31,2026-07-31,2026,4,2026,3,Marketable,Bonds,912810RG5,2014-06-16,2044-05-15,3.375,null,0,11/15,05/15,null,null,12999.9971,31,07,0,null,555,3.444
2026-07-31,2026-07-31,2026,4,2026,3,Marketable,Bonds,912810RG5,2014-07-15,2044-05-15,3.375,null,0,11/15,05/15,null,null,12996.9707,31,07,-4,null,556,3.369
2026-07-31,2026-07-31,2026,4,2026,3,Marketable,Bonds,912810UB2,2024-05-31,2044-05-15,4.625,44114.703,0,11/15,05/15,null,null,16947.1942,31,07,0,null,557,4.635
2026-07-31,2026-07-31,2026,4,2026,3,Marketable,Bonds,912810UB2,2024-07-01,2044-05-15,4.625,null,0,11/15,05/15,null,null,13451.7413,31,07,0,null,558,4.452
2026-07-31,2026-07-31,2026,4,2026,3,Marketable,Bonds,912810UB2,2024-07-31,2044-05-15,4.625,null,0,11/15,05/15,null,null,13715.7675,31,07,0,null,559,4.466
2026-07-31,2026-07-31,2026,4,2026,3,Marketable,Bonds,912810RH3,2014-08-15,2044-08-15,3.125,42000.0298,0,02/15,08/15,null,null,15999.9999,31,07,0,null,560,3.224
2026-07-31,2026-07-31,2026,4,2026,3,Marketable,Bonds,912810RH3,2014-09-15,2044-08-15,3.125,null,0,02/15,08/15,null,null,13000.0509,31,07,0,null,561,3.24
2026-07-31,2026-07-31,2026,4,2026,3,Marketable,Bonds,912810RH3,2014-10-15,2044-08-15,3.125,null,0,02/15,08/15,null,null,12999.979,31,07,0,null,562,3.074
2026-07-31,2026-07-31,2026,4,2026,3,Marketable,Bonds,912810UD8,2024-09-03,2044-08-15,4.125,43757.344,0,02/15,08/15,null,null,17272.689,31,07,0,null,563,4.16
2026-07-31,2026-07-31,2026,4,2026,3,Marketable,Bonds,912810UD8,2024-09-30,2044-08-15,4.125,null,0,02/15,08/15,null,null,13266.6896,31,07,0,null,564,4.039
2026-07-31,2026-07-31,2026,4,2026,3,Marketable,Bonds,912810UD8,2024-10-31,2044-08-15,4.125,null,0,02/15,08/15,null,null,13217.9654,31,07,0,null,565,4.59
2026-07-31,2026-07-31,2026,4,2026,3,Marketable,Bonds,912810RJ9,2014-11-17,2044-11-15,3,41474.8915,0,05/15,11/15,null,null,16021.3911,31,07,0,null,566,3.092
2026-07-31,2026-07-31,2026,4,2026,3,Marketable,Bonds,912810RJ9,2014-12-15,2044-11-15,3,null,0,05/15,11/15,null,null,13000.0093,31,07,0,null,567,2.848
2026-07-31,2026-07-31,2026,4,2026,3,Marketable,Bonds,912810RJ9,2015-01-15,2044-11-15,3,null,0,05/15,11/15,null,null,12999.4911,31,07,-546,null,568,2.43
2026-07-31,2026-07-31,2026,4,2026,3,Marketable,Bonds,912810UF3,2024-12-02,2044-11-15,4.625,43920.3344,0,05/15,11/15,null,null,17088.2739,31,07,0,null,569,4.68
2026-07-31,2026-07-31,2026,4,2026,3,Marketable,Bonds,912810UF3,2024-12-31,2044-11-15,4.625,null,0,05/15,11/15,null,null,13126.8009,31,07,0,null,570,4.686
2026-07-31,2026-07-31,2026,4,2026,3,Marketable,Bonds,912810UF3,2025-01-31,2044-11-15,4.625,null,0,05/15,11/15,null,null,13705.2596,31,07,0,null,571,4.9
2026-07-31,2026-07-31,2026,4,2026,3,Marketable,Bonds,912810RK6,2015-02-17,2045-02-15,2.5,42000.609,0,08/15,02/15,null,null,16000.5989,31,07,0,null,572,2.56
2026-07-31,2026-07-31,2026,4,2026,3,Marketable,Bonds,912810RK6,2015-03-16,2045-02-15,2.5,null,0,08/15,02/15,null,null,13000.0013,31,07,0,null,573,2.681
2026-07-31,2026-07-31,2026,4,2026,3,Marketable,Bonds,912810RK6,2015-04-15,2045-02-15,2.5,null,0,08/15,02/15,null,null,13000.0088,31,07,0,null,574,2.597
2026-07-31,2026-07-31,2026,4,2026,3,Marketable,Bonds,912810UJ5,2025-02-28,2045-02-15,4.75,44864.9406,0,08/15,02/15,null,null,17610.6903,31,07,0,null,575,4.83
2026-07-31,2026-07-31,2026,4,2026,3,Marketable,Bonds,912810UJ5,2025-03-31,2045-02-15,4.75,null,0,08/15,02/15,null,null,13374.3095,31,07,0,null,576,4.632
2026-07-31,2026-07-31,2026,4,2026,3,Marketable,Bonds,912810UJ5,2025-04-30,2045-02-15,4.75,null,0,08/15,02/15,null,null,13879.9408,31,07,0,null,577,4.81
2026-07-31,2026-07-31,2026,4,2026,3,Marketable,Bonds,912810RM2,2015-05-15,2045-05-15,3,41285.7146,0,11/15,05/15,null,null,16361.9009,31,07,0,null,578,3.044
2026-07-31,2026-07-31,2026,4,2026,3,Marketable,Bonds,912810RM2,2015-06-15,2045-05-15,3,null,0,11/15,05/15,null,null,12999.8126,31,07,0,null,579,3.138
2026-07-31,2026-07-31,2026,4,2026,3,Marketable,Bonds,912810RM2,2015-07-15,2045-05-15,3,null,0,11/15,05/15,null,null,13000.0011,31,07,-1076,null,580,3.084
2026-07-31,2026-07-31,2026,4,2026,3,Marketable,Bonds,912810UL0,2025-06-02,2045-05-15,5,46364.0169,0,11/15,05/15,null,null,18188.7909,31,07,0,null,581,5.047
2026-07-31,2026-07-31,2026,4,2026,3,Marketable,Bonds,912810UL0,2025-06-30,2045-05-15,5,null,0,11/15,05/15,null,null,14291.8834,31,07,0,null,582,4.942
2026-07-31,2026-07-31,2026,4,2026,3,Marketable,Bonds,912810UL0,2025-07-31,2045-05-15,5,null,0,11/15,05/15,null,null,13883.3426,31,07,0,null,583,4.935
2026-07-31,2026-07-31,2026,4,2026,3,Marketable,Bonds,912810RN0,2015-08-17,2045-08-15,2.875,40300.9862,0,02/15,08/15,null,null,16321.6472,31,07,0,null,584,2.88
2026-07-31,2026-07-31,2026,4,2026,3,Marketable,Bonds,912810RN0,2015-09-15,2045-08-15,2.875,null,0,02/15,08/15,null,null,12999.3338,31,07,0,null,585,2.98
2026-07-31,2026-07-31,2026,4,2026,3,Marketable,Bonds,912810RN0,2015-10-15,2045-08-15,2.875,null,0,02/15,08/15,null,null,13000.0052,31,07,-2020,null,586,2.914
2026-07-31,2026-07-31,2026,4,2026,3,Marketable,Bonds,912810UN6,2025-09-02,2045-08-15,4.875,45374.751,0,02/15,08/15,null,null,17928.618,31,07,0,null,587,4.876
2026-07-31,2026-07-31,2026,4,2026,3,Marketable,Bonds,912810UN6,2025-09-30,2045-08-15,4.875,null,0,02/15,08/15,null,null,13701.4456,31,07,0,null,588,4.613
2026-07-31,2026-07-31,2026,4,2026,3,Marketable,Bonds,912810UN6,2025-10-31,2045-08-15,4.875,null,0,02/15,08/15,null,null,13744.6874,31,07,0,null,589,4.506
2026-07-31,2026-07-31,2026,4,2026,3,Marketable,Bonds,912810RP5,2015-11-16,2045-11-15,3,41791.6697,0,05/15,11/15,null,null,16081.6808,31,07,0,null,590,3.07
2026-07-31,2026-07-31,2026,4,2026,3,Marketable,Bonds,912810RP5,2015-12-15,2045-11-15,3,null,0,05/15,11/15,null,null,13000.0033,31,07,0,null,591,2.978
2026-07-31,2026-07-31,2026,4,2026,3,Marketable,Bonds,912810RP5,2016-01-15,2045-11-15,3,null,0,05/15,11/15,null,null,12994.9856,31,07,-285,null,592,2.905
2026-07-31,2026-07-31,2026,4,2026,3,Marketable,Bonds,912810UQ9,2025-12-01,2045-11-15,4.625,46130.2612,0,05/15,11/15,null,null,17829.4668,31,07,0,null,593,4.706
2026-07-31,2026-07-31,2026,4,2026,3,Marketable,Bonds,912810UQ9,2025-12-31,2045-11-15,4.625,null,0,05/15,11/15,null,null,14385.2655,31,07,0,null,594,4.798
2026-07-31,2026-07-31,2026,4,2026,3,Marketable,Bonds,912810UQ9,2026-02-02,2045-11-15,4.625,null,0,05/15,11/15,null,null,13915.5289,31,07,0,null,595,4.846
2026-07-31,2026-07-31,2026,4,2026,3,Marketable,Bonds,912810RQ3,2016-02-16,2046-02-15,2.5,37660.1694,0,08/15,02/15,null,null,16172.8217,31,07,0,null,596,2.5
2026-07-31,2026-07-31,2026,4,2026,3,Marketable,Bonds,912810RQ3,2016-03-15,2046-02-15,2.5,null,0,08/15,02/15,null,null,11999.9,31,07,0,null,597,2.72
2026-07-31,2026-07-31,2026,4,2026,3,Marketable,Bonds,912810RQ3,2016-04-15,2046-02-15,2.5,null,0,08/15,02/15,null,null,12079.4477,31,07,-2592,null,598,2.596
2026-07-31,2026-07-31,2026,4,2026,3,Marketable,Bonds,912810UT3,2026-03-02,2046-02-15,4.625,46894.121,0,08/15,02/15,null,null,17915.9708,31,07,0,null,599,4.664
2026-07-31,2026-07-31,2026,4,2026,3,Marketable,Bonds,912810UT3,2026-03-31,2046-02-15,4.625,null,0,08/15,02/15,null,null,14342.4459,31,07,0,null,600,4.817
2026-07-31,2026-07-31,2026,4,2026,3,Marketable,Bonds,912810UT3,2026-04-30,2046-02-15,4.625,null,0,08/15,02/15,null,null,14635.7043,31,07,0,null,601,4.883
2026-07-31,2026-07-31,2026,4,2026,3,Marketable,Bonds,912810RS9,2016-05-16,2046-05-15,2.5,40477.5347,0,11/15,05/15,null,null,18392.2459,31,07,0,null,602,2.615
2026-07-31,2026-07-31,2026,4,2026,3,Marketable,Bonds,912810RS9,2016-06-15,2046-05-15,2.5,null,0,11/15,05/15,null,null,11999.9822,31,07,0,null,603,2.475
2026-07-31,2026-07-31,2026,4,2026,3,Marketable,Bonds,912810RS9,2016-07-15,2046-05-15,2.5,null,0,11/15,05/15,null,null,12781.3066,31,07,-2696,null,604,2.172
2026-07-31,2026-07-31,2026,4,2026,3,Marketable,Bonds,912810UV8,2026-06-01,2046-05-15,5,44344.056,0,11/15,05/15,null,null,18360.1146,31,07,0,null,605,5.122
2026-07-31,2026-07-31,2026,4,2026,3,Marketable,Bonds,912810UV8,2026-06-22,2046-05-15,5,null,0,11/15,05/15,null,null,12998.8382,31,07,0,null,606,4.927
2026-07-31,2026-07-31,2026,4,2026,3,Marketable,Bonds,912810UV8,2026-07-24,2046-05-15,5,null,0,11/15,05/15,null,null,12985.1032,31,07,0,null,607,5.163
2026-07-31,2026-07-31,2026,4,2026,3,Marketable,Bonds,912810RT7,2016-08-15,2046-08-15,2.25,39646.4068,0,02/15,08/15,null,null,16536.3595,31,07,0,null,608,2.274
2026-07-31,2026-07-31,2026,4,2026,3,Marketable,Bonds,912810RT7,2016-09-15,2046-08-15,2.25,null,0,02/15,08/15,null,null,12000.0163,31,07,0,null,609,2.475
2026-07-31,2026-07-31,2026,4,2026,3,Marketable,Bonds,912810RT7,2016-10-17,2046-08-15,2.25,null,0,02/15,08/15,null,null,12000.031,31,07,-890,null,610,2.47
2026-07-31,2026-07-31,2026,4,2026,3,Marketable,Bonds,912810RU4,2016-11-15,2046-11-15,2.875,40064.7745,0,05/15,11/15,null,null,18283.8168,31,07,0,null,611,2.902
2026-07-31,2026-07-31,2026,4,2026,3,Marketable,Bonds,912810RU4,2016-12-15,2046-11-15,2.875,null,0,05/15,11/15,null,null,12000.0298,31,07,0,null,612,3.152
2026-07-31,2026-07-31,2026,4,2026,3,Marketable,Bonds,912810RU4,2017-01-17,2046-11-15,2.875,null,0,05/15,11/15,null,null,12664.9279,31,07,-2884,null,613,2.914
2026-07-31,2026-07-31,2026,4,2026,3,Marketable,Bonds,912810RV2,2017-02-15,2047-02-15,3,33906.504,0,08/15,02/15,null,null,16731.8897,31,07,0,null,614,3.005
2026-07-31,2026-07-31,2026,4,2026,3,Marketable,Bonds,912810RV2,2017-03-15,2047-02-15,3,null,0,08/15,02/15,null,null,11999.9942,31,07,0,null,615,3.17
2026-07-31,2026-07-31,2026,4,2026,3,Marketable,Bonds,912810RV2,2017-04-17,2047-02-15,3,null,0,08/15,02/15,null,null,12098.6201,31,07,-6924,null,616,2.938
2026-07-31,2026-07-31,2026,4,2026,3,Marketable,Bonds,912810RX8,2017-05-15,2047-05-15,3,40685.115,0,11/15,05/15,null,null,19950.6049,31,07,0,null,617,3.05
2026-07-31,2026-07-31,2026,4,2026,3,Marketable,Bonds,912810RX8,2017-06-15,2047-05-15,3,null,0,11/15,05/15,null,null,11999.5917,31,07,0,null,618,2.87
2026-07-31,2026-07-31,2026,4,2026,3,Marketable,Bonds,912810RX8,2017-07-17,2047-05-15,3,null,0,11/15,05/15,null,null,12273.9184,31,07,-3539,null,619,2.936
2026-07-31,2026-07-31,2026,4,2026,3,Marketable,Bonds,912810RY6,2017-08-15,2047-08-15,2.75,41476.3307,0,02/15,08/15,null,null,19513.2736,31,07,0,null,620,2.818
2026-07-31,2026-07-31,2026,4,2026,3,Marketable,Bonds,912810RY6,2017-09-15,2047-08-15,2.75,null,0,02/15,08/15,null,null,11999.8802,31,07,0,null,621,2.79
2026-07-31,2026-07-31,2026,4,2026,3,Marketable,Bonds,912810RY6,2017-10-16,2047-08-15,2.75,null,0,02/15,08/15,null,null,11999.1769,31,07,-2036,null,622,2.87
2026-07-31,2026-07-31,2026,4,2026,3,Marketable,Bonds,912810RZ3,2017-11-15,2047-11-15,2.75,39288.7507,0,05/15,11/15,null,null,16823.7432,31,07,0,null,623,2.801
2026-07-31,2026-07-31,2026,4,2026,3,Marketable,Bonds,912810RZ3,2017-12-15,2047-11-15,2.75,null,0,05/15,11/15,null,null,11999.0648,31,07,0,null,624,2.804
2026-07-31,2026-07-31,2026,4,2026,3,Marketable,Bonds,912810RZ3,2018-01-16,2047-11-15,2.75,null,0,05/15,11/15,null,null,12405.9427,31,07,-1940,null,625,2.867
2026-07-31,2026-07-31,2026,4,2026,3,Marketable,Bonds,912810SA7,2018-02-15,2048-02-15,3,44124.5056,0,08/15,02/15,null,null,19022.2402,31,07,0,null,626,3.121
2026-07-31,2026-07-31,2026,4,2026,3,Marketable,Bonds,912810SA7,2018-03-15,2048-02-15,3,null,0,08/15,02/15,null,null,12999.9921,31,07,0,null,627,3.109
2026-07-31,2026-07-31,2026,4,2026,3,Marketable,Bonds,912810SA7,2018-04-16,2048-02-15,3,null,0,08/15,02/15,null,null,13022.2733,31,07,-920,null,628,3.044
2026-07-31,2026-07-31,2026,4,2026,3,Marketable,Bonds,912810SC3,2018-05-15,2048-05-15,3.125,47147.624,0,11/15,05/15,null,null,21098.1838,31,07,0,null,629,3.13
2026-07-31,2026-07-31,2026,4,2026,3,Marketable,Bonds,912810SC3,2018-06-15,2048-05-15,3.125,null,0,11/15,05/15,null,null,14000.0293,31,07,0,null,630,3.1
2026-07-31,2026-07-31,2026,4,2026,3,Marketable,Bonds,912810SC3,2018-07-16,2048-05-15,3.125,null,0,11/15,05/15,null,null,14053.4109,31,07,-2004,null,631,2.958
2026-07-31,2026-07-31,2026,4,2026,3,Marketable,Bonds,912810SD1,2018-08-15,2048-08-15,3,49977.7811,0,02/15,08/15,null,null,20414.8055,31,07,0,null,632,3.09
2026-07-31,2026-07-31,2026,4,2026,3,Marketable,Bonds,912810SD1,2018-09-17,2048-08-15,3,null,0,02/15,08/15,null,null,15000.0231,31,07,0,null,633,3.088
2026-07-31,2026-07-31,2026,4,2026,3,Marketable,Bonds,912810SD1,2018-10-15,2048-08-15,3,null,0,02/15,08/15,null,null,14999.9525,31,07,-437,null,634,3.344
2026-07-31,2026-07-31,2026,4,2026,3,Marketable,Bonds,912810SE9,2018-11-15,2048-11-15,3.375,52578.2813,0,05/15,11/15,null,null,22873.5907,31,07,0,null,635,3.418
2026-07-31,2026-07-31,2026,4,2026,3,Marketable,Bonds,912810SE9,2018-12-17,2048-11-15,3.375,null,0,05/15,11/15,null,null,15999.9919,31,07,0,null,636,3.165
2026-07-31,2026-07-31,2026,4,2026,3,Marketable,Bonds,912810SE9,2019-01-15,2048-11-15,3.375,null,0,05/15,11/15,null,null,15994.6987,31,07,-2290,null,637,3.035
2026-07-31,2026-07-31,2026,4,2026,3,Marketable,Bonds,912810SF6,2019-02-15,2049-02-15,3,54200.5118,0,08/15,02/15,null,null,23574.6037,31,07,0,null,638,3.022
2026-07-31,2026-07-31,2026,4,2026,3,Marketable,Bonds,912810SF6,2019-03-15,2049-02-15,3,null,0,08/15,02/15,null,null,15999.8837,31,07,0,null,639,3.014
2026-07-31,2026-07-31,2026,4,2026,3,Marketable,Bonds,912810SF6,2019-04-15,2049-02-15,3,null,0,08/15,02/15,null,null,16002.0244,31,07,-1376,null,640,2.93
2026-07-31,2026-07-31,2026,4,2026,3,Marketable,Bonds,912810SH2,2019-05-15,2049-05-15,2.875,55597.3687,0,11/15,05/15,null,null,25472.4889,31,07,0,null,641,2.892
2026-07-31,2026-07-31,2026,4,2026,3,Marketable,Bonds,912810SH2,2019-06-17,2049-05-15,2.875,null,0,11/15,05/15,null,null,15999.6485,31,07,0,null,642,2.607
2026-07-31,2026-07-31,2026,4,2026,3,Marketable,Bonds,912810SH2,2019-07-15,2049-05-15,2.875,null,0,11/15,05/15,null,null,16136.2313,31,07,-2011,null,643,2.644
2026-07-31,2026-07-31,2026,4,2026,3,Marketable,Bonds,912810SJ8,2019-08-15,2049-08-15,2.25,63236.3568,0,02/15,08/15,null,null,31398.5093,31,07,0,null,644,2.335
2026-07-31,2026-07-31,2026,4,2026,3,Marketable,Bonds,912810SJ8,2019-09-16,2049-08-15,2.25,null,0,02/15,08/15,null,null,15997.8287,31,07,0,null,645,2.27
2026-07-31,2026-07-31,2026,4,2026,3,Marketable,Bonds,912810SJ8,2019-10-15,2049-08-15,2.25,null,0,02/15,08/15,null,null,16000.0188,31,07,-160,null,646,2.17
2026-07-31,2026-07-31,2026,4,2026,3,Marketable,Bonds,912810SK5,2019-11-15,2049-11-15,2.375,58170.7488,0,05/15,11/15,null,null,27993.8267,31,07,0,null,647,2.43
2026-07-31,2026-07-31,2026,4,2026,3,Marketable,Bonds,912810SK5,2019-12-16,2049-11-15,2.375,null,0,05/15,11/15,null,null,15998.9551,31,07,0,null,648,2.307
2026-07-31,2026-07-31,2026,4,2026,3,Marketable,Bonds,912810SK5,2020-01-15,2049-11-15,2.375,null,0,05/15,11/15,null,null,16511.967,31,07,-2334,null,649,2.341
2026-07-31,2026-07-31,2026,4,2026,3,Marketable,Bonds,912810SL3,2020-02-18,2050-02-15,2,59121.8597,0,08/15,02/15,null,null,27449.7799,31,07,0,null,650,2.061
2026-07-31,2026-07-31,2026,4,2026,3,Marketable,Bonds,912810SL3,2020-03-16,2050-02-15,2,null,0,08/15,02/15,null,null,16015.1411,31,07,0,null,651,1.32
2026-07-31,2026-07-31,2026,4,2026,3,Marketable,Bonds,912810SL3,2020-04-15,2050-02-15,2,null,0,08/15,02/15,null,null,17055.9387,31,07,-1399,null,652,1.325
2026-07-31,2026-07-31,2026,4,2026,3,Marketable,Bonds,912810SN9,2020-05-15,2050-05-15,1.25,73566.7975,0,11/15,05/15,null,null,33634.7555,31,07,0,null,653,1.342
2026-07-31,2026-07-31,2026,4,2026,3,Marketable,Bonds,912810SN9,2020-06-15,2050-05-15,1.25,null,0,11/15,05/15,null,null,19270.143,31,07,0,null,654,1.45
2026-07-31,2026-07-31,2026,4,2026,3,Marketable,Bonds,912810SN9,2020-07-15,2050-05-15,1.25,null,0,11/15,05/15,null,null,20666.899,31,07,-5,null,655,1.33
2026-07-31,2026-07-31,2026,4,2026,3,Marketable,Bonds,912810SP4,2020-08-17,2050-08-15,1.375,89018.5089,0,02/15,08/15,null,null,41463.5671,31,07,0,null,656,1.406
2026-07-31,2026-07-31,2026,4,2026,3,Marketable,Bonds,912810SP4,2020-09-15,2050-08-15,1.375,null,0,02/15,08/15,null,null,23945.5682,31,07,0,null,657,1.473
2026-07-31,2026-07-31,2026,4,2026,3,Marketable,Bonds,912810SP4,2020-10-15,2050-08-15,1.375,null,0,02/15,08/15,null,null,23643.3736,31,07,-34,null,658,1.578
2026-07-31,2026-07-31,2026,4,2026,3,Marketable,Bonds,912810SS8,2020-11-16,2050-11-15,1.625,85458.2569,0,05/15,11/15,null,null,34403.3897,31,07,0,null,659,1.68
2026-07-31,2026-07-31,2026,4,2026,3,Marketable,Bonds,912810SS8,2020-12-15,2050-11-15,1.625,null,0,05/15,11/15,null,null,25022.2459,31,07,0,null,660,1.665
2026-07-31,2026-07-31,2026,4,2026,3,Marketable,Bonds,912810SS8,2021-01-15,2050-11-15,1.625,null,0,05/15,11/15,null,null,26412.6213,31,07,-380,null,661,1.825
2026-07-31,2026-07-31,2026,4,2026,3,Marketable,Bonds,912810SU3,2021-02-16,2051-02-15,1.875,88366.4911,0,08/15,02/15,null,null,36794.6651,31,07,0,null,662,1.933
2026-07-31,2026-07-31,2026,4,2026,3,Marketable,Bonds,912810SU3,2021-03-15,2051-02-15,1.875,null,0,08/15,02/15,null,null,25487.4006,31,07,0,null,663,2.295
2026-07-31,2026-07-31,2026,4,2026,3,Marketable,Bonds,912810SU3,2021-04-15,2051-02-15,1.875,null,0,08/15,02/15,null,null,27684.4254,31,07,-1600,null,664,2.32
2026-07-31,2026-07-31,2026,4,2026,3,Marketable,Bonds,912810SX7,2021-05-17,2051-05-15,2.375,93553.5868,0,11/15,05/15,null,null,41323.6408,31,07,0,null,665,2.395
2026-07-31,2026-07-31,2026,4,2026,3,Marketable,Bonds,912810SX7,2021-06-15,2051-05-15,2.375,null,0,11/15,05/15,null,null,26206.0006,31,07,0,null,666,2.172
2026-07-31,2026-07-31,2026,4,2026,3,Marketable,Bonds,912810SX7,2021-07-15,2051-05-15,2.375,null,0,11/15,05/15,null,null,27950.9454,31,07,-1927,null,667,2
2026-07-31,2026-07-31,2026,4,2026,3,Marketable,Bonds,912810SZ2,2021-08-16,2051-08-15,2,90036.6626,0,02/15,08/15,null,null,39045.8235,31,07,0,null,668,2.04
2026-07-31,2026-07-31,2026,4,2026,3,Marketable,Bonds,912810SZ2,2021-09-15,2051-08-15,2,null,0,02/15,08/15,null,null,26555.4562,31,07,0,null,669,1.91
2026-07-31,2026-07-31,2026,4,2026,3,Marketable,Bonds,912810SZ2,2021-10-15,2051-08-15,2,null,0,02/15,08/15,null,null,25805.3829,31,07,-1370,null,670,2.049
2026-07-31,2026-07-31,2026,4,2026,3,Marketable,Bonds,912810TB4,2021-11-15,2051-11-15,1.875,90235.3073,0,05/15,11/15,null,null,39461.4257,31,07,0,null,671,1.94
2026-07-31,2026-07-31,2026,4,2026,3,Marketable,Bonds,912810TB4,2021-12-15,2051-11-15,1.875,null,0,05/15,11/15,null,null,25244.0001,31,07,0,null,672,1.895
2026-07-31,2026-07-31,2026,4,2026,3,Marketable,Bonds,912810TB4,2022-01-18,2051-11-15,1.875,null,0,05/15,11/15,null,null,25529.8815,31,07,0,null,673,2.075
2026-07-31,2026-07-31,2026,4,2026,3,Marketable,Bonds,912810TD0,2022-02-15,2052-02-15,2.25,85019.3815,0,08/15,02/15,null,null,36914.1181,31,07,0,null,674,2.34
2026-07-31,2026-07-31,2026,4,2026,3,Marketable,Bonds,912810TD0,2022-03-15,2052-02-15,2.25,null,0,08/15,02/15,null,null,23360.3952,31,07,0,null,675,2.375
2026-07-31,2026-07-31,2026,4,2026,3,Marketable,Bonds,912810TD0,2022-04-18,2052-02-15,2.25,null,0,08/15,02/15,null,null,24770.8682,31,07,-26,null,676,2.815
2026-07-31,2026-07-31,2026,4,2026,3,Marketable,Bonds,912810TG3,2022-05-16,2052-05-15,2.875,78301.1696,0,11/15,05/15,null,null,37386.3303,31,07,0,null,677,2.997
2026-07-31,2026-07-31,2026,4,2026,3,Marketable,Bonds,912810TG3,2022-06-15,2052-05-15,2.875,null,0,11/15,05/15,null,null,20117.1762,31,07,0,null,678,3.185
2026-07-31,2026-07-31,2026,4,2026,3,Marketable,Bonds,912810TG3,2022-07-15,2052-05-15,2.875,null,0,11/15,05/15,null,null,21421.6631,31,07,-624,null,679,3.115
2026-07-31,2026-07-31,2026,4,2026,3,Marketable,Bonds,912810TJ7,2022-08-15,2052-08-15,3,69938.9171,0,02/15,08/15,null,null,34277.0536,31,07,0,null,680,3.106
2026-07-31,2026-07-31,2026,4,2026,3,Marketable,Bonds,912810TJ7,2022-09-15,2052-08-15,3,null,0,02/15,08/15,null,null,17999.8732,31,07,0,null,681,3.511
2026-07-31,2026-07-31,2026,4,2026,3,Marketable,Bonds,912810TJ7,2022-10-17,2052-08-15,3,null,0,02/15,08/15,null,null,17999.9903,31,07,-338,null,682,3.93
2026-07-31,2026-07-31,2026,4,2026,3,Marketable,Bonds,912810TL2,2022-11-15,2052-11-15,4,64339.912,0,05/15,11/15,null,null,28353.3102,31,07,0,null,683,4.08
2026-07-31,2026-07-31,2026,4,2026,3,Marketable,Bonds,912810TL2,2022-12-15,2052-11-15,4,null,0,05/15,11/15,null,null,17986.576,31,07,0,null,684,3.513
2026-07-31,2026-07-31,2026,4,2026,3,Marketable,Bonds,912810TL2,2023-01-17,2052-11-15,4,null,0,05/15,11/15,null,null,18000.0258,31,07,0,null,685,3.585
2026-07-31,2026-07-31,2026,4,2026,3,Marketable,Bonds,912810TN8,2023-02-15,2053-02-15,3.625,65983.0277,0,08/15,02/15,null,null,29206.5431,31,07,0,null,686,3.686
2026-07-31,2026-07-31,2026,4,2026,3,Marketable,Bonds,912810TN8,2023-03-15,2053-02-15,3.625,null,0,08/15,02/15,null,null,17999.8265,31,07,0,null,687,3.877
2026-07-31,2026-07-31,2026,4,2026,3,Marketable,Bonds,912810TN8,2023-04-17,2053-02-15,3.625,null,0,08/15,02/15,null,null,19140.6581,31,07,-364,null,688,3.661
2026-07-31,2026-07-31,2026,4,2026,3,Marketable,Bonds,912810TR9,2023-05-15,2053-05-15,3.625,62593.0728,0,11/15,05/15,null,null,26711.2213,31,07,0,null,689,3.741
2026-07-31,2026-07-31,2026,4,2026,3,Marketable,Bonds,912810TR9,2023-06-15,2053-05-15,3.625,null,0,11/15,05/15,null,null,17999.8809,31,07,0,null,690,3.908
2026-07-31,2026-07-31,2026,4,2026,3,Marketable,Bonds,912810TR9,2023-07-17,2053-05-15,3.625,null,0,11/15,05/15,null,null,17999.9706,31,07,-118,null,691,3.91
2026-07-31,2026-07-31,2026,4,2026,3,Marketable,Bonds,912810TT5,2023-08-15,2053-08-15,4.125,71564.3014,0,02/15,08/15,null,null,31583.9265,31,07,0,null,692,4.189
2026-07-31,2026-07-31,2026,4,2026,3,Marketable,Bonds,912810TT5,2023-09-15,2053-08-15,4.125,null,0,02/15,08/15,null,null,19999.1874,31,07,0,null,693,4.345
2026-07-31,2026-07-31,2026,4,2026,3,Marketable,Bonds,912810TT5,2023-10-16,2053-08-15,4.125,null,0,02/15,08/15,null,null,20000.1875,31,07,-19,null,694,4.837
2026-07-31,2026-07-31,2026,4,2026,3,Marketable,Bonds,912810TV0,2023-11-15,2053-11-15,4.75,66443.6445,0,05/15,11/15,null,null,24456.6379,31,07,0,null,695,4.769
2026-07-31,2026-07-31,2026,4,2026,3,Marketable,Bonds,912810TV0,2023-12-15,2053-11-15,4.75,null,0,05/15,11/15,null,null,20988.8122,31,07,0,null,696,4.344
2026-07-31,2026-07-31,2026,4,2026,3,Marketable,Bonds,912810TV0,2024-01-16,2053-11-15,4.75,null,0,05/15,11/15,null,null,20998.1944,31,07,0,null,697,4.229
2026-07-31,2026-07-31,2026,4,2026,3,Marketable,Bonds,912810TX6,2024-02-15,2054-02-15,4.25,71197.7912,0,08/15,02/15,null,null,26846.2775,31,07,0,null,698,4.36
2026-07-31,2026-07-31,2026,4,2026,3,Marketable,Bonds,912810TX6,2024-03-15,2054-02-15,4.25,null,0,08/15,02/15,null,null,21989.8058,31,07,0,null,699,4.331
2026-07-31,2026-07-31,2026,4,2026,3,Marketable,Bonds,912810TX6,2024-04-15,2054-02-15,4.25,null,0,08/15,02/15,null,null,22362.7079,31,07,-1,null,700,4.671
2026-07-31,2026-07-31,2026,4,2026,3,Marketable,Bonds,912810UA4,2024-05-15,2054-05-15,4.625,76420.8035,0,11/15,05/15,null,null,28141.8875,31,07,0,null,701,4.635
2026-07-31,2026-07-31,2026,4,2026,3,Marketable,Bonds,912810UA4,2024-06-17,2054-05-15,4.625,null,0,11/15,05/15,null,null,22708.1721,31,07,0,null,702,4.403
2026-07-31,2026-07-31,2026,4,2026,3,Marketable,Bonds,912810UA4,2024-07-15,2054-05-15,4.625,null,0,11/15,05/15,null,null,25570.7439,31,07,0,null,703,4.405
2026-07-31,2026-07-31,2026,4,2026,3,Marketable,Bonds,912810UC0,2024-08-15,2054-08-15,4.25,74266.8051,0,02/15,08/15,null,null,29755.0689,31,07,0,null,704,4.314
2026-07-31,2026-07-31,2026,4,2026,3,Marketable,Bonds,912810UC0,2024-09-16,2054-08-15,4.25,null,0,02/15,08/15,null,null,22209.8224,31,07,0,null,705,4.015
2026-07-31,2026-07-31,2026,4,2026,3,Marketable,Bonds,912810UC0,2024-10-15,2054-08-15,4.25,null,0,02/15,08/15,null,null,22301.9138,31,07,0,null,706,4.389
2026-07-31,2026-07-31,2026,4,2026,3,Marketable,Bonds,912810UE6,2024-11-15,2054-11-15,4.5,80062.8573,0,05/15,11/15,null,null,31073.0324,31,07,0,null,707,4.608
2026-07-31,2026-07-31,2026,4,2026,3,Marketable,Bonds,912810UE6,2024-12-16,2054-11-15,4.5,null,0,05/15,11/15,null,null,22155.5881,31,07,0,null,708,4.535
2026-07-31,2026-07-31,2026,4,2026,3,Marketable,Bonds,912810UE6,2025-01-15,2054-11-15,4.5,null,0,05/15,11/15,null,null,26834.2368,31,07,0,null,709,4.913
2026-07-31,2026-07-31,2026,4,2026,3,Marketable,Bonds,912810UG1,2025-02-18,2055-02-15,4.625,79901.3282,0,08/15,02/15,null,null,31867.586,31,07,0,null,710,4.748
2026-07-31,2026-07-31,2026,4,2026,3,Marketable,Bonds,912810UG1,2025-03-17,2055-02-15,4.625,null,0,08/15,02/15,null,null,22362.8024,31,07,0,null,711,4.623
2026-07-31,2026-07-31,2026,4,2026,3,Marketable,Bonds,912810UG1,2025-04-15,2055-02-15,4.625,null,0,08/15,02/15,null,null,25671.9398,31,07,-1,null,712,4.813
2026-07-31,2026-07-31,2026,4,2026,3,Marketable,Bonds,912810UK2,2025-05-15,2055-05-15,4.75,80802.6776,0,11/15,05/15,null,null,33804.6671,31,07,0,null,713,4.819
2026-07-31,2026-07-31,2026,4,2026,3,Marketable,Bonds,912810UK2,2025-06-16,2055-05-15,4.75,null,0,11/15,05/15,null,null,22395.4739,31,07,0,null,714,4.844
2026-07-31,2026-07-31,2026,4,2026,3,Marketable,Bonds,912810UK2,2025-07-15,2055-05-15,4.75,null,0,11/15,05/15,null,null,24602.5366,31,07,0,null,715,4.889
2026-07-31,2026-07-31,2026,4,2026,3,Marketable,Bonds,912810UM8,2025-08-15,2055-08-15,4.75,77832.944,0,02/15,08/15,null,null,33484.2836,31,07,0,null,716,4.813
2026-07-31,2026-07-31,2026,4,2026,3,Marketable,Bonds,912810UM8,2025-09-15,2055-08-15,4.75,null,0,02/15,08/15,null,null,21996.7019,31,07,0,null,717,4.651
2026-07-31,2026-07-31,2026,4,2026,3,Marketable,Bonds,912810UM8,2025-10-15,2055-08-15,4.75,null,0,02/15,08/15,null,null,22397.9585,31,07,-46,null,718,4.734
2026-07-31,2026-07-31,2026,4,2026,3,Marketable,Bonds,912810UP1,2025-11-17,2055-11-15,4.625,79277.9636,0,05/15,11/15,null,null,28885.3226,31,07,0,null,719,4.694
2026-07-31,2026-07-31,2026,4,2026,3,Marketable,Bonds,912810UP1,2025-12-15,2055-11-15,4.625,null,0,05/15,11/15,null,null,21988.9509,31,07,0,null,720,4.773
2026-07-31,2026-07-31,2026,4,2026,3,Marketable,Bonds,912810UP1,2026-01-15,2055-11-15,4.625,null,0,05/15,11/15,null,null,28403.6901,31,07,0,null,721,4.825
2026-07-31,2026-07-31,2026,4,2026,3,Marketable,Bonds,912810UR7,2026-02-17,2056-02-15,4.75,79988.5481,0,08/15,02/15,null,null,32081.5581,31,07,0,null,722,4.75
2026-07-31,2026-07-31,2026,4,2026,3,Marketable,Bonds,912810UR7,2026-03-16,2056-02-15,4.75,null,0,08/15,02/15,null,null,22005.5705,31,07,0,null,723,4.871
2026-07-31,2026-07-31,2026,4,2026,3,Marketable,Bonds,912810UR7,2026-04-15,2056-02-15,4.75,null,0,08/15,02/15,null,null,25901.4195,31,07,0,null,724,4.876
2026-07-31,2026-07-31,2026,4,2026,3,Marketable,Bonds,912810UU0,2026-05-15,2056-05-15,5,77212.8515,0,11/15,05/15,null,null,30936.2292,31,07,0,null,725,5.046
2026-07-31,2026-07-31,2026,4,2026,3,Marketable,Bonds,912810UU0,2026-06-15,2056-05-15,5,null,0,11/15,05/15,null,null,21999.1624,31,07,0,null,726,5.02
2026-07-31,2026-07-31,2026,4,2026,3,Marketable,Bonds,912810UU0,2026-07-15,2056-05-15,5,null,0,11/15,05/15,null,null,24277.4599,31,07,0,null,727,5.058
2026-07-31,2026-07-31,2026,4,2026,3,Marketable,Bonds,Total Unmatured Treasury Bonds,null,null,null,5488689.9303,0,null,null,null,null,5589591.6303,31,07,-100901.7,null,728,null
2026-07-31,2026-07-31,2026,4,2026,3,Marketable,Bonds,Total Matured Treasury Bonds,null,null,null,27.2727,0,null,null,null,null,27.2727,31,07,0,null,729,null
2026-07-31,2026-07-31,2026,4,2026,3,Marketable,Bonds,Total Treasury Bonds,null,null,null,5488717.203,0,null,null,null,null,5589618.903,31,07,-100901.7,null,730,null
2026-07-31,2026-07-31,2026,4,2026,3,Marketable,Inflation-Protected Securities,91282CDC2,2021-10-29,2026-10-15,0.125,46905.44716613,4296.63074758,04/15,10/15,null,null,18999.0305,31,07,0,null,731,-1.685
2026-07-31,2026-07-31,2026,4,2026,3,Marketable,Inflation-Protected Securities,91282CDC2,2021-12-31,2026-10-15,0.125,null,4354.56761855,04/15,10/15,null,null,19305.2183,31,07,-50,null,732,-1.508
2026-07-31,2026-07-31,2026,4,2026,3,Marketable,Inflation-Protected Securities,912810PS1,2007-01-31,2027-01-15,2.375,27203.50401895,6077.72869485,07/15,01/15,null,null,9188.493,31,07,0,null,733,2.42
2026-07-31,2026-07-31,2026,4,2026,3,Marketable,Inflation-Protected Securities,912810PS1,2007-07-31,2027-01-15,2.375,null,4752.4243241,07/15,01/15,null,null,7293.858,31,07,-109,null,734,2.6
2026-07-31,2026-07-31,2026,4,2026,3,Marketable,Inflation-Protected Securities,912828V49,2017-01-31,2027-01-15,0.375,52465.88390968,5350.74036762,07/15,01/15,null,null,13824.4164,31,07,0,null,735,0.436
2026-07-31,2026-07-31,2026,4,2026,3,Marketable,Inflation-Protected Securities,912828V49,2017-03-31,2027-01-15,0.375,null,4773.00321823,07/15,01/15,null,null,12331.7484,31,07,0,null,736,0.466
2026-07-31,2026-07-31,2026,4,2026,3,Marketable,Inflation-Protected Securities,912828V49,2017-05-31,2027-01-15,0.375,null,4516.62292383,07/15,01/15,null,null,12322.3526,31,07,-653,null,737,0.42
2026-07-31,2026-07-31,2026,4,2026,3,Marketable,Inflation-Protected Securities,91282CEJ6,2022-04-29,2027-04-15,0.125,46718.20852445,3733.06923142,10/15,04/15,null,null,19997.1568,31,07,0,null,738,-0.34
2026-07-31,2026-07-31,2026,4,2026,3,Marketable,Inflation-Protected Securities,91282CEJ6,2022-06-30,2027-04-15,0.125,null,3616.30479303,10/15,04/15,null,null,19371.6777,31,07,0,null,739,0.362
2026-07-31,2026-07-31,2026,4,2026,3,Marketable,Inflation-Protected Securities,9128282L3,2017-07-31,2027-07-15,0.375,50239.13615475,5294.90169761,01/15,07/15,null,null,14321.7703,31,07,0,null,740,0.489
2026-07-31,2026-07-31,2026,4,2026,3,Marketable,Inflation-Protected Securities,9128282L3,2017-09-29,2027-07-15,0.375,null,4066.21513662,01/15,07/15,null,null,10998.391,31,07,0,null,741,0.45
2026-07-31,2026-07-31,2026,4,2026,3,Marketable,Inflation-Protected Securities,9128282L3,2017-11-30,2027-07-15,0.375,null,4199.35292052,01/15,07/15,null,null,11596.5051,31,07,-238,null,742,0.512
2026-07-31,2026-07-31,2026,4,2026,3,Marketable,Inflation-Protected Securities,91282CFR7,2022-10-31,2027-10-15,1.625,45211.13037932,2751.62305187,04/15,10/15,null,null,20993.5382,31,07,0,null,743,1.732
2026-07-31,2026-07-31,2026,4,2026,3,Marketable,Inflation-Protected Securities,91282CFR7,2022-12-30,2027-10-15,1.625,null,2487.50702745,04/15,10/15,null,null,18978.4621,31,07,0,null,744,1.504
2026-07-31,2026-07-31,2026,4,2026,3,Marketable,Inflation-Protected Securities,912810PV4,2008-01-31,2028-01-15,1.75,24758.44324762,5378.626995,07/15,01/15,null,null,8974.25,31,07,0,null,745,1.807
2026-07-31,2026-07-31,2026,4,2026,3,Marketable,Inflation-Protected Securities,912810PV4,2008-07-31,2028-01-15,1.75,null,3899.40355262,07/15,01/15,null,null,6660.1627,31,07,-154,null,746,2.219
2026-07-31,2026-07-31,2026,4,2026,3,Marketable,Inflation-Protected Securities,9128283R9,2018-01-31,2028-01-15,0.5,52481.9432405,5343.06662571,07/15,01/15,null,null,14910.6062,31,07,0,null,747,0.548
2026-07-31,2026-07-31,2026,4,2026,3,Marketable,Inflation-Protected Securities,9128283R9,2018-03-29,2028-01-15,0.5,null,3941.34088091,07/15,01/15,null,null,10998.8862,31,07,0,null,748,0.764
2026-07-31,2026-07-31,2026,4,2026,3,Marketable,Inflation-Protected Securities,9128283R9,2018-05-31,2028-01-15,0.5,null,4560.71193388,07/15,01/15,null,null,12910.3314,31,07,-183,null,749,0.934
2026-07-31,2026-07-31,2026,4,2026,3,Marketable,Inflation-Protected Securities,912810FD5,1998-04-15,2028-04-15,3.625,34629.35433046,8978.6957457,10/15,04/15,null,null,8404.01,31,07,-25,null,750,3.74
2026-07-31,2026-07-31,2026,4,2026,3,Marketable,Inflation-Protected Securities,912810FD5,1998-07-15,2028-04-15,3.625,null,8934.18058476,10/15,04/15,null,null,8404.468,31,07,-67,null,751,3.68
2026-07-31,2026-07-31,2026,4,2026,3,Marketable,Inflation-Protected Securities,91282CGW5,2023-04-28,2028-04-15,1.25,44559.001844,2455.53367999,10/15,04/15,null,null,20980.2946,31,07,0,null,752,1.32
2026-07-31,2026-07-31,2026,4,2026,3,Marketable,Inflation-Protected Securities,91282CGW5,2023-06-30,2028-04-15,1.25,null,2213.22086401,10/15,04/15,null,null,18989.9527,31,07,-80,null,753,1.832
2026-07-31,2026-07-31,2026,4,2026,3,Marketable,Inflation-Protected Securities,912828Y38,2018-07-31,2028-07-15,0.75,48584.41081055,4588.59916494,01/15,07/15,null,null,13705.9027,31,07,0,null,754,0.762
2026-07-31,2026-07-31,2026,4,2026,3,Marketable,Inflation-Protected Securities,912828Y38,2018-09-28,2028-07-15,0.75,null,3682.65565055,01/15,07/15,null,null,10999.8974,31,07,0,null,755,0.91
2026-07-31,2026-07-31,2026,4,2026,3,Marketable,Inflation-Protected Securities,912828Y38,2018-11-30,2028-07-15,0.75,null,3914.61329506,01/15,07/15,null,null,11965.7426,31,07,-273,null,756,1.109
2026-07-31,2026-07-31,2026,4,2026,3,Marketable,Inflation-Protected Securities,91282CJH5,2023-10-31,2028-10-15,2.375,45869.99587968,2065.69090698,04/15,10/15,null,null,21998.8382,31,07,0,null,757,2.44
2026-07-31,2026-07-31,2026,4,2026,3,Marketable,Inflation-Protected Securities,91282CJH5,2023-12-29,2028-10-15,2.375,null,1871.7737727,04/15,10/15,null,null,19998.693,31,07,-65,null,758,1.71
2026-07-31,2026-07-31,2026,4,2026,3,Marketable,Inflation-Protected Securities,912810PZ5,2009-01-30,2029-01-15,2.5,22008.09099829,4484.6287884,07/15,01/15,null,null,7999.98,31,07,0,null,759,2.5
2026-07-31,2026-07-31,2026,4,2026,3,Marketable,Inflation-Protected Securities,912810PZ5,2009-07-31,2029-01-15,2.5,null,3420.95480989,07/15,01/15,null,null,6150.5274,31,07,-48,null,760,2.387
2026-07-31,2026-07-31,2026,4,2026,3,Marketable,Inflation-Protected Securities,9128285W6,2019-01-31,2029-01-15,0.875,47975.78068992,4250.22199433,07/15,01/15,null,null,13000.0061,31,07,0,null,761,0.919
2026-07-31,2026-07-31,2026,4,2026,3,Marketable,Inflation-Protected Securities,9128285W6,2019-03-29,2029-01-15,0.875,null,3596.27484086,07/15,01/15,null,null,10999.8007,31,07,0,null,762,0.578
2026-07-31,2026-07-31,2026,4,2026,3,Marketable,Inflation-Protected Securities,9128285W6,2019-05-31,2029-01-15,0.875,null,3974.08415473,07/15,01/15,null,null,12155.3929,31,07,0,null,763,0.567
2026-07-31,2026-07-31,2026,4,2026,3,Marketable,Inflation-Protected Securities,912810FH6,1999-04-15,2029-04-15,3.875,39278.64569952,7397.52544034,10/15,04/15,null,null,7351.018,31,07,-225.2,null,764,3.899
2026-07-31,2026-07-31,2026,4,2026,3,Marketable,Inflation-Protected Securities,912810FH6,1999-10-15,2029-04-15,3.875,null,7651.30670014,10/15,04/15,null,null,7370.278,31,07,0,null,765,4.138
2026-07-31,2026-07-31,2026,4,2026,3,Marketable,Inflation-Protected Securities,912810FH6,2000-10-16,2029-04-15,3.875,null,4957.90955904,10/15,04/15,null,null,5000.808,31,07,-225,null,766,3.953
2026-07-31,2026-07-31,2026,4,2026,3,Marketable,Inflation-Protected Securities,91282CKL4,2024-04-30,2029-04-15,2.125,46514.53509861,1922.80825674,10/15,04/15,null,null,23099.5706,31,07,0,null,767,2.242
2026-07-31,2026-07-31,2026,4,2026,3,Marketable,Inflation-Protected Securities,91282CKL4,2024-06-28,2029-04-15,2.125,null,1651.53344187,10/15,04/15,null,null,20999.6228,31,07,-1159,null,768,2.05
2026-07-31,2026-07-31,2026,4,2026,3,Marketable,Inflation-Protected Securities,9128287D6,2019-07-31,2029-07-15,0.25,52069.54568196,4510.20444418,01/15,07/15,null,null,14555.6201,31,07,0,null,769,0.282
2026-07-31,2026-07-31,2026,4,2026,3,Marketable,Inflation-Protected Securities,9128287D6,2019-09-30,2029-07-15,0.25,null,4104.57607596,01/15,07/15,null,null,13246.5503,31,07,0,null,770,0.174
2026-07-31,2026-07-31,2026,4,2026,3,Marketable,Inflation-Protected Securities,9128287D6,2019-11-29,2029-07-15,0.25,null,3702.77206182,01/15,07/15,null,null,11999.8227,31,07,-50,null,771,0.149
2026-07-31,2026-07-31,2026,4,2026,3,Marketable,Inflation-Protected Securities,91282CLV1,2024-10-31,2029-10-15,1.625,49359.33767481,1582.15783552,04/15,10/15,null,null,24404.7175,31,07,0,null,772,1.67
2026-07-31,2026-07-31,2026,4,2026,3,Marketable,Inflation-Protected Securities,91282CLV1,2024-12-31,2029-10-15,1.625,null,1422.98463929,04/15,10/15,null,null,22204.4777,31,07,-255,null,773,2.121
2026-07-31,2026-07-31,2026,4,2026,3,Marketable,Inflation-Protected Securities,912828Z37,2020-01-31,2030-01-15,0.125,53391.60406566,4668.78763085,07/15,01/15,null,null,15445.2416,31,07,0,null,774,0.036
2026-07-31,2026-07-31,2026,4,2026,3,Marketable,Inflation-Protected Securities,912828Z37,2020-03-31,2030-01-15,0.125,null,4115.03346276,07/15,01/15,null,null,13613.317,31,07,0,null,775,0.68
2026-07-31,2026-07-31,2026,4,2026,3,Marketable,Inflation-Protected Securities,912828Z37,2020-05-29,2030-01-15,0.125,null,3609.22347205,07/15,01/15,null,null,12000.0009,31,07,-60,null,776,-0.47
2026-07-31,2026-07-31,2026,4,2026,3,Marketable,Inflation-Protected Securities,91282CNB3,2025-04-30,2030-04-15,1.625,54140.4314779,1403.39021314,10/15,04/15,null,null,26710.891,31,07,0,null,777,1.702
2026-07-31,2026-07-31,2026,4,2026,3,Marketable,Inflation-Protected Securities,91282CNB3,2025-06-30,2030-04-15,1.625,null,1299.15626476,10/15,04/15,null,null,25287.994,31,07,-561,null,778,1.65
2026-07-31,2026-07-31,2026,4,2026,3,Marketable,Inflation-Protected Securities,912828ZZ6,2020-07-31,2030-07-15,0.125,54862.66194738,4783.2397549,01/15,07/15,null,null,15590.2342,31,07,0,null,779,-0.93
2026-07-31,2026-07-31,2026,4,2026,3,Marketable,Inflation-Protected Securities,912828ZZ6,2020-09-30,2030-07-15,0.125,null,4185.5903506,01/15,07/15,null,null,13642.2879,31,07,0,null,780,-0.966
2026-07-31,2026-07-31,2026,4,2026,3,Marketable,Inflation-Protected Securities,912828ZZ6,2020-11-30,2030-07-15,0.125,null,3911.70594188,01/15,07/15,null,null,13664.6038,31,07,-915,null,781,-0.867
2026-07-31,2026-07-31,2026,4,2026,3,Marketable,Inflation-Protected Securities,91282CPH8,2025-10-31,2030-10-15,1.125,55913.30775244,984.41789878,04/15,10/15,null,null,27482.3534,31,07,0,null,782,1.182
2026-07-31,2026-07-31,2026,4,2026,3,Marketable,Inflation-Protected Securities,91282CPH8,2025-12-31,2030-10-15,1.125,null,949.13685366,04/15,10/15,null,null,26557.3996,31,07,-60,null,783,1.433
2026-07-31,2026-07-31,2026,4,2026,3,Marketable,Inflation-Protected Securities,91282CBF7,2021-01-29,2031-01-15,0.125,55259.17777321,4306.43262902,07/15,01/15,null,null,14999.2429,31,07,0,null,784,-0.987
2026-07-31,2026-07-31,2026,4,2026,3,Marketable,Inflation-Protected Securities,91282CBF7,2021-03-31,2031-01-15,0.125,null,4402.4452851,07/15,01/15,null,null,15333.6536,31,07,0,null,785,-0.58
2026-07-31,2026-07-31,2026,4,2026,3,Marketable,Inflation-Protected Securities,91282CBF7,2021-05-28,2031-01-15,0.125,null,3617.54525909,07/15,01/15,null,null,12999.8581,31,07,-400,null,786,-0.805
2026-07-31,2026-07-31,2026,4,2026,3,Marketable,Inflation-Protected Securities,91282CQP9,2026-04-30,2031-04-15,1.25,58449.7520276,816.09996421,10/15,04/15,null,null,29271.8782,31,07,0,null,787,1.367
2026-07-31,2026-07-31,2026,4,2026,3,Marketable,Inflation-Protected Securities,91282CQP9,2026-06-30,2031-04-15,1.25,null,769.27876339,10/15,04/15,null,null,27592.4951,31,07,0,null,788,1.955
2026-07-31,2026-07-31,2026,4,2026,3,Marketable,Inflation-Protected Securities,91282CCM1,2021-07-30,2031-07-15,0.125,57406.83185668,4001.6847419,01/15,07/15,null,null,15999.6991,31,07,0,null,789,-1.016
2026-07-31,2026-07-31,2026,4,2026,3,Marketable,Inflation-Protected Securities,91282CCM1,2021-09-30,2031-07-15,0.125,null,3923.03835271,01/15,07/15,null,null,15685.2519,31,07,0,null,790,-0.939
2026-07-31,2026-07-31,2026,4,2026,3,Marketable,Inflation-Protected Securities,91282CCM1,2021-11-30,2031-07-15,0.125,null,3560.68436207,01/15,07/15,null,null,15153.4734,31,07,-917,null,791,-1.145
2026-07-31,2026-07-31,2026,4,2026,3,Marketable,Inflation-Protected Securities,91282CDX6,2022-01-31,2032-01-15,0.125,60575.29803945,3838.05350213,07/15,01/15,null,null,18390.2899,31,07,0,null,792,-0.54
2026-07-31,2026-07-31,2026,4,2026,3,Marketable,Inflation-Protected Securities,91282CDX6,2022-03-31,2032-01-15,0.125,null,3465.56695259,07/15,01/15,null,null,16605.4957,31,07,0,null,793,-0.589
2026-07-31,2026-07-31,2026,4,2026,3,Marketable,Inflation-Protected Securities,91282CDX6,2022-05-31,2032-01-15,0.125,null,3155.60408473,07/15,01/15,null,null,16104.2879,31,07,-984,null,794,0.232
2026-07-31,2026-07-31,2026,4,2026,3,Marketable,Inflation-Protected Securities,912810FQ6,2001-10-15,2032-04-15,3.375,9461.24515305,4449.01015305,04/15,10/15,null,null,5012.235,31,07,0,null,795,3.465
2026-07-31,2026-07-31,2026,4,2026,3,Marketable,Inflation-Protected Securities,91282CEZ0,2022-07-29,2032-07-15,0.625,54850.73351165,2603.21387963,01/15,07/15,null,null,16994.4763,31,07,0,null,796,0.63
2026-07-31,2026-07-31,2026,4,2026,3,Marketable,Inflation-Protected Securities,91282CEZ0,2022-09-30,2032-07-15,0.625,null,2296.14321634,01/15,07/15,null,null,14989.8369,31,07,0,null,797,1.248
2026-07-31,2026-07-31,2026,4,2026,3,Marketable,Inflation-Protected Securities,91282CEZ0,2022-11-30,2032-07-15,0.625,null,2386.61331568,01/15,07/15,null,null,16620.4499,31,07,-1040,null,798,1.485
2026-07-31,2026-07-31,2026,4,2026,3,Marketable,Inflation-Protected Securities,91282CGK1,2023-01-31,2033-01-15,1.125,55618.67758665,2120.4776923,07/15,01/15,null,null,16989.6458,31,07,0,null,799,1.22
2026-07-31,2026-07-31,2026,4,2026,3,Marketable,Inflation-Protected Securities,91282CGK1,2023-03-31,2033-01-15,1.125,null,1872.10777678,07/15,01/15,null,null,14999.6617,31,07,0,null,800,1.182
2026-07-31,2026-07-31,2026,4,2026,3,Marketable,Inflation-Protected Securities,91282CGK1,2023-05-31,2033-01-15,1.125,null,2178.91651757,07/15,01/15,null,null,17816.8681,31,07,-359,null,801,1.395
2026-07-31,2026-07-31,2026,4,2026,3,Marketable,Inflation-Protected Securities,91282CHP9,2023-07-31,2033-07-15,1.375,51550.63139851,1740.09678946,01/15,07/15,null,null,16859.7693,31,07,0,null,802,1.495
2026-07-31,2026-07-31,2026,4,2026,3,Marketable,Inflation-Protected Securities,91282CHP9,2023-09-29,2033-07-15,1.375,null,1547.11572227,01/15,07/15,null,null,14989.9789,31,07,0,null,803,2.094
2026-07-31,2026-07-31,2026,4,2026,3,Marketable,Inflation-Protected Securities,91282CHP9,2023-11-30,2033-07-15,1.375,null,1535.56888678,01/15,07/15,null,null,15163.1018,31,07,-285,null,804,2.18
2026-07-31,2026-07-31,2026,4,2026,3,Marketable,Inflation-Protected Securities,91282CJY8,2024-01-31,2034-01-15,1.75,55478.30988,1619.978706,07/15,01/15,null,null,17999.7634,31,07,0,null,805,1.81
2026-07-31,2026-07-31,2026,4,2026,3,Marketable,Inflation-Protected Securities,91282CJY8,2024-03-28,2034-01-15,1.75,null,1439.918046,07/15,01/15,null,null,15999.0894,31,07,0,null,806,1.932
2026-07-31,2026-07-31,2026,4,2026,3,Marketable,Inflation-Protected Securities,91282CJY8,2024-05-31,2034-01-15,1.75,null,1520.881128,07/15,01/15,null,null,16948.6792,31,07,-50,null,807,2.184
2026-07-31,2026-07-31,2026,4,2026,3,Marketable,Inflation-Protected Securities,91282CLE9,2024-07-31,2034-07-15,1.875,58014.18466066,1357.66059146,01/15,07/15,null,null,20027.4464,31,07,0,null,808,1.883
2026-07-31,2026-07-31,2026,4,2026,3,Marketable,Inflation-Protected Securities,91282CLE9,2024-09-30,2034-07-15,1.875,null,1176.20215656,01/15,07/15,null,null,17350.6735,31,07,0,null,809,1.592
2026-07-31,2026-07-31,2026,4,2026,3,Marketable,Inflation-Protected Securities,91282CLE9,2024-11-29,2034-07-15,1.875,null,1149.24121264,01/15,07/15,null,null,16989.9608,31,07,-37,null,810,2.071
2026-07-31,2026-07-31,2026,4,2026,3,Marketable,Inflation-Protected Securities,91282CML2,2025-01-31,2035-01-15,2.125,61039.94213071,1302.31043406,07/15,01/15,null,null,21110.5598,31,07,0,null,811,2.243
2026-07-31,2026-07-31,2026,4,2026,3,Marketable,Inflation-Protected Securities,91282CML2,2025-03-31,2035-01-15,2.125,null,1143.19746393,07/15,01/15,null,null,18531.3254,31,07,0,null,812,1.935
2026-07-31,2026-07-31,2026,4,2026,3,Marketable,Inflation-Protected Securities,91282CML2,2025-05-30,2035-01-15,2.125,null,1101.24683272,07/15,01/15,null,null,17983.3022,31,07,-132,null,813,2.22
2026-07-31,2026-07-31,2026,4,2026,3,Marketable,Inflation-Protected Securities,91282CNS6,2025-07-31,2035-07-15,1.875,64003.43698907,975.02967003,01/15,07/15,null,null,22429.9441,31,07,0,null,814,1.985
2026-07-31,2026-07-31,2026,4,2026,3,Marketable,Inflation-Protected Securities,91282CNS6,2025-09-30,2035-07-15,1.875,null,871.52349211,01/15,07/15,null,null,20048.8496,31,07,0,null,815,1.734
2026-07-31,2026-07-31,2026,4,2026,3,Marketable,Inflation-Protected Securities,91282CNS6,2025-11-28,2035-07-15,1.875,null,819.77112693,01/15,07/15,null,null,18996.319,31,07,-138,null,816,1.843
2026-07-31,2026-07-31,2026,4,2026,3,Marketable,Inflation-Protected Securities,912810TY4,2024-08-30,2054-02-15,2.125,null,726.01018404,08/15,02/15,null,null,7989.6428,31,07,-75,null,858,2.055
2026-07-31,2026-07-31,2026,4,2026,3,Marketable,Inflation-Protected Securities,91282CPU9,2026-01-30,2036-01-15,1.875,62861.10148378,654.14287912,07/15,01/15,null,null,20999.7714,31,07,0,null,817,1.94
2026-07-31,2026-07-31,2026,4,2026,3,Marketable,Inflation-Protected Securities,91282CPU9,2026-03-31,2036-01-15,1.875,null,652.97436162,07/15,01/15,null,null,20962.2588,31,07,0,null,818,1.896
2026-07-31,2026-07-31,2026,4,2026,3,Marketable,Inflation-Protected Securities,91282CPU9,2026-05-29,2036-01-15,1.875,null,591.85314304,07/15,01/15,null,null,19000.1009,31,07,0,null,819,2.169
2026-07-31,2026-07-31,2026,4,2026,3,Marketable,Inflation-Protected Securities,91282CRE3,2026-07-31,2036-07-15,2.375,23397.25374176,75.79474176,01/15,07/15,null,null,23321.459,31,07,0,null,820,2.438
2026-07-31,2026-07-31,2026,4,2026,3,Marketable,Inflation-Protected Securities,912810QF8,2010-02-26,2040-02-15,2.125,23246.93348542,4401.40814458,08/15,02/15,null,null,7999.9421,31,07,0,null,821,2.229
2026-07-31,2026-07-31,2026,4,2026,3,Marketable,Inflation-Protected Securities,912810QF8,2010-08-31,2040-02-15,2.125,null,3849.24524084,08/15,02/15,null,null,7171.338,31,07,-175,null,822,1.768
2026-07-31,2026-07-31,2026,4,2026,3,Marketable,Inflation-Protected Securities,912810QP6,2011-02-28,2041-02-15,2.125,36665.925363,5032.062104,08/15,02/15,null,null,9494.4568,31,07,0,null,823,2.19
2026-07-31,2026-07-31,2026,4,2026,3,Marketable,Inflation-Protected Securities,912810QP6,2011-06-30,2041-02-15,2.125,null,3829.253551,08/15,02/15,null,null,7225.0067,31,07,0,null,824,1.744
2026-07-31,2026-07-31,2026,4,2026,3,Marketable,Inflation-Protected Securities,912810QP6,2011-10-31,2041-02-15,2.125,null,3839.952608,08/15,02/15,null,null,7265.1936,31,07,-20,null,825,0.999
2026-07-31,2026-07-31,2026,4,2026,3,Marketable,Inflation-Protected Securities,912810QV3,2012-02-29,2042-02-15,0.75,33621.99578276,4406.80281772,08/15,02/15,null,null,9127.5949,31,07,0,null,826,0.77
2026-07-31,2026-07-31,2026,4,2026,3,Marketable,Inflation-Protected Securities,912810QV3,2012-06-29,2042-02-15,0.75,null,3379.60661436,08/15,02/15,null,null,7000.0137,31,07,0,null,827,0.52
2026-07-31,2026-07-31,2026,4,2026,3,Marketable,Inflation-Protected Securities,912810QV3,2012-10-31,2042-02-15,0.75,null,3160.91965068,08/15,02/15,null,null,7000.0581,31,07,-453,null,828,0.479
2026-07-31,2026-07-31,2026,4,2026,3,Marketable,Inflation-Protected Securities,912810RA8,2013-02-28,2043-02-15,0.625,33446.89723359,4115.98893347,08/15,02/15,null,null,9000.0414,31,07,0,null,829,0.639
2026-07-31,2026-07-31,2026,4,2026,3,Marketable,Inflation-Protected Securities,912810RA8,2013-06-28,2043-02-15,0.625,null,3201.30853654,08/15,02/15,null,null,6999.9968,31,07,0,null,830,1.42
2026-07-31,2026-07-31,2026,4,2026,3,Marketable,Inflation-Protected Securities,912810RA8,2013-10-31,2043-02-15,0.625,null,3178.79436358,08/15,02/15,null,null,6999.7672,31,07,-49,null,831,1.33
2026-07-31,2026-07-31,2026,4,2026,3,Marketable,Inflation-Protected Securities,912810RF7,2014-02-28,2044-02-15,1.375,32945.98169592,3949.83977565,08/15,02/15,null,null,9025.3171,31,07,0,null,832,1.495
2026-07-31,2026-07-31,2026,4,2026,3,Marketable,Inflation-Protected Securities,912810RF7,2014-06-30,2044-02-15,1.375,null,3063.2178974,08/15,02/15,null,null,6999.4011,31,07,0,null,833,1.116
2026-07-31,2026-07-31,2026,4,2026,3,Marketable,Inflation-Protected Securities,912810RF7,2014-10-31,2044-02-15,1.375,null,3016.21212287,08/15,02/15,null,null,6992.9937,31,07,-101,null,834,0.985
2026-07-31,2026-07-31,2026,4,2026,3,Marketable,Inflation-Protected Securities,912810RL4,2015-02-27,2045-02-15,0.75,32547.68379007,3805.65059199,08/15,02/15,null,null,9000.0014,31,07,0,null,835,0.842
2026-07-31,2026-07-31,2026,4,2026,3,Marketable,Inflation-Protected Securities,912810RL4,2015-06-30,2045-02-15,0.75,null,2959.9463635,08/15,02/15,null,null,6999.9914,31,07,0,null,836,1.142
2026-07-31,2026-07-31,2026,4,2026,3,Marketable,Inflation-Protected Securities,912810RL4,2015-10-30,2045-02-15,0.75,null,2907.09383458,08/15,02/15,null,null,7000.0002,31,07,-125,null,837,1.2
2026-07-31,2026-07-31,2026,4,2026,3,Marketable,Inflation-Protected Securities,912810RR1,2016-02-29,2046-02-15,1,28642.97062866,3869.91188431,08/15,02/15,null,null,9346.033,31,07,0,null,838,1.12
2026-07-31,2026-07-31,2026,4,2026,3,Marketable,Inflation-Protected Securities,912810RR1,2016-06-30,2046-02-15,1,null,2372.3726166,08/15,02/15,null,null,5729.3999,31,07,0,null,839,0.905
2026-07-31,2026-07-31,2026,4,2026,3,Marketable,Inflation-Protected Securities,912810RR1,2016-10-31,2046-02-15,1,null,2144.99112775,08/15,02/15,null,null,5302.2621,31,07,-122,null,840,0.666
2026-07-31,2026-07-31,2026,4,2026,3,Marketable,Inflation-Protected Securities,912810RW0,2017-02-28,2047-02-15,0.875,25817.42627676,3091.88426368,08/15,02/15,null,null,7968.5685,31,07,0,null,841,0.923
2026-07-31,2026-07-31,2026,4,2026,3,Marketable,Inflation-Protected Securities,912810RW0,2017-06-30,2047-02-15,0.875,null,2175.83545118,08/15,02/15,null,null,5607.6788,31,07,0,null,842,0.88
2026-07-31,2026-07-31,2026,4,2026,3,Marketable,Inflation-Protected Securities,912810RW0,2017-10-31,2047-02-15,0.875,null,1949.3893619,08/15,02/15,null,null,5125.0699,31,07,-101,null,843,0.908
2026-07-31,2026-07-31,2026,4,2026,3,Marketable,Inflation-Protected Securities,912810SB5,2018-02-28,2048-02-15,1,25275.65795885,3123.22297859,08/15,02/15,null,null,8706.5761,31,07,0,null,844,1.003
2026-07-31,2026-07-31,2026,4,2026,3,Marketable,Inflation-Protected Securities,912810SB5,2018-06-29,2048-02-15,1,null,1793.5898841,08/15,02/15,null,null,4999.9718,31,07,0,null,845,0.934
2026-07-31,2026-07-31,2026,4,2026,3,Marketable,Inflation-Protected Securities,912810SB5,2018-10-31,2048-02-15,1,null,1756.29419616,08/15,02/15,null,null,5000.003,31,07,-104,null,846,1.235
2026-07-31,2026-07-31,2026,4,2026,3,Marketable,Inflation-Protected Securities,912810SG4,2019-02-28,2049-02-15,1,20021.93664156,2779.71158206,08/15,02/15,null,null,8385.0007,31,07,0,null,847,1.093
2026-07-31,2026-07-31,2026,4,2026,3,Marketable,Inflation-Protected Securities,912810SG4,2019-08-30,2049-02-15,1,null,2205.2094595,08/15,02/15,null,null,7000.0149,31,07,-348,null,848,0.501
2026-07-31,2026-07-31,2026,4,2026,3,Marketable,Inflation-Protected Securities,912810SM1,2020-02-28,2050-02-15,0.25,20136.27580119,2425.84069743,08/15,02/15,null,null,8000.0023,31,07,0,null,849,0.261
2026-07-31,2026-07-31,2026,4,2026,3,Marketable,Inflation-Protected Securities,912810SM1,2020-08-31,2050-02-15,0.25,null,2259.38210376,08/15,02/15,null,null,7608.0507,31,07,-157,null,850,-0.272
2026-07-31,2026-07-31,2026,4,2026,3,Marketable,Inflation-Protected Securities,912810SV1,2021-02-26,2051-02-15,0.125,22558.6475759,2580.93391535,08/15,02/15,null,null,8994.995,31,07,0,null,851,-0.04
2026-07-31,2026-07-31,2026,4,2026,3,Marketable,Inflation-Protected Securities,912810SV1,2021-08-31,2051-02-15,0.125,null,2448.67356055,08/15,02/15,null,null,9004.0451,31,07,-470,null,852,-0.292
2026-07-31,2026-07-31,2026,4,2026,3,Marketable,Inflation-Protected Securities,912810TE8,2022-02-28,2052-02-15,0.125,23558.24396632,2145.18548277,08/15,02/15,null,null,10535.757,31,07,0,null,853,0.195
2026-07-31,2026-07-31,2026,4,2026,3,Marketable,Inflation-Protected Securities,912810TE8,2022-08-31,2052-02-15,0.125,null,1840.07058355,08/15,02/15,null,null,9041.2309,31,07,-4,null,854,0.92
2026-07-31,2026-07-31,2026,4,2026,3,Marketable,Inflation-Protected Securities,912810TP3,2023-02-28,2053-02-15,1.5,21400.38086263,1404.33298157,08/15,02/15,null,null,11042.9581,31,07,0,null,855,1.55
2026-07-31,2026-07-31,2026,4,2026,3,Marketable,Inflation-Protected Securities,912810TP3,2023-08-31,2053-02-15,1.5,null,1010.10888106,08/15,02/15,null,null,8820.9809,31,07,-878,null,856,1.97
2026-07-31,2026-07-31,2026,4,2026,3,Marketable,Inflation-Protected Securities,912810TY4,2024-02-29,2054-02-15,2.125,18879.59355696,860.30247292,08/15,02/15,null,null,9378.6381,31,07,0,null,857,2.2
2026-07-31,2026-07-31,2026,4,2026,3,Marketable,Inflation-Protected Securities,912810UH9,2025-02-28,2055-02-15,2.375,19012.93331125,612.44437254,08/15,02/15,null,null,9906.897,31,07,0,null,859,2.403
2026-07-31,2026-07-31,2026,4,2026,3,Marketable,Inflation-Protected Securities,912810UH9,2025-08-29,2055-02-15,2.375,null,494.50363871,08/15,02/15,null,null,7999.0883,31,07,0,null,860,2.65
2026-07-31,2026-07-31,2026,4,2026,3,Marketable,Inflation-Protected Securities,912810US5,2026-02-27,2056-02-15,2.375,9304.51988701,304.55868701,08/15,02/15,null,null,8999.9612,31,07,0,null,861,2.473
2026-07-31,2026-07-31,2026,4,2026,3,Marketable,Inflation-Protected Securities,Total Treasury TIPS,null,null,null,2150190.98064321,394147.91764321,null,null,null,null,1769022.263,31,07,-12979.2,null,862,null
2026-07-31,2026-07-31,2026,4,2026,3,Marketable,Floating Rate Notes,91282CLT6,2024-10-31,2026-10-31,null,86502.1034,0,01/31,04/30,07/31,10/31,30504.0418,31,07,0,null,863,0.205
2026-07-31,2026-07-31,2026,4,2026,3,Marketable,Floating Rate Notes,91282CLT6,2024-11-29,2026-10-31,null,null,0,01/31,04/30,07/31,10/31,27999.8308,31,07,0,null,864,0.17
2026-07-31,2026-07-31,2026,4,2026,3,Marketable,Floating Rate Notes,91282CLT6,2024-12-27,2026-10-31,null,null,0,01/31,04/30,07/31,10/31,27998.2308,31,07,0,null,865,0.14
2026-07-31,2026-07-31,2026,4,2026,3,Marketable,Floating Rate Notes,91282CMJ7,2025-01-31,2027-01-31,null,90485.8761,0,04/30,07/31,10/31,01/31,31665.7578,31,07,0,null,866,0.098
2026-07-31,2026-07-31,2026,4,2026,3,Marketable,Floating Rate Notes,91282CMJ7,2025-02-28,2027-01-31,null,null,0,04/30,07/31,10/31,01/31,30821.6126,31,07,0,null,867,0.09
2026-07-31,2026-07-31,2026,4,2026,3,Marketable,Floating Rate Notes,91282CMJ7,2025-03-28,2027-01-31,null,null,0,04/30,07/31,10/31,01/31,27998.5057,31,07,0,null,868,0.105
2026-07-31,2026-07-31,2026,4,2026,3,Marketable,Floating Rate Notes,91282CMX6,2025-04-30,2027-04-30,null,88044.1355,0,07/31,10/31,01/31,04/30,32054.4308,31,07,0,null,869,0.16
2026-07-31,2026-07-31,2026,4,2026,3,Marketable,Floating Rate Notes,91282CMX6,2025-05-30,2027-04-30,null,null,0,07/31,10/31,01/31,04/30,27989.8686,31,07,0,null,870,0.144
2026-07-31,2026-07-31,2026,4,2026,3,Marketable,Floating Rate Notes,91282CMX6,2025-06-27,2027-04-30,null,null,0,07/31,10/31,01/31,04/30,27999.8361,31,07,0,null,871,0.157
2026-07-31,2026-07-31,2026,4,2026,3,Marketable,Floating Rate Notes,91282CNQ0,2025-07-31,2027-07-31,null,88040.9173,0,10/31,01/31,04/30,07/31,32042.8178,31,07,0,null,872,0.159
2026-07-31,2026-07-31,2026,4,2026,3,Marketable,Floating Rate Notes,91282CNQ0,2025-08-29,2027-07-31,null,null,0,10/31,01/31,04/30,07/31,27999.9758,31,07,0,null,873,0.195
2026-07-31,2026-07-31,2026,4,2026,3,Marketable,Floating Rate Notes,91282CNQ0,2025-09-26,2027-07-31,null,null,0,10/31,01/31,04/30,07/31,27998.1237,31,07,0,null,874,0.2
2026-07-31,2026-07-31,2026,4,2026,3,Marketable,Floating Rate Notes,91282CPG0,2025-10-31,2027-10-31,null,87722.0301,0,01/31,04/30,07/31,10/31,31722.3762,31,07,0,null,875,0.19
2026-07-31,2026-07-31,2026,4,2026,3,Marketable,Floating Rate Notes,91282CPG0,2025-11-28,2027-10-31,null,null,0,01/31,04/30,07/31,10/31,27999.9308,31,07,0,null,876,0.168
2026-07-31,2026-07-31,2026,4,2026,3,Marketable,Floating Rate Notes,91282CPG0,2025-12-26,2027-10-31,null,null,0,01/31,04/30,07/31,10/31,27999.7231,31,07,0,null,877,0.139
2026-07-31,2026-07-31,2026,4,2026,3,Marketable,Floating Rate Notes,91282CPX3,2026-02-02,2028-01-31,null,88107.3578,0,04/30,07/31,10/31,01/31,32113.6599,31,07,0,null,878,0.099
2026-07-31,2026-07-31,2026,4,2026,3,Marketable,Floating Rate Notes,91282CPX3,2026-02-27,2028-01-31,null,null,0,04/30,07/31,10/31,01/31,27998.8717,31,07,0,null,879,0.099
2026-07-31,2026-07-31,2026,4,2026,3,Marketable,Floating Rate Notes,91282CPX3,2026-03-27,2028-01-31,null,null,0,04/30,07/31,10/31,01/31,27994.8262,31,07,0,null,880,0.115
2026-07-31,2026-07-31,2026,4,2026,3,Marketable,Floating Rate Notes,91282CQM6,2026-04-30,2028-04-30,null,89756.8559,0,07/31,10/31,01/31,04/30,33775.5466,31,07,0,null,881,0.103
2026-07-31,2026-07-31,2026,4,2026,3,Marketable,Floating Rate Notes,91282CQM6,2026-05-29,2028-04-30,null,null,0,07/31,10/31,01/31,04/30,27995.6914,31,07,0,null,882,0.089
2026-07-31,2026-07-31,2026,4,2026,3,Marketable,Floating Rate Notes,91282CQM6,2026-06-26,2028-04-30,null,null,0,07/31,10/31,01/31,04/30,27985.6179,31,07,0,null,883,0.079
2026-07-31,2026-07-31,2026,4,2026,3,Marketable,Floating Rate Notes,91282CRD5,2026-07-31,2028-07-31,null,33316.7287,0,10/31,01/31,04/30,07/31,33316.7287,31,07,0,null,884,0.05
2026-07-31,2026-07-31,2026,4,2026,3,Marketable,Floating Rate Notes,Total Treasury Floating Rate Notes,null,null,null,651976.0048,0,null,null,null,null,651976.0048,31,07,0,null,885,null
2026-07-31,2026-07-31,2026,4,2026,3,Marketable,Federal Financing Bank,null,null,null,null,3590.9655,0,null,null,null,null,3590.9655,31,07,0,null,886,null
2026-07-31,2026-07-31,2026,4,2026,3,Marketable,Total Marketable,null,null,null,null,31455078.3191432,394147.91764321,null,null,null,null,31369241.3015,31,07,-308310.9,null,887,null
